Command line invocation:
    /Applications/Xcode_15.4.app/Contents/Developer/usr/bin/xcodebuild archive -workspace Potatso.xcworkspace -scheme Potatso -configuration Release -sdk iphoneos -destination generic/platform=iOS -archivePath /Users/runner/work/_temp/build/Potatso.xcarchive -derivedDataPath /Users/runner/work/_temp/build/DerivedData CODE_SIGNING_ALLOWED=NO CODE_SIGNING_REQUIRED=NO CODE_SIGN_IDENTITY= CODE_SIGN_ENTITLEMENTS= DEVELOPMENT_TEAM= PROVISIONING_PROFILE_SPECIFIER= ENABLE_BITCODE=NO ONLY_ACTIVE_ARCH=NO

User defaults from command line:
    IDEArchivePathOverride = /Users/runner/work/_temp/build/Potatso.xcarchive
    IDEDerivedDataPathOverride = /Users/runner/work/_temp/build/DerivedData
    IDEPackageSupportUseBuiltinSCM = YES

Build settings from command line:
    CODE_SIGN_ENTITLEMENTS = 
    CODE_SIGN_IDENTITY = 
    CODE_SIGNING_ALLOWED = NO
    CODE_SIGNING_REQUIRED = NO
    DEVELOPMENT_TEAM = 
    ENABLE_BITCODE = NO
    ONLY_ACTIVE_ARCH = NO
    PROVISIONING_PROFILE_SPECIFIER = 
    SDKROOT = iphoneos17.5

Prepare packages

note: Using codesigning identity override: 
ComputeTargetDependencyGraph
note: Building targets in dependency order
note: Target dependency graph (39 targets)
    Target 'Potatso' in project 'Potatso'
        ➜ Explicit dependency on target 'PacketTunnel' in project 'Potatso'
        ➜ Explicit dependency on target 'PotatsoLibrary' in project 'Potatso'
        ➜ Explicit dependency on target 'PacketProcessor' in project 'Potatso'
        ➜ Explicit dependency on target 'PotatsoModel' in project 'Potatso'
        ➜ Explicit dependency on target 'PotatsoBase' in project 'Potatso'
        ➜ Explicit dependency on target 'TodayWidget' in project 'Potatso'
        ➜ Implicit dependency on target 'ShadowPath' in project 'ShadowPath' via file 'ShadowPath.framework' in build phase 'Link Binary'
        ➜ Implicit dependency on target 'Pods-Potatso' in project 'Pods' via file 'Pods_Potatso.framework' in build phase 'Link Binary'
        ➜ Implicit dependency on target 'Alamofire' in project 'Pods' via options '-framework Alamofire' in build setting 'OTHER_LDFLAGS'
        ➜ Implicit dependency on target 'Appirater' in project 'Pods' via options '-framework Appirater' in build setting 'OTHER_LDFLAGS'
        ➜ Implicit dependency on target 'Aspects' in project 'Pods' via options '-framework Aspects' in build setting 'OTHER_LDFLAGS'
        ➜ Implicit dependency on target 'AsyncSwift' in project 'Pods' via options '-framework Async' in build setting 'OTHER_LDFLAGS'
        ➜ Implicit dependency on target 'CallbackURLKit' in project 'Pods' via options '-framework CallbackURLKit' in build setting 'OTHER_LDFLAGS'
        ➜ Implicit dependency on target 'Cartography' in project 'Pods' via options '-framework Cartography' in build setting 'OTHER_LDFLAGS'
        ➜ Implicit dependency on target 'CocoaAsyncSocket' in project 'Pods' via options '-framework CocoaAsyncSocket' in build setting 'OTHER_LDFLAGS'
        ➜ Implicit dependency on target 'CocoaLumberjack' in project 'Pods' via options '-framework CocoaLumberjack' in build setting 'OTHER_LDFLAGS'
        ➜ Implicit dependency on target 'Eureka' in project 'Pods' via options '-framework Eureka' in build setting 'OTHER_LDFLAGS'
        ➜ Implicit dependency on target 'ICDMaterialActivityIndicatorView' in project 'Pods' via options '-framework ICDMaterialActivityIndicatorView' in build setting 'OTHER_LDFLAGS'
        ➜ Implicit dependency on target 'ICSMainFramework' in project 'Pods' via options '-framework ICSMainFramework' in build setting 'OTHER_LDFLAGS'
        ➜ Implicit dependency on target 'ICSPullToRefresh' in project 'Pods' via options '-framework ICSPullToRefresh' in build setting 'OTHER_LDFLAGS'
        ➜ Implicit dependency on target 'ISO8601DateFormatter' in project 'Pods' via options '-framework ISO8601DateFormatter' in build setting 'OTHER_LDFLAGS'
        ➜ Implicit dependency on target 'KeychainAccess' in project 'Pods' via options '-framework KeychainAccess' in build setting 'OTHER_LDFLAGS'
        ➜ Implicit dependency on target 'KissXML' in project 'Pods' via options '-framework KissXML' in build setting 'OTHER_LDFLAGS'
        ➜ Implicit dependency on target 'LibYAML' in project 'Pods' via options '-framework LibYAML' in build setting 'OTHER_LDFLAGS'
        ➜ Implicit dependency on target 'MBProgressHUD' in project 'Pods' via options '-framework MBProgressHUD' in build setting 'OTHER_LDFLAGS'
        ➜ Implicit dependency on target 'MMWormhole' in project 'Pods' via options '-framework MMWormhole' in build setting 'OTHER_LDFLAGS'
        ➜ Implicit dependency on target 'ObjectMapper' in project 'Pods' via options '-framework ObjectMapper' in build setting 'OTHER_LDFLAGS'
        ➜ Implicit dependency on target 'PSOperations' in project 'Pods' via options '-framework PSOperations' in build setting 'OTHER_LDFLAGS'
        ➜ Implicit dependency on target 'Realm' in project 'Pods' via options '-framework Realm' in build setting 'OTHER_LDFLAGS'
        ➜ Implicit dependency on target 'RealmSwift' in project 'Pods' via options '-framework RealmSwift' in build setting 'OTHER_LDFLAGS'
        ➜ Implicit dependency on target 'SwiftColor' in project 'Pods' via options '-framework SwiftColor' in build setting 'OTHER_LDFLAGS'
        ➜ Implicit dependency on target 'YAML-Framework' in project 'Pods' via options '-framework YAML_Framework' in build setting 'OTHER_LDFLAGS'
    Target 'Pods-Potatso' in project 'Pods'
        ➜ Explicit dependency on target 'Alamofire' in project 'Pods'
        ➜ Explicit dependency on target 'Appirater' in project 'Pods'
        ➜ Explicit dependency on target 'Aspects' in project 'Pods'
        ➜ Explicit dependency on target 'AsyncSwift' in project 'Pods'
        ➜ Explicit dependency on target 'CallbackURLKit' in project 'Pods'
        ➜ Explicit dependency on target 'Cartography' in project 'Pods'
        ➜ Explicit dependency on target 'CocoaAsyncSocket' in project 'Pods'
        ➜ Explicit dependency on target 'CocoaLumberjack' in project 'Pods'
        ➜ Explicit dependency on target 'Eureka' in project 'Pods'
        ➜ Explicit dependency on target 'ICDMaterialActivityIndicatorView' in project 'Pods'
        ➜ Explicit dependency on target 'ICSMainFramework' in project 'Pods'
        ➜ Explicit dependency on target 'ICSPullToRefresh' in project 'Pods'
        ➜ Explicit dependency on target 'ISO8601DateFormatter' in project 'Pods'
        ➜ Explicit dependency on target 'KeychainAccess' in project 'Pods'
        ➜ Explicit dependency on target 'KissXML' in project 'Pods'
        ➜ Explicit dependency on target 'LibYAML' in project 'Pods'
        ➜ Explicit dependency on target 'MBProgressHUD' in project 'Pods'
        ➜ Explicit dependency on target 'MMWormhole' in project 'Pods'
        ➜ Explicit dependency on target 'ObjectMapper' in project 'Pods'
        ➜ Explicit dependency on target 'PSOperations' in project 'Pods'
        ➜ Explicit dependency on target 'Realm' in project 'Pods'
        ➜ Explicit dependency on target 'RealmSwift' in project 'Pods'
        ➜ Explicit dependency on target 'SwiftColor' in project 'Pods'
        ➜ Explicit dependency on target 'YAML-Framework' in project 'Pods'
    Target 'PSOperations' in project 'Pods' (no dependencies)
    Target 'ObjectMapper' in project 'Pods' (no dependencies)
    Target 'MBProgressHUD' in project 'Pods' (no dependencies)
    Target 'ISO8601DateFormatter' in project 'Pods' (no dependencies)
    Target 'ICSPullToRefresh' in project 'Pods' (no dependencies)
    Target 'ICDMaterialActivityIndicatorView' in project 'Pods' (no dependencies)
    Target 'Eureka' in project 'Pods' (no dependencies)
    Target 'CocoaLumberjack' in project 'Pods' (no dependencies)
    Target 'CallbackURLKit' in project 'Pods' (no dependencies)
    Target 'AsyncSwift' in project 'Pods' (no dependencies)
    Target 'Aspects' in project 'Pods' (no dependencies)
    Target 'Appirater' in project 'Pods'
        ➜ Explicit dependency on target 'Appirater-Appirater' in project 'Pods'
    Target 'Appirater-Appirater' in project 'Pods' (no dependencies)
    Target 'Alamofire' in project 'Pods' (no dependencies)
    Target 'TodayWidget' in project 'Potatso'
        ➜ Implicit dependency on target 'PotatsoModel' in project 'Potatso' via file 'PotatsoModel.framework' in build phase 'Link Binary'
        ➜ Implicit dependency on target 'PotatsoBase' in project 'Potatso' via file 'PotatsoBase.framework' in build phase 'Link Binary'
        ➜ Implicit dependency on target 'PotatsoLibrary' in project 'Potatso' via file 'PotatsoLibrary.framework' in build phase 'Link Binary'
        ➜ Implicit dependency on target 'Pods-TodayWidget' in project 'Pods' via file 'Pods_TodayWidget.framework' in build phase 'Link Binary'
        ➜ Implicit dependency on target 'Cartography' in project 'Pods' via options '-framework Cartography' in build setting 'OTHER_LDFLAGS'
        ➜ Implicit dependency on target 'CocoaAsyncSocket' in project 'Pods' via options '-framework CocoaAsyncSocket' in build setting 'OTHER_LDFLAGS'
        ➜ Implicit dependency on target 'ICSMainFramework' in project 'Pods' via options '-framework ICSMainFramework' in build setting 'OTHER_LDFLAGS'
        ➜ Implicit dependency on target 'KeychainAccess' in project 'Pods' via options '-framework KeychainAccess' in build setting 'OTHER_LDFLAGS'
        ➜ Implicit dependency on target 'KissXML' in project 'Pods' via options '-framework KissXML' in build setting 'OTHER_LDFLAGS'
        ➜ Implicit dependency on target 'MMWormhole' in project 'Pods' via options '-framework MMWormhole' in build setting 'OTHER_LDFLAGS'
        ➜ Implicit dependency on target 'Realm' in project 'Pods' via options '-framework Realm' in build setting 'OTHER_LDFLAGS'
        ➜ Implicit dependency on target 'RealmSwift' in project 'Pods' via options '-framework RealmSwift' in build setting 'OTHER_LDFLAGS'
        ➜ Implicit dependency on target 'SwiftColor' in project 'Pods' via options '-framework SwiftColor' in build setting 'OTHER_LDFLAGS'
    Target 'Pods-TodayWidget' in project 'Pods'
        ➜ Explicit dependency on target 'Cartography' in project 'Pods'
        ➜ Explicit dependency on target 'CocoaAsyncSocket' in project 'Pods'
        ➜ Explicit dependency on target 'ICSMainFramework' in project 'Pods'
        ➜ Explicit dependency on target 'KeychainAccess' in project 'Pods'
        ➜ Explicit dependency on target 'KissXML' in project 'Pods'
        ➜ Explicit dependency on target 'MMWormhole' in project 'Pods'
        ➜ Explicit dependency on target 'Realm' in project 'Pods'
        ➜ Explicit dependency on target 'RealmSwift' in project 'Pods'
        ➜ Explicit dependency on target 'SwiftColor' in project 'Pods'
    Target 'SwiftColor' in project 'Pods' (no dependencies)
    Target 'Cartography' in project 'Pods' (no dependencies)
    Target 'PotatsoLibrary' in project 'Potatso'
        ➜ Implicit dependency on target 'PotatsoBase' in project 'Potatso' via file 'PotatsoBase.framework' in build phase 'Link Binary'
        ➜ Implicit dependency on target 'PotatsoModel' in project 'Potatso' via file 'PotatsoModel.framework' in build phase 'Link Binary'
        ➜ Implicit dependency on target 'Pods-PotatsoLibrary' in project 'Pods' via file 'Pods_PotatsoLibrary.framework' in build phase 'Link Binary'
        ➜ Implicit dependency on target 'ICSMainFramework' in project 'Pods' via options '-framework ICSMainFramework' in build setting 'OTHER_LDFLAGS'
        ➜ Implicit dependency on target 'KeychainAccess' in project 'Pods' via options '-framework KeychainAccess' in build setting 'OTHER_LDFLAGS'
        ➜ Implicit dependency on target 'KissXML' in project 'Pods' via options '-framework KissXML' in build setting 'OTHER_LDFLAGS'
        ➜ Implicit dependency on target 'LibYAML' in project 'Pods' via options '-framework LibYAML' in build setting 'OTHER_LDFLAGS'
        ➜ Implicit dependency on target 'MMWormhole' in project 'Pods' via options '-framework MMWormhole' in build setting 'OTHER_LDFLAGS'
        ➜ Implicit dependency on target 'Realm' in project 'Pods' via options '-framework Realm' in build setting 'OTHER_LDFLAGS'
        ➜ Implicit dependency on target 'RealmSwift' in project 'Pods' via options '-framework RealmSwift' in build setting 'OTHER_LDFLAGS'
        ➜ Implicit dependency on target 'YAML-Framework' in project 'Pods' via options '-framework YAML_Framework' in build setting 'OTHER_LDFLAGS'
    Target 'Pods-PotatsoLibrary' in project 'Pods'
        ➜ Explicit dependency on target 'ICSMainFramework' in project 'Pods'
        ➜ Explicit dependency on target 'KeychainAccess' in project 'Pods'
        ➜ Explicit dependency on target 'KissXML' in project 'Pods'
        ➜ Explicit dependency on target 'LibYAML' in project 'Pods'
        ➜ Explicit dependency on target 'MMWormhole' in project 'Pods'
        ➜ Explicit dependency on target 'Realm' in project 'Pods'
        ➜ Explicit dependency on target 'RealmSwift' in project 'Pods'
        ➜ Explicit dependency on target 'YAML-Framework' in project 'Pods'
    Target 'YAML-Framework' in project 'Pods'
        ➜ Explicit dependency on target 'LibYAML' in project 'Pods'
    Target 'LibYAML' in project 'Pods' (no dependencies)
    Target 'KissXML' in project 'Pods' (no dependencies)
    Target 'KeychainAccess' in project 'Pods' (no dependencies)
    Target 'ICSMainFramework' in project 'Pods' (no dependencies)
    Target 'PotatsoModel' in project 'Potatso'
        ➜ Implicit dependency on target 'PotatsoBase' in project 'Potatso' via file 'PotatsoBase.framework' in build phase 'Link Binary'
        ➜ Implicit dependency on target 'Pods-PotatsoModel' in project 'Pods' via file 'Pods_PotatsoModel.framework' in build phase 'Link Binary'
        ➜ Implicit dependency on target 'Realm' in project 'Pods' via options '-framework Realm' in build setting 'OTHER_LDFLAGS'
        ➜ Implicit dependency on target 'RealmSwift' in project 'Pods' via options '-framework RealmSwift' in build setting 'OTHER_LDFLAGS'
    Target 'Pods-PotatsoModel' in project 'Pods'
        ➜ Explicit dependency on target 'Realm' in project 'Pods'
        ➜ Explicit dependency on target 'RealmSwift' in project 'Pods'
    Target 'RealmSwift' in project 'Pods'
        ➜ Explicit dependency on target 'Realm' in project 'Pods'
    Target 'Realm' in project 'Pods' (no dependencies)
    Target 'PacketTunnel' in project 'Potatso'
        ➜ Implicit dependency on target 'ShadowPath' in project 'ShadowPath' via file 'ShadowPath.framework' in build phase 'Link Binary'
        ➜ Implicit dependency on target 'PotatsoBase' in project 'Potatso' via file 'PotatsoBase.framework' in build phase 'Link Binary'
        ➜ Implicit dependency on target 'PacketProcessor' in project 'Potatso' via file 'PacketProcessor.framework' in build phase 'Link Binary'
        ➜ Implicit dependency on target 'Pods-PacketTunnel' in project 'Pods' via file 'Pods_PacketTunnel.framework' in build phase 'Link Binary'
        ➜ Implicit dependency on target 'CocoaAsyncSocket' in project 'Pods' via options '-framework CocoaAsyncSocket' in build setting 'OTHER_LDFLAGS'
        ➜ Implicit dependency on target 'MMWormhole' in project 'Pods' via options '-framework MMWormhole' in build setting 'OTHER_LDFLAGS'
    Target 'Pods-PacketTunnel' in project 'Pods'
        ➜ Explicit dependency on target 'CocoaAsyncSocket' in project 'Pods'
        ➜ Explicit dependency on target 'MMWormhole' in project 'Pods'
    Target 'MMWormhole' in project 'Pods' (no dependencies)
    Target 'PacketProcessor' in project 'Potatso'
        ➜ Implicit dependency on target 'Pods-PacketProcessor' in project 'Pods' via file 'Pods_PacketProcessor.framework' in build phase 'Link Binary'
        ➜ Implicit dependency on target 'CocoaAsyncSocket' in project 'Pods' via options '-framework CocoaAsyncSocket' in build setting 'OTHER_LDFLAGS'
    Target 'Pods-PacketProcessor' in project 'Pods'
        ➜ Explicit dependency on target 'CocoaAsyncSocket' in project 'Pods'
    Target 'CocoaAsyncSocket' in project 'Pods' (no dependencies)
    Target 'PotatsoBase' in project 'Potatso' (no dependencies)
    Target 'ShadowPath' in project 'ShadowPath' (no dependencies)

GatherProvisioningInputs

CreateBuildDescription

ExecuteExternalTool /Applications/Xcode_15.4.app/Contents/Developer/Toolchains/XcodeDefault.xctoolchain/usr/bin/clang -v -E -dM -arch arm64 -isysroot /Applications/Xcode_15.4.app/Contents/Developer/Platforms/iPhoneOS.platform/Developer/SDKs/iPhoneOS17.5.sdk -x c -c /dev/null

ExecuteExternalTool /Applications/Xcode_15.4.app/Contents/Developer/Toolchains/XcodeDefault.xctoolchain/usr/bin/clang -v -E -dM -isysroot /Applications/Xcode_15.4.app/Contents/Developer/Platforms/iPhoneOS.platform/Developer/SDKs/iPhoneOS17.5.sdk -x c -c /dev/null

ExecuteExternalTool /Applications/Xcode_15.4.app/Contents/Developer/Toolchains/XcodeDefault.xctoolchain/usr/bin/clang -v -E -dM -arch arm64 -isysroot /Applications/Xcode_15.4.app/Contents/Developer/Platforms/iPhoneOS.platform/Developer/SDKs/iPhoneOS17.5.sdk -x objective-c -c /dev/null

ExecuteExternalTool /Applications/Xcode_15.4.app/Contents/Developer/Toolchains/XcodeDefault.xctoolchain/usr/bin/clang -v -E -dM -arch arm64 -isysroot /Applications/Xcode_15.4.app/Contents/Developer/Platforms/iPhoneOS.platform/Developer/SDKs/iPhoneOS17.5.sdk -x c++ -c /dev/null

ExecuteExternalTool /Applications/Xcode_15.4.app/Contents/Developer/Toolchains/XcodeDefault.xctoolchain/usr/bin/libtool -V

ExecuteExternalTool /Applications/Xcode_15.4.app/Contents/Developer/Toolchains/XcodeDefault.xctoolchain/usr/bin/swiftc -v

ExecuteExternalTool /Applications/Xcode_15.4.app/Contents/Developer/Toolchains/XcodeDefault.xctoolchain/usr/bin/ld -version_details

ExecuteExternalTool /Applications/Xcode_15.4.app/Contents/Developer/usr/bin/ibtool --version --output-format xml1

ExecuteExternalTool /Applications/Xcode_15.4.app/Contents/Developer/usr/bin/actool --print-asset-tag-combinations --output-format xml1 /Users/runner/work/Potatso/Potatso/Potatso/Assets.xcassets

ExecuteExternalTool /Applications/Xcode_15.4.app/Contents/Developer/usr/bin/actool --version --output-format xml1

ExecuteExternalTool /Applications/Xcode_15.4.app/Contents/Developer/Toolchains/XcodeDefault.xctoolchain/usr/bin/clang -v -E -dM -arch arm64 -isysroot /Applications/Xcode_15.4.app/Contents/Developer/Platforms/iPhoneOS.platform/Developer/SDKs/iPhoneOS17.5.sdk -x objective-c++ -c /dev/null

Build description signature: e1f05134acf4770c9dd1e30656b4d9c2
Build description path: /Users/runner/work/_temp/build/DerivedData/Build/Intermediates.noindex/ArchiveIntermediates/Potatso/IntermediateBuildFilesPath/XCBuildData/e1f05134acf4770c9dd1e30656b4d9c2.xcbuilddata
CreateBuildDirectory /Users/runner/work/_temp/build/DerivedData/Build/Intermediates.noindex/ArchiveIntermediates/Potatso/InstallationBuildProductsLocation
    cd /Users/runner/work/Potatso/Potatso
    builtin-create-build-directory /Users/runner/work/_temp/build/DerivedData/Build/Intermediates.noindex/ArchiveIntermediates/Potatso/InstallationBuildProductsLocation

ClangStatCache /Applications/Xcode_15.4.app/Contents/Developer/Toolchains/XcodeDefault.xctoolchain/usr/bin/clang-stat-cache /Applications/Xcode_15.4.app/Contents/Developer/Platforms/iPhoneOS.platform/Developer/SDKs/iPhoneOS17.5.sdk /Users/runner/work/_temp/build/DerivedData/SDKStatCaches.noindex/iphoneos17.5-21F77-f0fa7969d082b13145125136a829df3a.sdkstatcache
    cd /Users/runner/work/Potatso/Potatso
    /Applications/Xcode_15.4.app/Contents/Developer/Toolchains/XcodeDefault.xctoolchain/usr/bin/clang-stat-cache /Applications/Xcode_15.4.app/Contents/Developer/Platforms/iPhoneOS.platform/Developer/SDKs/iPhoneOS17.5.sdk -o /Users/runner/work/_temp/build/DerivedData/SDKStatCaches.noindex/iphoneos17.5-21F77-f0fa7969d082b13145125136a829df3a.sdkstatcache

CreateBuildDirectory /Users/runner/work/_temp/build/DerivedData/Build/Intermediates.noindex/ArchiveIntermediates/Potatso/IntermediateBuildFilesPath
    cd /Users/runner/work/Potatso/Potatso
    builtin-create-build-directory /Users/runner/work/_temp/build/DerivedData/Build/Intermediates.noindex/ArchiveIntermediates/Potatso/IntermediateBuildFilesPath

CreateBuildDirectory /Users/runner/work/_temp/build/DerivedData/Build/Intermediates.noindex/ArchiveIntermediates/Potatso/BuildProductsPath
    cd /Users/runner/work/Potatso/Potatso
    builtin-create-build-directory /Users/runner/work/_temp/build/DerivedData/Build/Intermediates.noindex/ArchiveIntermediates/Potatso/BuildProductsPath

CreateBuildDirectory /Users/runner/work/_temp/build/DerivedData/Build/Intermediates.noindex/ArchiveIntermediates/Potatso/BuildProductsPath/Release-iphoneos
    cd /Users/runner/work/Potatso/Potatso
    builtin-create-build-directory /Users/runner/work/_temp/build/DerivedData/Build/Intermediates.noindex/ArchiveIntermediates/Potatso/BuildProductsPath/Release-iphoneos

CreateBuildDirectory /Users/runner/work/_temp/build/DerivedData/Build/Intermediates.noindex/ArchiveIntermediates/Potatso/IntermediateBuildFilesPath/EagerLinkingTBDs/Release-iphoneos
    cd /Users/runner/work/Potatso/Potatso
    builtin-create-build-directory /Users/runner/work/_temp/build/DerivedData/Build/Intermediates.noindex/ArchiveIntermediates/Potatso/IntermediateBuildFilesPath/EagerLinkingTBDs/Release-iphoneos

CreateBuildDirectory /Users/runner/work/_temp/build/DerivedData/Build/Intermediates.noindex/ArchiveIntermediates/Potatso/BuildProductsPath/Release-iphoneos/YAML-Framework
    cd /Users/runner/work/Potatso/Potatso
    builtin-create-build-directory /Users/runner/work/_temp/build/DerivedData/Build/Intermediates.noindex/ArchiveIntermediates/Potatso/BuildProductsPath/Release-iphoneos/YAML-Framework

CreateBuildDirectory /Users/runner/work/_temp/build/DerivedData/Build/Intermediates.noindex/ArchiveIntermediates/Potatso/BuildProductsPath/Release-iphoneos/SwiftColor
    cd /Users/runner/work/Potatso/Potatso
    builtin-create-build-directory /Users/runner/work/_temp/build/DerivedData/Build/Intermediates.noindex/ArchiveIntermediates/Potatso/BuildProductsPath/Release-iphoneos/SwiftColor

SymLink /Users/runner/work/_temp/build/DerivedData/Build/Intermediates.noindex/ArchiveIntermediates/Potatso/BuildProductsPath/Release-iphoneos/TodayWidget.appex ../../IntermediateBuildFilesPath/UninstalledProducts/iphoneos/TodayWidget.appex (in target 'TodayWidget' from project 'Potatso')
    cd /Users/runner/work/Potatso/Potatso
    /bin/ln -sfh ../../IntermediateBuildFilesPath/UninstalledProducts/iphoneos/TodayWidget.appex /Users/runner/work/_temp/build/DerivedData/Build/Intermediates.noindex/ArchiveIntermediates/Potatso/BuildProductsPath/Release-iphoneos/TodayWidget.appex

MkDir /Users/runner/work/_temp/build/DerivedData/Build/Intermediates.noindex/ArchiveIntermediates/Potatso/IntermediateBuildFilesPath/UninstalledProducts/iphoneos/TodayWidget.appex (in target 'TodayWidget' from project 'Potatso')
    cd /Users/runner/work/Potatso/Potatso
    /bin/mkdir -p /Users/runner/work/_temp/build/DerivedData/Build/Intermediates.noindex/ArchiveIntermediates/Potatso/IntermediateBuildFilesPath/UninstalledProducts/iphoneos/TodayWidget.appex

SymLink /Users/runner/work/_temp/build/DerivedData/Build/Intermediates.noindex/ArchiveIntermediates/Potatso/BuildProductsPath/Release-iphoneos/ShadowPath.framework ../../IntermediateBuildFilesPath/UninstalledProducts/iphoneos/ShadowPath.framework (in target 'ShadowPath' from project 'ShadowPath')
    cd /Users/runner/work/Potatso/Potatso/Library/ShadowPath
    /bin/ln -sfh ../../IntermediateBuildFilesPath/UninstalledProducts/iphoneos/ShadowPath.framework /Users/runner/work/_temp/build/DerivedData/Build/Intermediates.noindex/ArchiveIntermediates/Potatso/BuildProductsPath/Release-iphoneos/ShadowPath.framework

MkDir /Users/runner/work/_temp/build/DerivedData/Build/Intermediates.noindex/ArchiveIntermediates/Potatso/IntermediateBuildFilesPath/UninstalledProducts/iphoneos/ShadowPath.framework/Headers (in target 'ShadowPath' from project 'ShadowPath')
    cd /Users/runner/work/Potatso/Potatso/Library/ShadowPath
    /bin/mkdir -p /Users/runner/work/_temp/build/DerivedData/Build/Intermediates.noindex/ArchiveIntermediates/Potatso/IntermediateBuildFilesPath/UninstalledProducts/iphoneos/ShadowPath.framework/Headers

MkDir /Users/runner/work/_temp/build/DerivedData/Build/Intermediates.noindex/ArchiveIntermediates/Potatso/IntermediateBuildFilesPath/UninstalledProducts/iphoneos/ShadowPath.framework (in target 'ShadowPath' from project 'ShadowPath')
    cd /Users/runner/work/Potatso/Potatso/Library/ShadowPath
    /bin/mkdir -p /Users/runner/work/_temp/build/DerivedData/Build/Intermediates.noindex/ArchiveIntermediates/Potatso/IntermediateBuildFilesPath/UninstalledProducts/iphoneos/ShadowPath.framework

SymLink /Users/runner/work/_temp/build/DerivedData/Build/Intermediates.noindex/ArchiveIntermediates/Potatso/BuildProductsPath/Release-iphoneos/YAML-Framework/YAML_Framework.framework ../../../IntermediateBuildFilesPath/UninstalledProducts/iphoneos/YAML_Framework.framework (in target 'YAML-Framework' from project 'Pods')
    cd /Users/runner/work/Potatso/Potatso/Pods
    /bin/ln -sfh ../../../IntermediateBuildFilesPath/UninstalledProducts/iphoneos/YAML_Framework.framework /Users/runner/work/_temp/build/DerivedData/Build/Intermediates.noindex/ArchiveIntermediates/Potatso/BuildProductsPath/Release-iphoneos/YAML-Framework/YAML_Framework.framework

MkDir /Users/runner/work/_temp/build/DerivedData/Build/Intermediates.noindex/ArchiveIntermediates/Potatso/IntermediateBuildFilesPath/UninstalledProducts/iphoneos/YAML_Framework.framework/Headers (in target 'YAML-Framework' from project 'Pods')
    cd /Users/runner/work/Potatso/Potatso/Pods
    /bin/mkdir -p /Users/runner/work/_temp/build/DerivedData/Build/Intermediates.noindex/ArchiveIntermediates/Potatso/IntermediateBuildFilesPath/UninstalledProducts/iphoneos/YAML_Framework.framework/Headers

MkDir /Users/runner/work/_temp/build/DerivedData/Build/Intermediates.noindex/ArchiveIntermediates/Potatso/IntermediateBuildFilesPath/UninstalledProducts/iphoneos/YAML_Framework.framework (in target 'YAML-Framework' from project 'Pods')
    cd /Users/runner/work/Potatso/Potatso/Pods
    /bin/mkdir -p /Users/runner/work/_temp/build/DerivedData/Build/Intermediates.noindex/ArchiveIntermediates/Potatso/IntermediateBuildFilesPath/UninstalledProducts/iphoneos/YAML_Framework.framework

SymLink /Users/runner/work/_temp/build/DerivedData/Build/Intermediates.noindex/ArchiveIntermediates/Potatso/BuildProductsPath/Release-iphoneos/SwiftColor/SwiftColor.framework ../../../IntermediateBuildFilesPath/UninstalledProducts/iphoneos/SwiftColor.framework (in target 'SwiftColor' from project 'Pods')
    cd /Users/runner/work/Potatso/Potatso/Pods
    /bin/ln -sfh ../../../IntermediateBuildFilesPath/UninstalledProducts/iphoneos/SwiftColor.framework /Users/runner/work/_temp/build/DerivedData/Build/Intermediates.noindex/ArchiveIntermediates/Potatso/BuildProductsPath/Release-iphoneos/SwiftColor/SwiftColor.framework

MkDir /Users/runner/work/_temp/build/DerivedData/Build/Intermediates.noindex/ArchiveIntermediates/Potatso/IntermediateBuildFilesPath/UninstalledProducts/iphoneos/SwiftColor.framework/Headers (in target 'SwiftColor' from project 'Pods')
    cd /Users/runner/work/Potatso/Potatso/Pods
    /bin/mkdir -p /Users/runner/work/_temp/build/DerivedData/Build/Intermediates.noindex/ArchiveIntermediates/Potatso/IntermediateBuildFilesPath/UninstalledProducts/iphoneos/SwiftColor.framework/Headers

MkDir /Users/runner/work/_temp/build/DerivedData/Build/Intermediates.noindex/ArchiveIntermediates/Potatso/IntermediateBuildFilesPath/UninstalledProducts/iphoneos/SwiftColor.framework (in target 'SwiftColor' from project 'Pods')
    cd /Users/runner/work/Potatso/Potatso/Pods
    /bin/mkdir -p /Users/runner/work/_temp/build/DerivedData/Build/Intermediates.noindex/ArchiveIntermediates/Potatso/IntermediateBuildFilesPath/UninstalledProducts/iphoneos/SwiftColor.framework

SymLink /Users/runner/work/_temp/build/DerivedData/Build/Intermediates.noindex/ArchiveIntermediates/Potatso/BuildProductsPath/Release-iphoneos/PotatsoModel.framework ../../IntermediateBuildFilesPath/UninstalledProducts/iphoneos/PotatsoModel.framework (in target 'PotatsoModel' from project 'Potatso')
    cd /Users/runner/work/Potatso/Potatso
    /bin/ln -sfh ../../IntermediateBuildFilesPath/UninstalledProducts/iphoneos/PotatsoModel.framework /Users/runner/work/_temp/build/DerivedData/Build/Intermediates.noindex/ArchiveIntermediates/Potatso/BuildProductsPath/Release-iphoneos/PotatsoModel.framework

MkDir /Users/runner/work/_temp/build/DerivedData/Build/Intermediates.noindex/ArchiveIntermediates/Potatso/IntermediateBuildFilesPath/UninstalledProducts/iphoneos/PotatsoModel.framework/Headers (in target 'PotatsoModel' from project 'Potatso')
    cd /Users/runner/work/Potatso/Potatso
    /bin/mkdir -p /Users/runner/work/_temp/build/DerivedData/Build/Intermediates.noindex/ArchiveIntermediates/Potatso/IntermediateBuildFilesPath/UninstalledProducts/iphoneos/PotatsoModel.framework/Headers

MkDir /Users/runner/work/_temp/build/DerivedData/Build/Intermediates.noindex/ArchiveIntermediates/Potatso/IntermediateBuildFilesPath/UninstalledProducts/iphoneos/PotatsoModel.framework (in target 'PotatsoModel' from project 'Potatso')
    cd /Users/runner/work/Potatso/Potatso
    /bin/mkdir -p /Users/runner/work/_temp/build/DerivedData/Build/Intermediates.noindex/ArchiveIntermediates/Potatso/IntermediateBuildFilesPath/UninstalledProducts/iphoneos/PotatsoModel.framework

SymLink /Users/runner/work/_temp/build/DerivedData/Build/Intermediates.noindex/ArchiveIntermediates/Potatso/BuildProductsPath/Release-iphoneos/PotatsoLibrary.framework ../../IntermediateBuildFilesPath/UninstalledProducts/iphoneos/PotatsoLibrary.framework (in target 'PotatsoLibrary' from project 'Potatso')
    cd /Users/runner/work/Potatso/Potatso
    /bin/ln -sfh ../../IntermediateBuildFilesPath/UninstalledProducts/iphoneos/PotatsoLibrary.framework /Users/runner/work/_temp/build/DerivedData/Build/Intermediates.noindex/ArchiveIntermediates/Potatso/BuildProductsPath/Release-iphoneos/PotatsoLibrary.framework

MkDir /Users/runner/work/_temp/build/DerivedData/Build/Intermediates.noindex/ArchiveIntermediates/Potatso/IntermediateBuildFilesPath/UninstalledProducts/iphoneos/PotatsoLibrary.framework/Headers (in target 'PotatsoLibrary' from project 'Potatso')
    cd /Users/runner/work/Potatso/Potatso
    /bin/mkdir -p /Users/runner/work/_temp/build/DerivedData/Build/Intermediates.noindex/ArchiveIntermediates/Potatso/IntermediateBuildFilesPath/UninstalledProducts/iphoneos/PotatsoLibrary.framework/Headers

MkDir /Users/runner/work/_temp/build/DerivedData/Build/Intermediates.noindex/ArchiveIntermediates/Potatso/IntermediateBuildFilesPath/UninstalledProducts/iphoneos/PotatsoLibrary.framework (in target 'PotatsoLibrary' from project 'Potatso')
    cd /Users/runner/work/Potatso/Potatso
    /bin/mkdir -p /Users/runner/work/_temp/build/DerivedData/Build/Intermediates.noindex/ArchiveIntermediates/Potatso/IntermediateBuildFilesPath/UninstalledProducts/iphoneos/PotatsoLibrary.framework

SymLink /Users/runner/work/_temp/build/DerivedData/Build/Intermediates.noindex/ArchiveIntermediates/Potatso/BuildProductsPath/Release-iphoneos/PotatsoBase.framework ../../IntermediateBuildFilesPath/UninstalledProducts/iphoneos/PotatsoBase.framework (in target 'PotatsoBase' from project 'Potatso')
    cd /Users/runner/work/Potatso/Potatso
    /bin/ln -sfh ../../IntermediateBuildFilesPath/UninstalledProducts/iphoneos/PotatsoBase.framework /Users/runner/work/_temp/build/DerivedData/Build/Intermediates.noindex/ArchiveIntermediates/Potatso/BuildProductsPath/Release-iphoneos/PotatsoBase.framework

MkDir /Users/runner/work/_temp/build/DerivedData/Build/Intermediates.noindex/ArchiveIntermediates/Potatso/IntermediateBuildFilesPath/UninstalledProducts/iphoneos/PotatsoBase.framework/Headers (in target 'PotatsoBase' from project 'Potatso')
    cd /Users/runner/work/Potatso/Potatso
    /bin/mkdir -p /Users/runner/work/_temp/build/DerivedData/Build/Intermediates.noindex/ArchiveIntermediates/Potatso/IntermediateBuildFilesPath/UninstalledProducts/iphoneos/PotatsoBase.framework/Headers

MkDir /Users/runner/work/_temp/build/DerivedData/Build/Intermediates.noindex/ArchiveIntermediates/Potatso/IntermediateBuildFilesPath/UninstalledProducts/iphoneos/PotatsoBase.framework (in target 'PotatsoBase' from project 'Potatso')
    cd /Users/runner/work/Potatso/Potatso
    /bin/mkdir -p /Users/runner/work/_temp/build/DerivedData/Build/Intermediates.noindex/ArchiveIntermediates/Potatso/IntermediateBuildFilesPath/UninstalledProducts/iphoneos/PotatsoBase.framework

SymLink /Users/runner/work/_temp/build/DerivedData/Build/Intermediates.noindex/ArchiveIntermediates/Potatso/BuildProductsPath/Release-iphoneos/Potatso.app ../../InstallationBuildProductsLocation/Applications/Potatso.app (in target 'Potatso' from project 'Potatso')
    cd /Users/runner/work/Potatso/Potatso
    /bin/ln -sfh ../../InstallationBuildProductsLocation/Applications/Potatso.app /Users/runner/work/_temp/build/DerivedData/Build/Intermediates.noindex/ArchiveIntermediates/Potatso/BuildProductsPath/Release-iphoneos/Potatso.app

MkDir /Users/runner/work/_temp/build/DerivedData/Build/Intermediates.noindex/ArchiveIntermediates/Potatso/InstallationBuildProductsLocation/Applications/Potatso.app/PlugIns (in target 'Potatso' from project 'Potatso')
    cd /Users/runner/work/Potatso/Potatso
    /bin/mkdir -p /Users/runner/work/_temp/build/DerivedData/Build/Intermediates.noindex/ArchiveIntermediates/Potatso/InstallationBuildProductsLocation/Applications/Potatso.app/PlugIns

MkDir /Users/runner/work/_temp/build/DerivedData/Build/Intermediates.noindex/ArchiveIntermediates/Potatso/InstallationBuildProductsLocation/Applications/Potatso.app/Frameworks (in target 'Potatso' from project 'Potatso')
    cd /Users/runner/work/Potatso/Potatso
    /bin/mkdir -p /Users/runner/work/_temp/build/DerivedData/Build/Intermediates.noindex/ArchiveIntermediates/Potatso/InstallationBuildProductsLocation/Applications/Potatso.app/Frameworks

MkDir /Users/runner/work/_temp/build/DerivedData/Build/Intermediates.noindex/ArchiveIntermediates/Potatso/InstallationBuildProductsLocation/Applications/Potatso.app (in target 'Potatso' from project 'Potatso')
    cd /Users/runner/work/Potatso/Potatso
    /bin/mkdir -p /Users/runner/work/_temp/build/DerivedData/Build/Intermediates.noindex/ArchiveIntermediates/Potatso/InstallationBuildProductsLocation/Applications/Potatso.app

SymLink /Users/runner/work/_temp/build/DerivedData/Build/Intermediates.noindex/ArchiveIntermediates/Potatso/BuildProductsPath/Release-iphoneos/Pods_TodayWidget.framework ../../IntermediateBuildFilesPath/UninstalledProducts/iphoneos/Pods_TodayWidget.framework (in target 'Pods-TodayWidget' from project 'Pods')
    cd /Users/runner/work/Potatso/Potatso/Pods
    /bin/ln -sfh ../../IntermediateBuildFilesPath/UninstalledProducts/iphoneos/Pods_TodayWidget.framework /Users/runner/work/_temp/build/DerivedData/Build/Intermediates.noindex/ArchiveIntermediates/Potatso/BuildProductsPath/Release-iphoneos/Pods_TodayWidget.framework

MkDir /Users/runner/work/_temp/build/DerivedData/Build/Intermediates.noindex/ArchiveIntermediates/Potatso/IntermediateBuildFilesPath/UninstalledProducts/iphoneos/Pods_TodayWidget.framework/Headers (in target 'Pods-TodayWidget' from project 'Pods')
    cd /Users/runner/work/Potatso/Potatso/Pods
    /bin/mkdir -p /Users/runner/work/_temp/build/DerivedData/Build/Intermediates.noindex/ArchiveIntermediates/Potatso/IntermediateBuildFilesPath/UninstalledProducts/iphoneos/Pods_TodayWidget.framework/Headers

MkDir /Users/runner/work/_temp/build/DerivedData/Build/Intermediates.noindex/ArchiveIntermediates/Potatso/IntermediateBuildFilesPath/UninstalledProducts/iphoneos/Pods_TodayWidget.framework (in target 'Pods-TodayWidget' from project 'Pods')
    cd /Users/runner/work/Potatso/Potatso/Pods
    /bin/mkdir -p /Users/runner/work/_temp/build/DerivedData/Build/Intermediates.noindex/ArchiveIntermediates/Potatso/IntermediateBuildFilesPath/UninstalledProducts/iphoneos/Pods_TodayWidget.framework

SymLink /Users/runner/work/_temp/build/DerivedData/Build/Intermediates.noindex/ArchiveIntermediates/Potatso/BuildProductsPath/Release-iphoneos/Pods_PotatsoModel.framework ../../IntermediateBuildFilesPath/UninstalledProducts/iphoneos/Pods_PotatsoModel.framework (in target 'Pods-PotatsoModel' from project 'Pods')
    cd /Users/runner/work/Potatso/Potatso/Pods
    /bin/ln -sfh ../../IntermediateBuildFilesPath/UninstalledProducts/iphoneos/Pods_PotatsoModel.framework /Users/runner/work/_temp/build/DerivedData/Build/Intermediates.noindex/ArchiveIntermediates/Potatso/BuildProductsPath/Release-iphoneos/Pods_PotatsoModel.framework

MkDir /Users/runner/work/_temp/build/DerivedData/Build/Intermediates.noindex/ArchiveIntermediates/Potatso/IntermediateBuildFilesPath/UninstalledProducts/iphoneos/Pods_PotatsoModel.framework/Headers (in target 'Pods-PotatsoModel' from project 'Pods')
    cd /Users/runner/work/Potatso/Potatso/Pods
    /bin/mkdir -p /Users/runner/work/_temp/build/DerivedData/Build/Intermediates.noindex/ArchiveIntermediates/Potatso/IntermediateBuildFilesPath/UninstalledProducts/iphoneos/Pods_PotatsoModel.framework/Headers

MkDir /Users/runner/work/_temp/build/DerivedData/Build/Intermediates.noindex/ArchiveIntermediates/Potatso/IntermediateBuildFilesPath/UninstalledProducts/iphoneos/Pods_PotatsoModel.framework (in target 'Pods-PotatsoModel' from project 'Pods')
    cd /Users/runner/work/Potatso/Potatso/Pods
    /bin/mkdir -p /Users/runner/work/_temp/build/DerivedData/Build/Intermediates.noindex/ArchiveIntermediates/Potatso/IntermediateBuildFilesPath/UninstalledProducts/iphoneos/Pods_PotatsoModel.framework

SymLink /Users/runner/work/_temp/build/DerivedData/Build/Intermediates.noindex/ArchiveIntermediates/Potatso/BuildProductsPath/Release-iphoneos/Pods_PotatsoLibrary.framework ../../IntermediateBuildFilesPath/UninstalledProducts/iphoneos/Pods_PotatsoLibrary.framework (in target 'Pods-PotatsoLibrary' from project 'Pods')
    cd /Users/runner/work/Potatso/Potatso/Pods
    /bin/ln -sfh ../../IntermediateBuildFilesPath/UninstalledProducts/iphoneos/Pods_PotatsoLibrary.framework /Users/runner/work/_temp/build/DerivedData/Build/Intermediates.noindex/ArchiveIntermediates/Potatso/BuildProductsPath/Release-iphoneos/Pods_PotatsoLibrary.framework

MkDir /Users/runner/work/_temp/build/DerivedData/Build/Intermediates.noindex/ArchiveIntermediates/Potatso/IntermediateBuildFilesPath/UninstalledProducts/iphoneos/Pods_PotatsoLibrary.framework/Headers (in target 'Pods-PotatsoLibrary' from project 'Pods')
    cd /Users/runner/work/Potatso/Potatso/Pods
    /bin/mkdir -p /Users/runner/work/_temp/build/DerivedData/Build/Intermediates.noindex/ArchiveIntermediates/Potatso/IntermediateBuildFilesPath/UninstalledProducts/iphoneos/Pods_PotatsoLibrary.framework/Headers

MkDir /Users/runner/work/_temp/build/DerivedData/Build/Intermediates.noindex/ArchiveIntermediates/Potatso/IntermediateBuildFilesPath/UninstalledProducts/iphoneos/Pods_PotatsoLibrary.framework (in target 'Pods-PotatsoLibrary' from project 'Pods')
    cd /Users/runner/work/Potatso/Potatso/Pods
    /bin/mkdir -p /Users/runner/work/_temp/build/DerivedData/Build/Intermediates.noindex/ArchiveIntermediates/Potatso/IntermediateBuildFilesPath/UninstalledProducts/iphoneos/Pods_PotatsoLibrary.framework

SymLink /Users/runner/work/_temp/build/DerivedData/Build/Intermediates.noindex/ArchiveIntermediates/Potatso/BuildProductsPath/Release-iphoneos/Pods_Potatso.framework ../../IntermediateBuildFilesPath/UninstalledProducts/iphoneos/Pods_Potatso.framework (in target 'Pods-Potatso' from project 'Pods')
    cd /Users/runner/work/Potatso/Potatso/Pods
    /bin/ln -sfh ../../IntermediateBuildFilesPath/UninstalledProducts/iphoneos/Pods_Potatso.framework /Users/runner/work/_temp/build/DerivedData/Build/Intermediates.noindex/ArchiveIntermediates/Potatso/BuildProductsPath/Release-iphoneos/Pods_Potatso.framework

MkDir /Users/runner/work/_temp/build/DerivedData/Build/Intermediates.noindex/ArchiveIntermediates/Potatso/IntermediateBuildFilesPath/UninstalledProducts/iphoneos/Pods_Potatso.framework/Headers (in target 'Pods-Potatso' from project 'Pods')
    cd /Users/runner/work/Potatso/Potatso/Pods
    /bin/mkdir -p /Users/runner/work/_temp/build/DerivedData/Build/Intermediates.noindex/ArchiveIntermediates/Potatso/IntermediateBuildFilesPath/UninstalledProducts/iphoneos/Pods_Potatso.framework/Headers

MkDir /Users/runner/work/_temp/build/DerivedData/Build/Intermediates.noindex/ArchiveIntermediates/Potatso/IntermediateBuildFilesPath/UninstalledProducts/iphoneos/Pods_Potatso.framework (in target 'Pods-Potatso' from project 'Pods')
    cd /Users/runner/work/Potatso/Potatso/Pods
    /bin/mkdir -p /Users/runner/work/_temp/build/DerivedData/Build/Intermediates.noindex/ArchiveIntermediates/Potatso/IntermediateBuildFilesPath/UninstalledProducts/iphoneos/Pods_Potatso.framework

SymLink /Users/runner/work/_temp/build/DerivedData/Build/Intermediates.noindex/ArchiveIntermediates/Potatso/BuildProductsPath/Release-iphoneos/Pods_PacketTunnel.framework ../../IntermediateBuildFilesPath/UninstalledProducts/iphoneos/Pods_PacketTunnel.framework (in target 'Pods-PacketTunnel' from project 'Pods')
    cd /Users/runner/work/Potatso/Potatso/Pods
    /bin/ln -sfh ../../IntermediateBuildFilesPath/UninstalledProducts/iphoneos/Pods_PacketTunnel.framework /Users/runner/work/_temp/build/DerivedData/Build/Intermediates.noindex/ArchiveIntermediates/Potatso/BuildProductsPath/Release-iphoneos/Pods_PacketTunnel.framework

MkDir /Users/runner/work/_temp/build/DerivedData/Build/Intermediates.noindex/ArchiveIntermediates/Potatso/IntermediateBuildFilesPath/UninstalledProducts/iphoneos/Pods_PacketTunnel.framework/Headers (in target 'Pods-PacketTunnel' from project 'Pods')
    cd /Users/runner/work/Potatso/Potatso/Pods
    /bin/mkdir -p /Users/runner/work/_temp/build/DerivedData/Build/Intermediates.noindex/ArchiveIntermediates/Potatso/IntermediateBuildFilesPath/UninstalledProducts/iphoneos/Pods_PacketTunnel.framework/Headers

MkDir /Users/runner/work/_temp/build/DerivedData/Build/Intermediates.noindex/ArchiveIntermediates/Potatso/IntermediateBuildFilesPath/UninstalledProducts/iphoneos/Pods_PacketTunnel.framework (in target 'Pods-PacketTunnel' from project 'Pods')
    cd /Users/runner/work/Potatso/Potatso/Pods
    /bin/mkdir -p /Users/runner/work/_temp/build/DerivedData/Build/Intermediates.noindex/ArchiveIntermediates/Potatso/IntermediateBuildFilesPath/UninstalledProducts/iphoneos/Pods_PacketTunnel.framework

SymLink /Users/runner/work/_temp/build/DerivedData/Build/Intermediates.noindex/ArchiveIntermediates/Potatso/BuildProductsPath/Release-iphoneos/Pods_PacketProcessor.framework ../../IntermediateBuildFilesPath/UninstalledProducts/iphoneos/Pods_PacketProcessor.framework (in target 'Pods-PacketProcessor' from project 'Pods')
    cd /Users/runner/work/Potatso/Potatso/Pods
    /bin/ln -sfh ../../IntermediateBuildFilesPath/UninstalledProducts/iphoneos/Pods_PacketProcessor.framework /Users/runner/work/_temp/build/DerivedData/Build/Intermediates.noindex/ArchiveIntermediates/Potatso/BuildProductsPath/Release-iphoneos/Pods_PacketProcessor.framework

MkDir /Users/runner/work/_temp/build/DerivedData/Build/Intermediates.noindex/ArchiveIntermediates/Potatso/IntermediateBuildFilesPath/UninstalledProducts/iphoneos/Pods_PacketProcessor.framework/Headers (in target 'Pods-PacketProcessor' from project 'Pods')
    cd /Users/runner/work/Potatso/Potatso/Pods
    /bin/mkdir -p /Users/runner/work/_temp/build/DerivedData/Build/Intermediates.noindex/ArchiveIntermediates/Potatso/IntermediateBuildFilesPath/UninstalledProducts/iphoneos/Pods_PacketProcessor.framework/Headers

MkDir /Users/runner/work/_temp/build/DerivedData/Build/Intermediates.noindex/ArchiveIntermediates/Potatso/IntermediateBuildFilesPath/UninstalledProducts/iphoneos/Pods_PacketProcessor.framework (in target 'Pods-PacketProcessor' from project 'Pods')
    cd /Users/runner/work/Potatso/Potatso/Pods
    /bin/mkdir -p /Users/runner/work/_temp/build/DerivedData/Build/Intermediates.noindex/ArchiveIntermediates/Potatso/IntermediateBuildFilesPath/UninstalledProducts/iphoneos/Pods_PacketProcessor.framework

SymLink /Users/runner/work/_temp/build/DerivedData/Build/Intermediates.noindex/ArchiveIntermediates/Potatso/BuildProductsPath/Release-iphoneos/PacketTunnel.appex ../../IntermediateBuildFilesPath/UninstalledProducts/iphoneos/PacketTunnel.appex (in target 'PacketTunnel' from project 'Potatso')
    cd /Users/runner/work/Potatso/Potatso
    /bin/ln -sfh ../../IntermediateBuildFilesPath/UninstalledProducts/iphoneos/PacketTunnel.appex /Users/runner/work/_temp/build/DerivedData/Build/Intermediates.noindex/ArchiveIntermediates/Potatso/BuildProductsPath/Release-iphoneos/PacketTunnel.appex

MkDir /Users/runner/work/_temp/build/DerivedData/Build/Intermediates.noindex/ArchiveIntermediates/Potatso/IntermediateBuildFilesPath/UninstalledProducts/iphoneos/PacketTunnel.appex (in target 'PacketTunnel' from project 'Potatso')
    cd /Users/runner/work/Potatso/Potatso
    /bin/mkdir -p /Users/runner/work/_temp/build/DerivedData/Build/Intermediates.noindex/ArchiveIntermediates/Potatso/IntermediateBuildFilesPath/UninstalledProducts/iphoneos/PacketTunnel.appex

SymLink /Users/runner/work/_temp/build/DerivedData/Build/Intermediates.noindex/ArchiveIntermediates/Potatso/BuildProductsPath/Release-iphoneos/PacketProcessor.framework ../../IntermediateBuildFilesPath/UninstalledProducts/iphoneos/PacketProcessor.framework (in target 'PacketProcessor' from project 'Potatso')
    cd /Users/runner/work/Potatso/Potatso
    /bin/ln -sfh ../../IntermediateBuildFilesPath/UninstalledProducts/iphoneos/PacketProcessor.framework /Users/runner/work/_temp/build/DerivedData/Build/Intermediates.noindex/ArchiveIntermediates/Potatso/BuildProductsPath/Release-iphoneos/PacketProcessor.framework

MkDir /Users/runner/work/_temp/build/DerivedData/Build/Intermediates.noindex/ArchiveIntermediates/Potatso/IntermediateBuildFilesPath/UninstalledProducts/iphoneos/PacketProcessor.framework/Headers (in target 'PacketProcessor' from project 'Potatso')
    cd /Users/runner/work/Potatso/Potatso
    /bin/mkdir -p /Users/runner/work/_temp/build/DerivedData/Build/Intermediates.noindex/ArchiveIntermediates/Potatso/IntermediateBuildFilesPath/UninstalledProducts/iphoneos/PacketProcessor.framework/Headers

MkDir /Users/runner/work/_temp/build/DerivedData/Build/Intermediates.noindex/ArchiveIntermediates/Potatso/IntermediateBuildFilesPath/UninstalledProducts/iphoneos/PacketProcessor.framework (in target 'PacketProcessor' from project 'Potatso')
    cd /Users/runner/work/Potatso/Potatso
    /bin/mkdir -p /Users/runner/work/_temp/build/DerivedData/Build/Intermediates.noindex/ArchiveIntermediates/Potatso/IntermediateBuildFilesPath/UninstalledProducts/iphoneos/PacketProcessor.framework

CreateBuildDirectory /Users/runner/work/_temp/build/DerivedData/Build/Intermediates.noindex/ArchiveIntermediates/Potatso/BuildProductsPath/Release-iphoneos/RealmSwift
    cd /Users/runner/work/Potatso/Potatso
    builtin-create-build-directory /Users/runner/work/_temp/build/DerivedData/Build/Intermediates.noindex/ArchiveIntermediates/Potatso/BuildProductsPath/Release-iphoneos/RealmSwift

WriteAuxiliaryFile /Users/runner/work/_temp/build/DerivedData/Build/Intermediates.noindex/ArchiveIntermediates/Potatso/IntermediateBuildFilesPath/Pods.build/Release-iphoneos/SwiftColor.build/SwiftColor.hmap (in target 'SwiftColor' from project 'Pods')
    cd /Users/runner/work/Potatso/Potatso/Pods
    write-file /Users/runner/work/_temp/build/DerivedData/Build/Intermediates.noindex/ArchiveIntermediates/Potatso/IntermediateBuildFilesPath/Pods.build/Release-iphoneos/SwiftColor.build/SwiftColor.hmap

WriteAuxiliaryFile /Users/runner/work/_temp/build/DerivedData/Build/Intermediates.noindex/ArchiveIntermediates/Potatso/IntermediateBuildFilesPath/Pods.build/Release-iphoneos/SwiftColor.build/all-product-headers.yaml (in target 'SwiftColor' from project 'Pods')
    cd /Users/runner/work/Potatso/Potatso/Pods
    write-file /Users/runner/work/_temp/build/DerivedData/Build/Intermediates.noindex/ArchiveIntermediates/Potatso/IntermediateBuildFilesPath/Pods.build/Release-iphoneos/SwiftColor.build/all-product-headers.yaml

WriteAuxiliaryFile /Users/runner/work/_temp/build/DerivedData/Build/Intermediates.noindex/ArchiveIntermediates/Potatso/IntermediateBuildFilesPath/Pods.build/Release-iphoneos/SwiftColor.build/SwiftColor-project-headers.hmap (in target 'SwiftColor' from project 'Pods')
    cd /Users/runner/work/Potatso/Potatso/Pods
    write-file /Users/runner/work/_temp/build/DerivedData/Build/Intermediates.noindex/ArchiveIntermediates/Potatso/IntermediateBuildFilesPath/Pods.build/Release-iphoneos/SwiftColor.build/SwiftColor-project-headers.hmap

WriteAuxiliaryFile /Users/runner/work/_temp/build/DerivedData/Build/Intermediates.noindex/ArchiveIntermediates/Potatso/IntermediateBuildFilesPath/Pods.build/Release-iphoneos/SwiftColor.build/SwiftColor-own-target-headers.hmap (in target 'SwiftColor' from project 'Pods')
    cd /Users/runner/work/Potatso/Potatso/Pods
    write-file /Users/runner/work/_temp/build/DerivedData/Build/Intermediates.noindex/ArchiveIntermediates/Potatso/IntermediateBuildFilesPath/Pods.build/Release-iphoneos/SwiftColor.build/SwiftColor-own-target-headers.hmap

WriteAuxiliaryFile /Users/runner/work/_temp/build/DerivedData/Build/Intermediates.noindex/ArchiveIntermediates/Potatso/IntermediateBuildFilesPath/Pods.build/Release-iphoneos/SwiftColor.build/SwiftColor-generated-files.hmap (in target 'SwiftColor' from project 'Pods')
    cd /Users/runner/work/Potatso/Potatso/Pods
    write-file /Users/runner/work/_temp/build/DerivedData/Build/Intermediates.noindex/ArchiveIntermediates/Potatso/IntermediateBuildFilesPath/Pods.build/Release-iphoneos/SwiftColor.build/SwiftColor-generated-files.hmap

WriteAuxiliaryFile /Users/runner/work/_temp/build/DerivedData/Build/Intermediates.noindex/ArchiveIntermediates/Potatso/IntermediateBuildFilesPath/Pods.build/Release-iphoneos/SwiftColor.build/SwiftColor-all-target-headers.hmap (in target 'SwiftColor' from project 'Pods')
    cd /Users/runner/work/Potatso/Potatso/Pods
    write-file /Users/runner/work/_temp/build/DerivedData/Build/Intermediates.noindex/ArchiveIntermediates/Potatso/IntermediateBuildFilesPath/Pods.build/Release-iphoneos/SwiftColor.build/SwiftColor-all-target-headers.hmap

WriteAuxiliaryFile /Users/runner/work/_temp/build/DerivedData/Build/Intermediates.noindex/ArchiveIntermediates/Potatso/IntermediateBuildFilesPath/Pods.build/Release-iphoneos/SwiftColor.build/SwiftColor-all-non-framework-target-headers.hmap (in target 'SwiftColor' from project 'Pods')
    cd /Users/runner/work/Potatso/Potatso/Pods
    write-file /Users/runner/work/_temp/build/DerivedData/Build/Intermediates.noindex/ArchiveIntermediates/Potatso/IntermediateBuildFilesPath/Pods.build/Release-iphoneos/SwiftColor.build/SwiftColor-all-non-framework-target-headers.hmap

WriteAuxiliaryFile /Users/runner/work/_temp/build/DerivedData/Build/Intermediates.noindex/ArchiveIntermediates/Potatso/IntermediateBuildFilesPath/ShadowPath.build/Release-iphoneos/ShadowPath.build/all-product-headers.yaml (in target 'ShadowPath' from project 'ShadowPath')
    cd /Users/runner/work/Potatso/Potatso/Library/ShadowPath
    write-file /Users/runner/work/_temp/build/DerivedData/Build/Intermediates.noindex/ArchiveIntermediates/Potatso/IntermediateBuildFilesPath/ShadowPath.build/Release-iphoneos/ShadowPath.build/all-product-headers.yaml

WriteAuxiliaryFile /Users/runner/work/_temp/build/DerivedData/Build/Intermediates.noindex/ArchiveIntermediates/Potatso/IntermediateBuildFilesPath/ShadowPath.build/Release-iphoneos/ShadowPath.build/ShadowPath.hmap (in target 'ShadowPath' from project 'ShadowPath')
    cd /Users/runner/work/Potatso/Potatso/Library/ShadowPath
    write-file /Users/runner/work/_temp/build/DerivedData/Build/Intermediates.noindex/ArchiveIntermediates/Potatso/IntermediateBuildFilesPath/ShadowPath.build/Release-iphoneos/ShadowPath.build/ShadowPath.hmap

WriteAuxiliaryFile /Users/runner/work/_temp/build/DerivedData/Build/Intermediates.noindex/ArchiveIntermediates/Potatso/IntermediateBuildFilesPath/ShadowPath.build/Release-iphoneos/ShadowPath.build/ShadowPath-project-headers.hmap (in target 'ShadowPath' from project 'ShadowPath')
    cd /Users/runner/work/Potatso/Potatso/Library/ShadowPath
    write-file /Users/runner/work/_temp/build/DerivedData/Build/Intermediates.noindex/ArchiveIntermediates/Potatso/IntermediateBuildFilesPath/ShadowPath.build/Release-iphoneos/ShadowPath.build/ShadowPath-project-headers.hmap

WriteAuxiliaryFile /Users/runner/work/_temp/build/DerivedData/Build/Intermediates.noindex/ArchiveIntermediates/Potatso/IntermediateBuildFilesPath/ShadowPath.build/Release-iphoneos/ShadowPath.build/ShadowPath-own-target-headers.hmap (in target 'ShadowPath' from project 'ShadowPath')
    cd /Users/runner/work/Potatso/Potatso/Library/ShadowPath
    write-file /Users/runner/work/_temp/build/DerivedData/Build/Intermediates.noindex/ArchiveIntermediates/Potatso/IntermediateBuildFilesPath/ShadowPath.build/Release-iphoneos/ShadowPath.build/ShadowPath-own-target-headers.hmap

WriteAuxiliaryFile /Users/runner/work/_temp/build/DerivedData/Build/Intermediates.noindex/ArchiveIntermediates/Potatso/IntermediateBuildFilesPath/ShadowPath.build/Release-iphoneos/ShadowPath.build/ShadowPath-generated-files.hmap (in target 'ShadowPath' from project 'ShadowPath')
    cd /Users/runner/work/Potatso/Potatso/Library/ShadowPath
    write-file /Users/runner/work/_temp/build/DerivedData/Build/Intermediates.noindex/ArchiveIntermediates/Potatso/IntermediateBuildFilesPath/ShadowPath.build/Release-iphoneos/ShadowPath.build/ShadowPath-generated-files.hmap

WriteAuxiliaryFile /Users/runner/work/_temp/build/DerivedData/Build/Intermediates.noindex/ArchiveIntermediates/Potatso/IntermediateBuildFilesPath/ShadowPath.build/Release-iphoneos/ShadowPath.build/ShadowPath-all-target-headers.hmap (in target 'ShadowPath' from project 'ShadowPath')
    cd /Users/runner/work/Potatso/Potatso/Library/ShadowPath
    write-file /Users/runner/work/_temp/build/DerivedData/Build/Intermediates.noindex/ArchiveIntermediates/Potatso/IntermediateBuildFilesPath/ShadowPath.build/Release-iphoneos/ShadowPath.build/ShadowPath-all-target-headers.hmap

WriteAuxiliaryFile /Users/runner/work/_temp/build/DerivedData/Build/Intermediates.noindex/ArchiveIntermediates/Potatso/IntermediateBuildFilesPath/ShadowPath.build/Release-iphoneos/ShadowPath.build/ShadowPath-all-non-framework-target-headers.hmap (in target 'ShadowPath' from project 'ShadowPath')
    cd /Users/runner/work/Potatso/Potatso/Library/ShadowPath
    write-file /Users/runner/work/_temp/build/DerivedData/Build/Intermediates.noindex/ArchiveIntermediates/Potatso/IntermediateBuildFilesPath/ShadowPath.build/Release-iphoneos/ShadowPath.build/ShadowPath-all-non-framework-target-headers.hmap

SymLink /Users/runner/work/_temp/build/DerivedData/Build/Intermediates.noindex/ArchiveIntermediates/Potatso/BuildProductsPath/Release-iphoneos/RealmSwift/RealmSwift.framework ../../../IntermediateBuildFilesPath/UninstalledProducts/iphoneos/RealmSwift.framework (in target 'RealmSwift' from project 'Pods')
    cd /Users/runner/work/Potatso/Potatso/Pods
    /bin/ln -sfh ../../../IntermediateBuildFilesPath/UninstalledProducts/iphoneos/RealmSwift.framework /Users/runner/work/_temp/build/DerivedData/Build/Intermediates.noindex/ArchiveIntermediates/Potatso/BuildProductsPath/Release-iphoneos/RealmSwift/RealmSwift.framework

MkDir /Users/runner/work/_temp/build/DerivedData/Build/Intermediates.noindex/ArchiveIntermediates/Potatso/IntermediateBuildFilesPath/UninstalledProducts/iphoneos/RealmSwift.framework/Headers (in target 'RealmSwift' from project 'Pods')
    cd /Users/runner/work/Potatso/Potatso/Pods
    /bin/mkdir -p /Users/runner/work/_temp/build/DerivedData/Build/Intermediates.noindex/ArchiveIntermediates/Potatso/IntermediateBuildFilesPath/UninstalledProducts/iphoneos/RealmSwift.framework/Headers

WriteAuxiliaryFile /Users/runner/work/_temp/build/DerivedData/Build/Intermediates.noindex/ArchiveIntermediates/Potatso/IntermediateBuildFilesPath/Pods.build/Release-iphoneos/SwiftColor.build/unextended-module.modulemap (in target 'SwiftColor' from project 'Pods')
    cd /Users/runner/work/Potatso/Potatso/Pods
    write-file /Users/runner/work/_temp/build/DerivedData/Build/Intermediates.noindex/ArchiveIntermediates/Potatso/IntermediateBuildFilesPath/Pods.build/Release-iphoneos/SwiftColor.build/unextended-module.modulemap

WriteAuxiliaryFile /Users/runner/work/_temp/build/DerivedData/Build/Intermediates.noindex/ArchiveIntermediates/Potatso/IntermediateBuildFilesPath/Pods.build/Release-iphoneos/SwiftColor.build/unextended-module-overlay.yaml (in target 'SwiftColor' from project 'Pods')
    cd /Users/runner/work/Potatso/Potatso/Pods
    write-file /Users/runner/work/_temp/build/DerivedData/Build/Intermediates.noindex/ArchiveIntermediates/Potatso/IntermediateBuildFilesPath/Pods.build/Release-iphoneos/SwiftColor.build/unextended-module-overlay.yaml

WriteAuxiliaryFile /Users/runner/work/_temp/build/DerivedData/Build/Intermediates.noindex/ArchiveIntermediates/Potatso/IntermediateBuildFilesPath/Pods.build/Release-iphoneos/SwiftColor.build/module.modulemap (in target 'SwiftColor' from project 'Pods')
    cd /Users/runner/work/Potatso/Potatso/Pods
    write-file /Users/runner/work/_temp/build/DerivedData/Build/Intermediates.noindex/ArchiveIntermediates/Potatso/IntermediateBuildFilesPath/Pods.build/Release-iphoneos/SwiftColor.build/module.modulemap

MkDir /Users/runner/work/_temp/build/DerivedData/Build/Intermediates.noindex/ArchiveIntermediates/Potatso/IntermediateBuildFilesPath/UninstalledProducts/iphoneos/RealmSwift.framework (in target 'RealmSwift' from project 'Pods')
    cd /Users/runner/work/Potatso/Potatso/Pods
    /bin/mkdir -p /Users/runner/work/_temp/build/DerivedData/Build/Intermediates.noindex/ArchiveIntermediates/Potatso/IntermediateBuildFilesPath/UninstalledProducts/iphoneos/RealmSwift.framework

CreateBuildDirectory /Users/runner/work/_temp/build/DerivedData/Build/Intermediates.noindex/ArchiveIntermediates/Potatso/BuildProductsPath/Release-iphoneos/Realm
    cd /Users/runner/work/Potatso/Potatso
    builtin-create-build-directory /Users/runner/work/_temp/build/DerivedData/Build/Intermediates.noindex/ArchiveIntermediates/Potatso/BuildProductsPath/Release-iphoneos/Realm

CreateBuildDirectory /Users/runner/work/_temp/build/DerivedData/Build/Intermediates.noindex/ArchiveIntermediates/Potatso/BuildProductsPath/Release-iphoneos/PSOperations
    cd /Users/runner/work/Potatso/Potatso
    builtin-create-build-directory /Users/runner/work/_temp/build/DerivedData/Build/Intermediates.noindex/ArchiveIntermediates/Potatso/BuildProductsPath/Release-iphoneos/PSOperations

Copy /Users/runner/work/_temp/build/DerivedData/Build/Intermediates.noindex/ArchiveIntermediates/Potatso/IntermediateBuildFilesPath/UninstalledProducts/iphoneos/SwiftColor.framework/Modules/module.modulemap /Users/runner/work/_temp/build/DerivedData/Build/Intermediates.noindex/ArchiveIntermediates/Potatso/IntermediateBuildFilesPath/Pods.build/Release-iphoneos/SwiftColor.build/module.modulemap (in target 'SwiftColor' from project 'Pods')
    cd /Users/runner/work/Potatso/Potatso/Pods
    builtin-copy -exclude .DS_Store -exclude CVS -exclude .svn -exclude .git -exclude .hg -resolve-src-symlinks /Users/runner/work/_temp/build/DerivedData/Build/Intermediates.noindex/ArchiveIntermediates/Potatso/IntermediateBuildFilesPath/Pods.build/Release-iphoneos/SwiftColor.build/module.modulemap /Users/runner/work/_temp/build/DerivedData/Build/Intermediates.noindex/ArchiveIntermediates/Potatso/IntermediateBuildFilesPath/UninstalledProducts/iphoneos/SwiftColor.framework/Modules

WriteAuxiliaryFile /Users/runner/work/_temp/build/DerivedData/Build/Intermediates.noindex/ArchiveIntermediates/Potatso/IntermediateBuildFilesPath/ShadowPath.build/Release-iphoneos/ShadowPath.build/module.modulemap (in target 'ShadowPath' from project 'ShadowPath')
    cd /Users/runner/work/Potatso/Potatso/Library/ShadowPath
    write-file /Users/runner/work/_temp/build/DerivedData/Build/Intermediates.noindex/ArchiveIntermediates/Potatso/IntermediateBuildFilesPath/ShadowPath.build/Release-iphoneos/ShadowPath.build/module.modulemap

Copy /Users/runner/work/_temp/build/DerivedData/Build/Intermediates.noindex/ArchiveIntermediates/Potatso/IntermediateBuildFilesPath/UninstalledProducts/iphoneos/ShadowPath.framework/Modules/module.modulemap /Users/runner/work/_temp/build/DerivedData/Build/Intermediates.noindex/ArchiveIntermediates/Potatso/IntermediateBuildFilesPath/ShadowPath.build/Release-iphoneos/ShadowPath.build/module.modulemap (in target 'ShadowPath' from project 'ShadowPath')
    cd /Users/runner/work/Potatso/Potatso/Library/ShadowPath
    builtin-copy -exclude .DS_Store -exclude CVS -exclude .svn -exclude .git -exclude .hg -resolve-src-symlinks /Users/runner/work/_temp/build/DerivedData/Build/Intermediates.noindex/ArchiveIntermediates/Potatso/IntermediateBuildFilesPath/ShadowPath.build/Release-iphoneos/ShadowPath.build/module.modulemap /Users/runner/work/_temp/build/DerivedData/Build/Intermediates.noindex/ArchiveIntermediates/Potatso/IntermediateBuildFilesPath/UninstalledProducts/iphoneos/ShadowPath.framework/Modules

SymLink /Users/runner/work/_temp/build/DerivedData/Build/Intermediates.noindex/ArchiveIntermediates/Potatso/BuildProductsPath/Release-iphoneos/Realm/Realm.framework ../../../IntermediateBuildFilesPath/UninstalledProducts/iphoneos/Realm.framework (in target 'Realm' from project 'Pods')
    cd /Users/runner/work/Potatso/Potatso/Pods
    /bin/ln -sfh ../../../IntermediateBuildFilesPath/UninstalledProducts/iphoneos/Realm.framework /Users/runner/work/_temp/build/DerivedData/Build/Intermediates.noindex/ArchiveIntermediates/Potatso/BuildProductsPath/Release-iphoneos/Realm/Realm.framework

MkDir /Users/runner/work/_temp/build/DerivedData/Build/Intermediates.noindex/ArchiveIntermediates/Potatso/IntermediateBuildFilesPath/UninstalledProducts/iphoneos/Realm.framework (in target 'Realm' from project 'Pods')
    cd /Users/runner/work/Potatso/Potatso/Pods
    /bin/mkdir -p /Users/runner/work/_temp/build/DerivedData/Build/Intermediates.noindex/ArchiveIntermediates/Potatso/IntermediateBuildFilesPath/UninstalledProducts/iphoneos/Realm.framework

WriteAuxiliaryFile /Users/runner/work/_temp/build/DerivedData/Build/Intermediates.noindex/ArchiveIntermediates/Potatso/IntermediateBuildFilesPath/Potatso.build/Release-iphoneos/PotatsoBase.build/all-product-headers.yaml (in target 'PotatsoBase' from project 'Potatso')
    cd /Users/runner/work/Potatso/Potatso
    write-file /Users/runner/work/_temp/build/DerivedData/Build/Intermediates.noindex/ArchiveIntermediates/Potatso/IntermediateBuildFilesPath/Potatso.build/Release-iphoneos/PotatsoBase.build/all-product-headers.yaml

WriteAuxiliaryFile /Users/runner/work/_temp/build/DerivedData/Build/Intermediates.noindex/ArchiveIntermediates/Potatso/IntermediateBuildFilesPath/Potatso.build/Release-iphoneos/PotatsoBase.build/PotatsoBase.hmap (in target 'PotatsoBase' from project 'Potatso')
    cd /Users/runner/work/Potatso/Potatso
    write-file /Users/runner/work/_temp/build/DerivedData/Build/Intermediates.noindex/ArchiveIntermediates/Potatso/IntermediateBuildFilesPath/Potatso.build/Release-iphoneos/PotatsoBase.build/PotatsoBase.hmap

WriteAuxiliaryFile /Users/runner/work/_temp/build/DerivedData/Build/Intermediates.noindex/ArchiveIntermediates/Potatso/IntermediateBuildFilesPath/Potatso.build/Release-iphoneos/PotatsoBase.build/PotatsoBase-project-headers.hmap (in target 'PotatsoBase' from project 'Potatso')
    cd /Users/runner/work/Potatso/Potatso
    write-file /Users/runner/work/_temp/build/DerivedData/Build/Intermediates.noindex/ArchiveIntermediates/Potatso/IntermediateBuildFilesPath/Potatso.build/Release-iphoneos/PotatsoBase.build/PotatsoBase-project-headers.hmap

WriteAuxiliaryFile /Users/runner/work/_temp/build/DerivedData/Build/Intermediates.noindex/ArchiveIntermediates/Potatso/IntermediateBuildFilesPath/Potatso.build/Release-iphoneos/PotatsoBase.build/PotatsoBase-own-target-headers.hmap (in target 'PotatsoBase' from project 'Potatso')
    cd /Users/runner/work/Potatso/Potatso
    write-file /Users/runner/work/_temp/build/DerivedData/Build/Intermediates.noindex/ArchiveIntermediates/Potatso/IntermediateBuildFilesPath/Potatso.build/Release-iphoneos/PotatsoBase.build/PotatsoBase-own-target-headers.hmap

WriteAuxiliaryFile /Users/runner/work/_temp/build/DerivedData/Build/Intermediates.noindex/ArchiveIntermediates/Potatso/IntermediateBuildFilesPath/Potatso.build/Release-iphoneos/PotatsoBase.build/PotatsoBase-generated-files.hmap (in target 'PotatsoBase' from project 'Potatso')
    cd /Users/runner/work/Potatso/Potatso
    write-file /Users/runner/work/_temp/build/DerivedData/Build/Intermediates.noindex/ArchiveIntermediates/Potatso/IntermediateBuildFilesPath/Potatso.build/Release-iphoneos/PotatsoBase.build/PotatsoBase-generated-files.hmap

WriteAuxiliaryFile /Users/runner/work/_temp/build/DerivedData/Build/Intermediates.noindex/ArchiveIntermediates/Potatso/IntermediateBuildFilesPath/Potatso.build/Release-iphoneos/PotatsoBase.build/PotatsoBase-all-target-headers.hmap (in target 'PotatsoBase' from project 'Potatso')
    cd /Users/runner/work/Potatso/Potatso
    write-file /Users/runner/work/_temp/build/DerivedData/Build/Intermediates.noindex/ArchiveIntermediates/Potatso/IntermediateBuildFilesPath/Potatso.build/Release-iphoneos/PotatsoBase.build/PotatsoBase-all-target-headers.hmap

WriteAuxiliaryFile /Users/runner/work/_temp/build/DerivedData/Build/Intermediates.noindex/ArchiveIntermediates/Potatso/IntermediateBuildFilesPath/Potatso.build/Release-iphoneos/PotatsoBase.build/PotatsoBase-all-non-framework-target-headers.hmap (in target 'PotatsoBase' from project 'Potatso')
    cd /Users/runner/work/Potatso/Potatso
    write-file /Users/runner/work/_temp/build/DerivedData/Build/Intermediates.noindex/ArchiveIntermediates/Potatso/IntermediateBuildFilesPath/Potatso.build/Release-iphoneos/PotatsoBase.build/PotatsoBase-all-non-framework-target-headers.hmap

SymLink /Users/runner/work/_temp/build/DerivedData/Build/Intermediates.noindex/ArchiveIntermediates/Potatso/BuildProductsPath/Release-iphoneos/PSOperations/PSOperations.framework ../../../IntermediateBuildFilesPath/UninstalledProducts/iphoneos/PSOperations.framework (in target 'PSOperations' from project 'Pods')
    cd /Users/runner/work/Potatso/Potatso/Pods
    /bin/ln -sfh ../../../IntermediateBuildFilesPath/UninstalledProducts/iphoneos/PSOperations.framework /Users/runner/work/_temp/build/DerivedData/Build/Intermediates.noindex/ArchiveIntermediates/Potatso/BuildProductsPath/Release-iphoneos/PSOperations/PSOperations.framework

MkDir /Users/runner/work/_temp/build/DerivedData/Build/Intermediates.noindex/ArchiveIntermediates/Potatso/IntermediateBuildFilesPath/UninstalledProducts/iphoneos/PSOperations.framework/Headers (in target 'PSOperations' from project 'Pods')
    cd /Users/runner/work/Potatso/Potatso/Pods
    /bin/mkdir -p /Users/runner/work/_temp/build/DerivedData/Build/Intermediates.noindex/ArchiveIntermediates/Potatso/IntermediateBuildFilesPath/UninstalledProducts/iphoneos/PSOperations.framework/Headers

MkDir /Users/runner/work/_temp/build/DerivedData/Build/Intermediates.noindex/ArchiveIntermediates/Potatso/IntermediateBuildFilesPath/UninstalledProducts/iphoneos/PSOperations.framework (in target 'PSOperations' from project 'Pods')
    cd /Users/runner/work/Potatso/Potatso/Pods
    /bin/mkdir -p /Users/runner/work/_temp/build/DerivedData/Build/Intermediates.noindex/ArchiveIntermediates/Potatso/IntermediateBuildFilesPath/UninstalledProducts/iphoneos/PSOperations.framework

CpHeader /Users/runner/work/_temp/build/DerivedData/Build/Intermediates.noindex/ArchiveIntermediates/Potatso/IntermediateBuildFilesPath/UninstalledProducts/iphoneos/SwiftColor.framework/Headers/SwiftColor.h /Users/runner/work/Potatso/Potatso/Pods/SwiftColor/SwiftColor/SwiftColor.h (in target 'SwiftColor' from project 'Pods')
    cd /Users/runner/work/Potatso/Potatso/Pods
    builtin-copy -exclude .DS_Store -exclude CVS -exclude .svn -exclude .git -exclude .hg -resolve-src-symlinks /Users/runner/work/Potatso/Potatso/Pods/SwiftColor/SwiftColor/SwiftColor.h /Users/runner/work/_temp/build/DerivedData/Build/Intermediates.noindex/ArchiveIntermediates/Potatso/IntermediateBuildFilesPath/UninstalledProducts/iphoneos/SwiftColor.framework/Headers

CpHeader /Users/runner/work/_temp/build/DerivedData/Build/Intermediates.noindex/ArchiveIntermediates/Potatso/IntermediateBuildFilesPath/UninstalledProducts/iphoneos/SwiftColor.framework/Headers/SwiftColor-umbrella.h /Users/runner/work/Potatso/Potatso/Pods/Target\ Support\ Files/SwiftColor/SwiftColor-umbrella.h (in target 'SwiftColor' from project 'Pods')
    cd /Users/runner/work/Potatso/Potatso/Pods
    builtin-copy -exclude .DS_Store -exclude CVS -exclude .svn -exclude .git -exclude .hg -resolve-src-symlinks /Users/runner/work/Potatso/Potatso/Pods/Target\ Support\ Files/SwiftColor/SwiftColor-umbrella.h /Users/runner/work/_temp/build/DerivedData/Build/Intermediates.noindex/ArchiveIntermediates/Potatso/IntermediateBuildFilesPath/UninstalledProducts/iphoneos/SwiftColor.framework/Headers

WriteAuxiliaryFile /Users/runner/work/_temp/build/DerivedData/Build/Intermediates.noindex/ArchiveIntermediates/Potatso/IntermediateBuildFilesPath/ShadowPath.build/Release-iphoneos/ShadowPath.build/Objects-normal/arm64/ShadowPath.LinkFileList (in target 'ShadowPath' from project 'ShadowPath')
    cd /Users/runner/work/Potatso/Potatso/Library/ShadowPath
    write-file /Users/runner/work/_temp/build/DerivedData/Build/Intermediates.noindex/ArchiveIntermediates/Potatso/IntermediateBuildFilesPath/ShadowPath.build/Release-iphoneos/ShadowPath.build/Objects-normal/arm64/ShadowPath.LinkFileList

WriteAuxiliaryFile /Users/runner/work/_temp/build/DerivedData/Build/Intermediates.noindex/ArchiveIntermediates/Potatso/IntermediateBuildFilesPath/Potatso.build/Release-iphoneos/PotatsoBase.build/unextended-module.modulemap (in target 'PotatsoBase' from project 'Potatso')
    cd /Users/runner/work/Potatso/Potatso
    write-file /Users/runner/work/_temp/build/DerivedData/Build/Intermediates.noindex/ArchiveIntermediates/Potatso/IntermediateBuildFilesPath/Potatso.build/Release-iphoneos/PotatsoBase.build/unextended-module.modulemap

WriteAuxiliaryFile /Users/runner/work/_temp/build/DerivedData/Build/Intermediates.noindex/ArchiveIntermediates/Potatso/IntermediateBuildFilesPath/Potatso.build/Release-iphoneos/PotatsoBase.build/unextended-module-overlay.yaml (in target 'PotatsoBase' from project 'Potatso')
    cd /Users/runner/work/Potatso/Potatso
    write-file /Users/runner/work/_temp/build/DerivedData/Build/Intermediates.noindex/ArchiveIntermediates/Potatso/IntermediateBuildFilesPath/Potatso.build/Release-iphoneos/PotatsoBase.build/unextended-module-overlay.yaml

WriteAuxiliaryFile /Users/runner/work/_temp/build/DerivedData/Build/Intermediates.noindex/ArchiveIntermediates/Potatso/IntermediateBuildFilesPath/Potatso.build/Release-iphoneos/PotatsoBase.build/module.modulemap (in target 'PotatsoBase' from project 'Potatso')
    cd /Users/runner/work/Potatso/Potatso
    write-file /Users/runner/work/_temp/build/DerivedData/Build/Intermediates.noindex/ArchiveIntermediates/Potatso/IntermediateBuildFilesPath/Potatso.build/Release-iphoneos/PotatsoBase.build/module.modulemap

ProcessInfoPlistFile /Users/runner/work/_temp/build/DerivedData/Build/Intermediates.noindex/ArchiveIntermediates/Potatso/IntermediateBuildFilesPath/UninstalledProducts/iphoneos/SwiftColor.framework/Info.plist /Users/runner/work/Potatso/Potatso/Pods/Target\ Support\ Files/SwiftColor/SwiftColor-Info.plist (in target 'SwiftColor' from project 'Pods')
    cd /Users/runner/work/Potatso/Potatso/Pods
    builtin-infoPlistUtility /Users/runner/work/Potatso/Potatso/Pods/Target\ Support\ Files/SwiftColor/SwiftColor-Info.plist -producttype com.apple.product-type.framework -expandbuildsettings -format binary -platform iphoneos -requiredArchitecture arm64 -o /Users/runner/work/_temp/build/DerivedData/Build/Intermediates.noindex/ArchiveIntermediates/Potatso/IntermediateBuildFilesPath/UninstalledProducts/iphoneos/SwiftColor.framework/Info.plist

WriteAuxiliaryFile /Users/runner/work/_temp/build/DerivedData/Build/Intermediates.noindex/ArchiveIntermediates/Potatso/IntermediateBuildFilesPath/ShadowPath.build/Release-iphoneos/ShadowPath.build/Objects-normal/arm64/e6072d4f65d7061329687fe24e3d63a7-common-args.resp (in target 'ShadowPath' from project 'ShadowPath')
    cd /Users/runner/work/Potatso/Potatso/Library/ShadowPath
    write-file /Users/runner/work/_temp/build/DerivedData/Build/Intermediates.noindex/ArchiveIntermediates/Potatso/IntermediateBuildFilesPath/ShadowPath.build/Release-iphoneos/ShadowPath.build/Objects-normal/arm64/e6072d4f65d7061329687fe24e3d63a7-common-args.resp
-target arm64-apple-ios9.3 '-std=gnu99' -fobjc-arc -fmodules -gmodules '-fmodules-cache-path=/Users/runner/work/_temp/build/DerivedData/ModuleCache.noindex' '-fmodule-name=ShadowPath' -fpascal-strings -Os -fno-common '-DNS_BLOCK_ASSERTIONS=1' '-DOBJC_OLD_DISPATCH_PROTOTYPES=0' -isysroot /Applications/Xcode_15.4.app/Contents/Developer/Platforms/iPhoneOS.platform/Developer/SDKs/iPhoneOS17.5.sdk -g -iquote /Users/runner/work/_temp/build/DerivedData/Build/Intermediates.noindex/ArchiveIntermediates/Potatso/IntermediateBuildFilesPath/ShadowPath.build/Release-iphoneos/ShadowPath.build/ShadowPath-generated-files.hmap -I/Users/runner/work/_temp/build/DerivedData/Build/Intermediates.noindex/ArchiveIntermediates/Potatso/IntermediateBuildFilesPath/ShadowPath.build/Release-iphoneos/ShadowPath.build/ShadowPath-own-target-headers.hmap -I/Users/runner/work/_temp/build/DerivedData/Build/Intermediates.noindex/ArchiveIntermediates/Potatso/IntermediateBuildFilesPath/ShadowPath.build/Release-iphoneos/ShadowPath.build/ShadowPath-all-non-framework-target-headers.hmap -ivfsoverlay /Users/runner/work/_temp/build/DerivedData/Build/Intermediates.noindex/ArchiveIntermediates/Potatso/IntermediateBuildFilesPath/ShadowPath.build/Release-iphoneos/ShadowPath.build/all-product-headers.yaml -iquote /Users/runner/work/_temp/build/DerivedData/Build/Intermediates.noindex/ArchiveIntermediates/Potatso/IntermediateBuildFilesPath/ShadowPath.build/Release-iphoneos/ShadowPath.build/ShadowPath-project-headers.hmap -I/Users/runner/work/_temp/build/DerivedData/Build/Intermediates.noindex/ArchiveIntermediates/Potatso/BuildProductsPath/Release-iphoneos/include -I/Users/runner/work/Potatso/Potatso/Library/ShadowPath/ShadowPath/Shadowsocks-libev/libcork/include -I/Users/runner/work/Potatso/Potatso/Library/ShadowPath/ShadowPath/Shadowsocks-libev/libipset/include -I/Users/runner/work/Potatso/Potatso/Library/ShadowPath/ShadowPath/libopenssl/include -I/Users/runner/work/Potatso/Potatso/Library/ShadowPath/ShadowPath/libsodium-ios/include -I/Users/runner/work/_temp/build/DerivedData/Build/Intermediates.noindex/ArchiveIntermediates/Potatso/IntermediateBuildFilesPath/ShadowPath.build/Release-iphoneos/ShadowPath.build/DerivedSources-normal/arm64 -I/Users/runner/work/_temp/build/DerivedData/Build/Intermediates.noindex/ArchiveIntermediates/Potatso/IntermediateBuildFilesPath/ShadowPath.build/Release-iphoneos/ShadowPath.build/DerivedSources/arm64 -I/Users/runner/work/_temp/build/DerivedData/Build/Intermediates.noindex/ArchiveIntermediates/Potatso/IntermediateBuildFilesPath/ShadowPath.build/Release-iphoneos/ShadowPath.build/DerivedSources -F/Users/runner/work/_temp/build/DerivedData/Build/Intermediates.noindex/ArchiveIntermediates/Potatso/BuildProductsPath/Release-iphoneos -DHAVE_CONFIG_H -DUSE_CRYPTO_OPENSSL -DLIB_ONLY -DUDPRELAY_LOCAL -DMODULE_LOCAL

Copy /Users/runner/work/_temp/build/DerivedData/Build/Intermediates.noindex/ArchiveIntermediates/Potatso/IntermediateBuildFilesPath/UninstalledProducts/iphoneos/PotatsoBase.framework/Modules/module.modulemap /Users/runner/work/_temp/build/DerivedData/Build/Intermediates.noindex/ArchiveIntermediates/Potatso/IntermediateBuildFilesPath/Potatso.build/Release-iphoneos/PotatsoBase.build/module.modulemap (in target 'PotatsoBase' from project 'Potatso')
    cd /Users/runner/work/Potatso/Potatso
    builtin-copy -exclude .DS_Store -exclude CVS -exclude .svn -exclude .git -exclude .hg -resolve-src-symlinks /Users/runner/work/_temp/build/DerivedData/Build/Intermediates.noindex/ArchiveIntermediates/Potatso/IntermediateBuildFilesPath/Potatso.build/Release-iphoneos/PotatsoBase.build/module.modulemap /Users/runner/work/_temp/build/DerivedData/Build/Intermediates.noindex/ArchiveIntermediates/Potatso/IntermediateBuildFilesPath/UninstalledProducts/iphoneos/PotatsoBase.framework/Modules

WriteAuxiliaryFile /Users/runner/work/_temp/build/DerivedData/Build/Intermediates.noindex/ArchiveIntermediates/Potatso/IntermediateBuildFilesPath/ShadowPath.build/Release-iphoneos/ShadowPath.build/Objects-normal/arm64/7187679823f38a2a940e0043cdf9d637-common-args.resp (in target 'ShadowPath' from project 'ShadowPath')
    cd /Users/runner/work/Potatso/Potatso/Library/ShadowPath
    write-file /Users/runner/work/_temp/build/DerivedData/Build/Intermediates.noindex/ArchiveIntermediates/Potatso/IntermediateBuildFilesPath/ShadowPath.build/Release-iphoneos/ShadowPath.build/Objects-normal/arm64/7187679823f38a2a940e0043cdf9d637-common-args.resp
-target arm64-apple-ios9.3 '-std=gnu99' -fmodules -gmodules '-fmodules-cache-path=/Users/runner/work/_temp/build/DerivedData/ModuleCache.noindex' '-fmodule-name=ShadowPath' -fpascal-strings -Os -fno-common -isysroot /Applications/Xcode_15.4.app/Contents/Developer/Platforms/iPhoneOS.platform/Developer/SDKs/iPhoneOS17.5.sdk -g -iquote /Users/runner/work/_temp/build/DerivedData/Build/Intermediates.noindex/ArchiveIntermediates/Potatso/IntermediateBuildFilesPath/ShadowPath.build/Release-iphoneos/ShadowPath.build/ShadowPath-generated-files.hmap -I/Users/runner/work/_temp/build/DerivedData/Build/Intermediates.noindex/ArchiveIntermediates/Potatso/IntermediateBuildFilesPath/ShadowPath.build/Release-iphoneos/ShadowPath.build/ShadowPath-own-target-headers.hmap -I/Users/runner/work/_temp/build/DerivedData/Build/Intermediates.noindex/ArchiveIntermediates/Potatso/IntermediateBuildFilesPath/ShadowPath.build/Release-iphoneos/ShadowPath.build/ShadowPath-all-non-framework-target-headers.hmap -ivfsoverlay /Users/runner/work/_temp/build/DerivedData/Build/Intermediates.noindex/ArchiveIntermediates/Potatso/IntermediateBuildFilesPath/ShadowPath.build/Release-iphoneos/ShadowPath.build/all-product-headers.yaml -iquote /Users/runner/work/_temp/build/DerivedData/Build/Intermediates.noindex/ArchiveIntermediates/Potatso/IntermediateBuildFilesPath/ShadowPath.build/Release-iphoneos/ShadowPath.build/ShadowPath-project-headers.hmap -I/Users/runner/work/_temp/build/DerivedData/Build/Intermediates.noindex/ArchiveIntermediates/Potatso/BuildProductsPath/Release-iphoneos/include -I/Users/runner/work/Potatso/Potatso/Library/ShadowPath/ShadowPath/Shadowsocks-libev/libcork/include -I/Users/runner/work/Potatso/Potatso/Library/ShadowPath/ShadowPath/Shadowsocks-libev/libipset/include -I/Users/runner/work/Potatso/Potatso/Library/ShadowPath/ShadowPath/libopenssl/include -I/Users/runner/work/Potatso/Potatso/Library/ShadowPath/ShadowPath/libsodium-ios/include -I/Users/runner/work/_temp/build/DerivedData/Build/Intermediates.noindex/ArchiveIntermediates/Potatso/IntermediateBuildFilesPath/ShadowPath.build/Release-iphoneos/ShadowPath.build/DerivedSources-normal/arm64 -I/Users/runner/work/_temp/build/DerivedData/Build/Intermediates.noindex/ArchiveIntermediates/Potatso/IntermediateBuildFilesPath/ShadowPath.build/Release-iphoneos/ShadowPath.build/DerivedSources/arm64 -I/Users/runner/work/_temp/build/DerivedData/Build/Intermediates.noindex/ArchiveIntermediates/Potatso/IntermediateBuildFilesPath/ShadowPath.build/Release-iphoneos/ShadowPath.build/DerivedSources -F/Users/runner/work/_temp/build/DerivedData/Build/Intermediates.noindex/ArchiveIntermediates/Potatso/BuildProductsPath/Release-iphoneos -DHAVE_CONFIG_H -DUSE_CRYPTO_OPENSSL -DLIB_ONLY -DUDPRELAY_LOCAL -DMODULE_LOCAL

WriteAuxiliaryFile /Users/runner/work/_temp/build/DerivedData/Build/Intermediates.noindex/ArchiveIntermediates/Potatso/IntermediateBuildFilesPath/ShadowPath.build/Release-iphoneos/ShadowPath.build/DerivedSources/ShadowPath_vers.c (in target 'ShadowPath' from project 'ShadowPath')
    cd /Users/runner/work/Potatso/Potatso/Library/ShadowPath
    write-file /Users/runner/work/_temp/build/DerivedData/Build/Intermediates.noindex/ArchiveIntermediates/Potatso/IntermediateBuildFilesPath/ShadowPath.build/Release-iphoneos/ShadowPath.build/DerivedSources/ShadowPath_vers.c

ProcessInfoPlistFile /Users/runner/work/_temp/build/DerivedData/Build/Intermediates.noindex/ArchiveIntermediates/Potatso/IntermediateBuildFilesPath/UninstalledProducts/iphoneos/ShadowPath.framework/Info.plist /Users/runner/work/Potatso/Potatso/Library/ShadowPath/ShadowPath/Info.plist (in target 'ShadowPath' from project 'ShadowPath')
    cd /Users/runner/work/Potatso/Potatso/Library/ShadowPath
    builtin-infoPlistUtility /Users/runner/work/Potatso/Potatso/Library/ShadowPath/ShadowPath/Info.plist -producttype com.apple.product-type.framework -expandbuildsettings -format binary -platform iphoneos -requiredArchitecture arm64 -o /Users/runner/work/_temp/build/DerivedData/Build/Intermediates.noindex/ArchiveIntermediates/Potatso/IntermediateBuildFilesPath/UninstalledProducts/iphoneos/ShadowPath.framework/Info.plist

WriteAuxiliaryFile /Users/runner/work/_temp/build/DerivedData/Build/Intermediates.noindex/ArchiveIntermediates/Potatso/IntermediateBuildFilesPath/Pods.build/Release-iphoneos/SwiftColor.build/Objects-normal/arm64/SwiftColor.LinkFileList (in target 'SwiftColor' from project 'Pods')
    cd /Users/runner/work/Potatso/Potatso/Pods
    write-file /Users/runner/work/_temp/build/DerivedData/Build/Intermediates.noindex/ArchiveIntermediates/Potatso/IntermediateBuildFilesPath/Pods.build/Release-iphoneos/SwiftColor.build/Objects-normal/arm64/SwiftColor.LinkFileList

WriteAuxiliaryFile /Users/runner/work/_temp/build/DerivedData/Build/Intermediates.noindex/ArchiveIntermediates/Potatso/IntermediateBuildFilesPath/Pods.build/Release-iphoneos/SwiftColor.build/Objects-normal/arm64/e6072d4f65d7061329687fe24e3d63a7-common-args.resp (in target 'SwiftColor' from project 'Pods')
    cd /Users/runner/work/Potatso/Potatso/Pods
    write-file /Users/runner/work/_temp/build/DerivedData/Build/Intermediates.noindex/ArchiveIntermediates/Potatso/IntermediateBuildFilesPath/Pods.build/Release-iphoneos/SwiftColor.build/Objects-normal/arm64/e6072d4f65d7061329687fe24e3d63a7-common-args.resp
-target arm64-apple-ios12.0 '-std=gnu11' -fobjc-arc -fobjc-weak -fmodules -gmodules '-fmodules-cache-path=/Users/runner/work/_temp/build/DerivedData/ModuleCache.noindex' '-fmodule-name=SwiftColor' -fapplication-extension -fpascal-strings -Os -fno-common '-DPOD_CONFIGURATION_RELEASE=1' '-DCOCOAPODS=1' '-DNS_BLOCK_ASSERTIONS=1' '-DOBJC_OLD_DISPATCH_PROTOTYPES=0' -isysroot /Applications/Xcode_15.4.app/Contents/Developer/Platforms/iPhoneOS.platform/Developer/SDKs/iPhoneOS17.5.sdk -g -iquote /Users/runner/work/_temp/build/DerivedData/Build/Intermediates.noindex/ArchiveIntermediates/Potatso/IntermediateBuildFilesPath/Pods.build/Release-iphoneos/SwiftColor.build/SwiftColor-generated-files.hmap -I/Users/runner/work/_temp/build/DerivedData/Build/Intermediates.noindex/ArchiveIntermediates/Potatso/IntermediateBuildFilesPath/Pods.build/Release-iphoneos/SwiftColor.build/SwiftColor-own-target-headers.hmap -I/Users/runner/work/_temp/build/DerivedData/Build/Intermediates.noindex/ArchiveIntermediates/Potatso/IntermediateBuildFilesPath/Pods.build/Release-iphoneos/SwiftColor.build/SwiftColor-all-non-framework-target-headers.hmap -ivfsoverlay /Users/runner/work/_temp/build/DerivedData/Build/Intermediates.noindex/ArchiveIntermediates/Potatso/IntermediateBuildFilesPath/Pods.build/Release-iphoneos/SwiftColor.build/all-product-headers.yaml -iquote /Users/runner/work/_temp/build/DerivedData/Build/Intermediates.noindex/ArchiveIntermediates/Potatso/IntermediateBuildFilesPath/Pods.build/Release-iphoneos/SwiftColor.build/SwiftColor-project-headers.hmap -I/Users/runner/work/_temp/build/DerivedData/Build/Intermediates.noindex/ArchiveIntermediates/Potatso/BuildProductsPath/Release-iphoneos/SwiftColor/include -I/Users/runner/work/_temp/build/DerivedData/Build/Intermediates.noindex/ArchiveIntermediates/Potatso/IntermediateBuildFilesPath/Pods.build/Release-iphoneos/SwiftColor.build/DerivedSources-normal/arm64 -I/Users/runner/work/_temp/build/DerivedData/Build/Intermediates.noindex/ArchiveIntermediates/Potatso/IntermediateBuildFilesPath/Pods.build/Release-iphoneos/SwiftColor.build/DerivedSources/arm64 -I/Users/runner/work/_temp/build/DerivedData/Build/Intermediates.noindex/ArchiveIntermediates/Potatso/IntermediateBuildFilesPath/Pods.build/Release-iphoneos/SwiftColor.build/DerivedSources -F/Users/runner/work/_temp/build/DerivedData/Build/Intermediates.noindex/ArchiveIntermediates/Potatso/BuildProductsPath/Release-iphoneos/SwiftColor

WriteAuxiliaryFile /Users/runner/work/_temp/build/DerivedData/Build/Intermediates.noindex/ArchiveIntermediates/Potatso/IntermediateBuildFilesPath/Pods.build/Release-iphoneos/SwiftColor.build/Objects-normal/arm64/SwiftColor_const_extract_protocols.json (in target 'SwiftColor' from project 'Pods')
    cd /Users/runner/work/Potatso/Potatso/Pods
    write-file /Users/runner/work/_temp/build/DerivedData/Build/Intermediates.noindex/ArchiveIntermediates/Potatso/IntermediateBuildFilesPath/Pods.build/Release-iphoneos/SwiftColor.build/Objects-normal/arm64/SwiftColor_const_extract_protocols.json

WriteAuxiliaryFile /Users/runner/work/_temp/build/DerivedData/Build/Intermediates.noindex/ArchiveIntermediates/Potatso/IntermediateBuildFilesPath/Pods.build/Release-iphoneos/SwiftColor.build/Objects-normal/arm64/SwiftColor.SwiftFileList (in target 'SwiftColor' from project 'Pods')
    cd /Users/runner/work/Potatso/Potatso/Pods
    write-file /Users/runner/work/_temp/build/DerivedData/Build/Intermediates.noindex/ArchiveIntermediates/Potatso/IntermediateBuildFilesPath/Pods.build/Release-iphoneos/SwiftColor.build/Objects-normal/arm64/SwiftColor.SwiftFileList

WriteAuxiliaryFile /Users/runner/work/_temp/build/DerivedData/Build/Intermediates.noindex/ArchiveIntermediates/Potatso/IntermediateBuildFilesPath/Pods.build/Release-iphoneos/SwiftColor.build/Objects-normal/arm64/SwiftColor-OutputFileMap.json (in target 'SwiftColor' from project 'Pods')
    cd /Users/runner/work/Potatso/Potatso/Pods
    write-file /Users/runner/work/_temp/build/DerivedData/Build/Intermediates.noindex/ArchiveIntermediates/Potatso/IntermediateBuildFilesPath/Pods.build/Release-iphoneos/SwiftColor.build/Objects-normal/arm64/SwiftColor-OutputFileMap.json

WriteAuxiliaryFile /Users/runner/work/_temp/build/DerivedData/Build/Intermediates.noindex/ArchiveIntermediates/Potatso/IntermediateBuildFilesPath/Pods.build/Release-iphoneos/SwiftColor.build/Objects-normal/arm64/7187679823f38a2a940e0043cdf9d637-common-args.resp (in target 'SwiftColor' from project 'Pods')
    cd /Users/runner/work/Potatso/Potatso/Pods
    write-file /Users/runner/work/_temp/build/DerivedData/Build/Intermediates.noindex/ArchiveIntermediates/Potatso/IntermediateBuildFilesPath/Pods.build/Release-iphoneos/SwiftColor.build/Objects-normal/arm64/7187679823f38a2a940e0043cdf9d637-common-args.resp
-target arm64-apple-ios12.0 '-std=gnu11' -fmodules -gmodules '-fmodules-cache-path=/Users/runner/work/_temp/build/DerivedData/ModuleCache.noindex' '-fmodule-name=SwiftColor' -fapplication-extension -fpascal-strings -Os -fno-common '-DPOD_CONFIGURATION_RELEASE=1' '-DCOCOAPODS=1' -isysroot /Applications/Xcode_15.4.app/Contents/Developer/Platforms/iPhoneOS.platform/Developer/SDKs/iPhoneOS17.5.sdk -g -iquote /Users/runner/work/_temp/build/DerivedData/Build/Intermediates.noindex/ArchiveIntermediates/Potatso/IntermediateBuildFilesPath/Pods.build/Release-iphoneos/SwiftColor.build/SwiftColor-generated-files.hmap -I/Users/runner/work/_temp/build/DerivedData/Build/Intermediates.noindex/ArchiveIntermediates/Potatso/IntermediateBuildFilesPath/Pods.build/Release-iphoneos/SwiftColor.build/SwiftColor-own-target-headers.hmap -I/Users/runner/work/_temp/build/DerivedData/Build/Intermediates.noindex/ArchiveIntermediates/Potatso/IntermediateBuildFilesPath/Pods.build/Release-iphoneos/SwiftColor.build/SwiftColor-all-non-framework-target-headers.hmap -ivfsoverlay /Users/runner/work/_temp/build/DerivedData/Build/Intermediates.noindex/ArchiveIntermediates/Potatso/IntermediateBuildFilesPath/Pods.build/Release-iphoneos/SwiftColor.build/all-product-headers.yaml -iquote /Users/runner/work/_temp/build/DerivedData/Build/Intermediates.noindex/ArchiveIntermediates/Potatso/IntermediateBuildFilesPath/Pods.build/Release-iphoneos/SwiftColor.build/SwiftColor-project-headers.hmap -I/Users/runner/work/_temp/build/DerivedData/Build/Intermediates.noindex/ArchiveIntermediates/Potatso/BuildProductsPath/Release-iphoneos/SwiftColor/include -I/Users/runner/work/_temp/build/DerivedData/Build/Intermediates.noindex/ArchiveIntermediates/Potatso/IntermediateBuildFilesPath/Pods.build/Release-iphoneos/SwiftColor.build/DerivedSources-normal/arm64 -I/Users/runner/work/_temp/build/DerivedData/Build/Intermediates.noindex/ArchiveIntermediates/Potatso/IntermediateBuildFilesPath/Pods.build/Release-iphoneos/SwiftColor.build/DerivedSources/arm64 -I/Users/runner/work/_temp/build/DerivedData/Build/Intermediates.noindex/ArchiveIntermediates/Potatso/IntermediateBuildFilesPath/Pods.build/Release-iphoneos/SwiftColor.build/DerivedSources -F/Users/runner/work/_temp/build/DerivedData/Build/Intermediates.noindex/ArchiveIntermediates/Potatso/BuildProductsPath/Release-iphoneos/SwiftColor

WriteAuxiliaryFile /Users/runner/work/_temp/build/DerivedData/Build/Intermediates.noindex/ArchiveIntermediates/Potatso/IntermediateBuildFilesPath/Pods.build/Release-iphoneos/SwiftColor.build/DerivedSources/SwiftColor_vers.c (in target 'SwiftColor' from project 'Pods')
    cd /Users/runner/work/Potatso/Potatso/Pods
    write-file /Users/runner/work/_temp/build/DerivedData/Build/Intermediates.noindex/ArchiveIntermediates/Potatso/IntermediateBuildFilesPath/Pods.build/Release-iphoneos/SwiftColor.build/DerivedSources/SwiftColor_vers.c

CreateBuildDirectory /Users/runner/work/_temp/build/DerivedData/Build/Intermediates.noindex/ArchiveIntermediates/Potatso/BuildProductsPath/Release-iphoneos/ObjectMapper
    cd /Users/runner/work/Potatso/Potatso
    builtin-create-build-directory /Users/runner/work/_temp/build/DerivedData/Build/Intermediates.noindex/ArchiveIntermediates/Potatso/BuildProductsPath/Release-iphoneos/ObjectMapper

WriteAuxiliaryFile /Users/runner/work/_temp/build/DerivedData/Build/Intermediates.noindex/ArchiveIntermediates/Potatso/IntermediateBuildFilesPath/Pods.build/Release-iphoneos/Realm.build/all-product-headers.yaml (in target 'Realm' from project 'Pods')
    cd /Users/runner/work/Potatso/Potatso/Pods
    write-file /Users/runner/work/_temp/build/DerivedData/Build/Intermediates.noindex/ArchiveIntermediates/Potatso/IntermediateBuildFilesPath/Pods.build/Release-iphoneos/Realm.build/all-product-headers.yaml

WriteAuxiliaryFile /Users/runner/work/_temp/build/DerivedData/Build/Intermediates.noindex/ArchiveIntermediates/Potatso/IntermediateBuildFilesPath/Pods.build/Release-iphoneos/Realm.build/Realm.hmap (in target 'Realm' from project 'Pods')
    cd /Users/runner/work/Potatso/Potatso/Pods
    write-file /Users/runner/work/_temp/build/DerivedData/Build/Intermediates.noindex/ArchiveIntermediates/Potatso/IntermediateBuildFilesPath/Pods.build/Release-iphoneos/Realm.build/Realm.hmap

WriteAuxiliaryFile /Users/runner/work/_temp/build/DerivedData/Build/Intermediates.noindex/ArchiveIntermediates/Potatso/IntermediateBuildFilesPath/Potatso.build/Release-iphoneos/PotatsoBase.build/Objects-normal/arm64/PotatsoBase.LinkFileList (in target 'PotatsoBase' from project 'Potatso')
    cd /Users/runner/work/Potatso/Potatso
    write-file /Users/runner/work/_temp/build/DerivedData/Build/Intermediates.noindex/ArchiveIntermediates/Potatso/IntermediateBuildFilesPath/Potatso.build/Release-iphoneos/PotatsoBase.build/Objects-normal/arm64/PotatsoBase.LinkFileList

WriteAuxiliaryFile /Users/runner/work/_temp/build/DerivedData/Build/Intermediates.noindex/ArchiveIntermediates/Potatso/IntermediateBuildFilesPath/Pods.build/Release-iphoneos/Realm.build/Realm-project-headers.hmap (in target 'Realm' from project 'Pods')
    cd /Users/runner/work/Potatso/Potatso/Pods
    write-file /Users/runner/work/_temp/build/DerivedData/Build/Intermediates.noindex/ArchiveIntermediates/Potatso/IntermediateBuildFilesPath/Pods.build/Release-iphoneos/Realm.build/Realm-project-headers.hmap

WriteAuxiliaryFile /Users/runner/work/_temp/build/DerivedData/Build/Intermediates.noindex/ArchiveIntermediates/Potatso/IntermediateBuildFilesPath/Pods.build/Release-iphoneos/Realm.build/Realm-own-target-headers.hmap (in target 'Realm' from project 'Pods')
    cd /Users/runner/work/Potatso/Potatso/Pods
    write-file /Users/runner/work/_temp/build/DerivedData/Build/Intermediates.noindex/ArchiveIntermediates/Potatso/IntermediateBuildFilesPath/Pods.build/Release-iphoneos/Realm.build/Realm-own-target-headers.hmap

WriteAuxiliaryFile /Users/runner/work/_temp/build/DerivedData/Build/Intermediates.noindex/ArchiveIntermediates/Potatso/IntermediateBuildFilesPath/Pods.build/Release-iphoneos/Realm.build/Realm-generated-files.hmap (in target 'Realm' from project 'Pods')
    cd /Users/runner/work/Potatso/Potatso/Pods
    write-file /Users/runner/work/_temp/build/DerivedData/Build/Intermediates.noindex/ArchiveIntermediates/Potatso/IntermediateBuildFilesPath/Pods.build/Release-iphoneos/Realm.build/Realm-generated-files.hmap

WriteAuxiliaryFile /Users/runner/work/_temp/build/DerivedData/Build/Intermediates.noindex/ArchiveIntermediates/Potatso/IntermediateBuildFilesPath/Pods.build/Release-iphoneos/Realm.build/Realm-all-target-headers.hmap (in target 'Realm' from project 'Pods')
    cd /Users/runner/work/Potatso/Potatso/Pods
    write-file /Users/runner/work/_temp/build/DerivedData/Build/Intermediates.noindex/ArchiveIntermediates/Potatso/IntermediateBuildFilesPath/Pods.build/Release-iphoneos/Realm.build/Realm-all-target-headers.hmap

WriteAuxiliaryFile /Users/runner/work/_temp/build/DerivedData/Build/Intermediates.noindex/ArchiveIntermediates/Potatso/IntermediateBuildFilesPath/Pods.build/Release-iphoneos/Realm.build/Realm-all-non-framework-target-headers.hmap (in target 'Realm' from project 'Pods')
    cd /Users/runner/work/Potatso/Potatso/Pods
    write-file /Users/runner/work/_temp/build/DerivedData/Build/Intermediates.noindex/ArchiveIntermediates/Potatso/IntermediateBuildFilesPath/Pods.build/Release-iphoneos/Realm.build/Realm-all-non-framework-target-headers.hmap

WriteAuxiliaryFile /Users/runner/work/_temp/build/DerivedData/Build/Intermediates.noindex/ArchiveIntermediates/Potatso/IntermediateBuildFilesPath/Potatso.build/Release-iphoneos/PotatsoBase.build/Objects-normal/arm64/e6072d4f65d7061329687fe24e3d63a7-common-args.resp (in target 'PotatsoBase' from project 'Potatso')
    cd /Users/runner/work/Potatso/Potatso
    write-file /Users/runner/work/_temp/build/DerivedData/Build/Intermediates.noindex/ArchiveIntermediates/Potatso/IntermediateBuildFilesPath/Potatso.build/Release-iphoneos/PotatsoBase.build/Objects-normal/arm64/e6072d4f65d7061329687fe24e3d63a7-common-args.resp
-target arm64-apple-ios9.0 '-std=gnu99' -fobjc-arc -fmodules -gmodules '-fmodules-cache-path=/Users/runner/work/_temp/build/DerivedData/ModuleCache.noindex' '-fmodule-name=PotatsoBase' -fapplication-extension -fpascal-strings -Os -fno-common '-DNS_BLOCK_ASSERTIONS=1' '-DOBJC_OLD_DISPATCH_PROTOTYPES=0' -isysroot /Applications/Xcode_15.4.app/Contents/Developer/Platforms/iPhoneOS.platform/Developer/SDKs/iPhoneOS17.5.sdk -g -iquote /Users/runner/work/_temp/build/DerivedData/Build/Intermediates.noindex/ArchiveIntermediates/Potatso/IntermediateBuildFilesPath/Potatso.build/Release-iphoneos/PotatsoBase.build/PotatsoBase-generated-files.hmap -I/Users/runner/work/_temp/build/DerivedData/Build/Intermediates.noindex/ArchiveIntermediates/Potatso/IntermediateBuildFilesPath/Potatso.build/Release-iphoneos/PotatsoBase.build/PotatsoBase-own-target-headers.hmap -I/Users/runner/work/_temp/build/DerivedData/Build/Intermediates.noindex/ArchiveIntermediates/Potatso/IntermediateBuildFilesPath/Potatso.build/Release-iphoneos/PotatsoBase.build/PotatsoBase-all-non-framework-target-headers.hmap -ivfsoverlay /Users/runner/work/_temp/build/DerivedData/Build/Intermediates.noindex/ArchiveIntermediates/Potatso/IntermediateBuildFilesPath/Potatso.build/Release-iphoneos/PotatsoBase.build/all-product-headers.yaml -iquote /Users/runner/work/_temp/build/DerivedData/Build/Intermediates.noindex/ArchiveIntermediates/Potatso/IntermediateBuildFilesPath/Potatso.build/Release-iphoneos/PotatsoBase.build/PotatsoBase-project-headers.hmap -I/Users/runner/work/_temp/build/DerivedData/Build/Intermediates.noindex/ArchiveIntermediates/Potatso/BuildProductsPath/Release-iphoneos/include -I/Users/runner/work/_temp/build/DerivedData/Build/Intermediates.noindex/ArchiveIntermediates/Potatso/IntermediateBuildFilesPath/Potatso.build/Release-iphoneos/PotatsoBase.build/DerivedSources-normal/arm64 -I/Users/runner/work/_temp/build/DerivedData/Build/Intermediates.noindex/ArchiveIntermediates/Potatso/IntermediateBuildFilesPath/Potatso.build/Release-iphoneos/PotatsoBase.build/DerivedSources/arm64 -I/Users/runner/work/_temp/build/DerivedData/Build/Intermediates.noindex/ArchiveIntermediates/Potatso/IntermediateBuildFilesPath/Potatso.build/Release-iphoneos/PotatsoBase.build/DerivedSources -F/Users/runner/work/_temp/build/DerivedData/Build/Intermediates.noindex/ArchiveIntermediates/Potatso/BuildProductsPath/Release-iphoneos

WriteAuxiliaryFile /Users/runner/work/_temp/build/DerivedData/Build/Intermediates.noindex/ArchiveIntermediates/Potatso/IntermediateBuildFilesPath/Potatso.build/Release-iphoneos/PotatsoBase.build/Objects-normal/arm64/PotatsoBase_const_extract_protocols.json (in target 'PotatsoBase' from project 'Potatso')
    cd /Users/runner/work/Potatso/Potatso
    write-file /Users/runner/work/_temp/build/DerivedData/Build/Intermediates.noindex/ArchiveIntermediates/Potatso/IntermediateBuildFilesPath/Potatso.build/Release-iphoneos/PotatsoBase.build/Objects-normal/arm64/PotatsoBase_const_extract_protocols.json

WriteAuxiliaryFile /Users/runner/work/_temp/build/DerivedData/Build/Intermediates.noindex/ArchiveIntermediates/Potatso/IntermediateBuildFilesPath/Potatso.build/Release-iphoneos/PotatsoBase.build/Objects-normal/arm64/PotatsoBase.SwiftFileList (in target 'PotatsoBase' from project 'Potatso')
    cd /Users/runner/work/Potatso/Potatso
    write-file /Users/runner/work/_temp/build/DerivedData/Build/Intermediates.noindex/ArchiveIntermediates/Potatso/IntermediateBuildFilesPath/Potatso.build/Release-iphoneos/PotatsoBase.build/Objects-normal/arm64/PotatsoBase.SwiftFileList

WriteAuxiliaryFile /Users/runner/work/_temp/build/DerivedData/Build/Intermediates.noindex/ArchiveIntermediates/Potatso/IntermediateBuildFilesPath/Potatso.build/Release-iphoneos/PotatsoBase.build/Objects-normal/arm64/PotatsoBase-OutputFileMap.json (in target 'PotatsoBase' from project 'Potatso')
    cd /Users/runner/work/Potatso/Potatso
    write-file /Users/runner/work/_temp/build/DerivedData/Build/Intermediates.noindex/ArchiveIntermediates/Potatso/IntermediateBuildFilesPath/Potatso.build/Release-iphoneos/PotatsoBase.build/Objects-normal/arm64/PotatsoBase-OutputFileMap.json

WriteAuxiliaryFile /Users/runner/work/_temp/build/DerivedData/Build/Intermediates.noindex/ArchiveIntermediates/Potatso/IntermediateBuildFilesPath/Potatso.build/Release-iphoneos/PotatsoBase.build/Objects-normal/arm64/7187679823f38a2a940e0043cdf9d637-common-args.resp (in target 'PotatsoBase' from project 'Potatso')
    cd /Users/runner/work/Potatso/Potatso
    write-file /Users/runner/work/_temp/build/DerivedData/Build/Intermediates.noindex/ArchiveIntermediates/Potatso/IntermediateBuildFilesPath/Potatso.build/Release-iphoneos/PotatsoBase.build/Objects-normal/arm64/7187679823f38a2a940e0043cdf9d637-common-args.resp
-target arm64-apple-ios9.0 '-std=gnu99' -fmodules -gmodules '-fmodules-cache-path=/Users/runner/work/_temp/build/DerivedData/ModuleCache.noindex' '-fmodule-name=PotatsoBase' -fapplication-extension -fpascal-strings -Os -fno-common -isysroot /Applications/Xcode_15.4.app/Contents/Developer/Platforms/iPhoneOS.platform/Developer/SDKs/iPhoneOS17.5.sdk -g -iquote /Users/runner/work/_temp/build/DerivedData/Build/Intermediates.noindex/ArchiveIntermediates/Potatso/IntermediateBuildFilesPath/Potatso.build/Release-iphoneos/PotatsoBase.build/PotatsoBase-generated-files.hmap -I/Users/runner/work/_temp/build/DerivedData/Build/Intermediates.noindex/ArchiveIntermediates/Potatso/IntermediateBuildFilesPath/Potatso.build/Release-iphoneos/PotatsoBase.build/PotatsoBase-own-target-headers.hmap -I/Users/runner/work/_temp/build/DerivedData/Build/Intermediates.noindex/ArchiveIntermediates/Potatso/IntermediateBuildFilesPath/Potatso.build/Release-iphoneos/PotatsoBase.build/PotatsoBase-all-non-framework-target-headers.hmap -ivfsoverlay /Users/runner/work/_temp/build/DerivedData/Build/Intermediates.noindex/ArchiveIntermediates/Potatso/IntermediateBuildFilesPath/Potatso.build/Release-iphoneos/PotatsoBase.build/all-product-headers.yaml -iquote /Users/runner/work/_temp/build/DerivedData/Build/Intermediates.noindex/ArchiveIntermediates/Potatso/IntermediateBuildFilesPath/Potatso.build/Release-iphoneos/PotatsoBase.build/PotatsoBase-project-headers.hmap -I/Users/runner/work/_temp/build/DerivedData/Build/Intermediates.noindex/ArchiveIntermediates/Potatso/BuildProductsPath/Release-iphoneos/include -I/Users/runner/work/_temp/build/DerivedData/Build/Intermediates.noindex/ArchiveIntermediates/Potatso/IntermediateBuildFilesPath/Potatso.build/Release-iphoneos/PotatsoBase.build/DerivedSources-normal/arm64 -I/Users/runner/work/_temp/build/DerivedData/Build/Intermediates.noindex/ArchiveIntermediates/Potatso/IntermediateBuildFilesPath/Potatso.build/Release-iphoneos/PotatsoBase.build/DerivedSources/arm64 -I/Users/runner/work/_temp/build/DerivedData/Build/Intermediates.noindex/ArchiveIntermediates/Potatso/IntermediateBuildFilesPath/Potatso.build/Release-iphoneos/PotatsoBase.build/DerivedSources -F/Users/runner/work/_temp/build/DerivedData/Build/Intermediates.noindex/ArchiveIntermediates/Potatso/BuildProductsPath/Release-iphoneos

WriteAuxiliaryFile /Users/runner/work/_temp/build/DerivedData/Build/Intermediates.noindex/ArchiveIntermediates/Potatso/IntermediateBuildFilesPath/Potatso.build/Release-iphoneos/PotatsoBase.build/DerivedSources/PotatsoBase_vers.c (in target 'PotatsoBase' from project 'Potatso')
    cd /Users/runner/work/Potatso/Potatso
    write-file /Users/runner/work/_temp/build/DerivedData/Build/Intermediates.noindex/ArchiveIntermediates/Potatso/IntermediateBuildFilesPath/Potatso.build/Release-iphoneos/PotatsoBase.build/DerivedSources/PotatsoBase_vers.c

ProcessInfoPlistFile /Users/runner/work/_temp/build/DerivedData/Build/Intermediates.noindex/ArchiveIntermediates/Potatso/IntermediateBuildFilesPath/UninstalledProducts/iphoneos/PotatsoBase.framework/Info.plist /Users/runner/work/Potatso/Potatso/PotatsoBase/Info.plist (in target 'PotatsoBase' from project 'Potatso')
    cd /Users/runner/work/Potatso/Potatso
    builtin-infoPlistUtility /Users/runner/work/Potatso/Potatso/PotatsoBase/Info.plist -producttype com.apple.product-type.framework -expandbuildsettings -format binary -platform iphoneos -requiredArchitecture arm64 -o /Users/runner/work/_temp/build/DerivedData/Build/Intermediates.noindex/ArchiveIntermediates/Potatso/IntermediateBuildFilesPath/UninstalledProducts/iphoneos/PotatsoBase.framework/Info.plist

SymLink /Users/runner/work/_temp/build/DerivedData/Build/Intermediates.noindex/ArchiveIntermediates/Potatso/BuildProductsPath/Release-iphoneos/ObjectMapper/ObjectMapper.framework ../../../IntermediateBuildFilesPath/UninstalledProducts/iphoneos/ObjectMapper.framework (in target 'ObjectMapper' from project 'Pods')
    cd /Users/runner/work/Potatso/Potatso/Pods
    /bin/ln -sfh ../../../IntermediateBuildFilesPath/UninstalledProducts/iphoneos/ObjectMapper.framework /Users/runner/work/_temp/build/DerivedData/Build/Intermediates.noindex/ArchiveIntermediates/Potatso/BuildProductsPath/Release-iphoneos/ObjectMapper/ObjectMapper.framework

MkDir /Users/runner/work/_temp/build/DerivedData/Build/Intermediates.noindex/ArchiveIntermediates/Potatso/IntermediateBuildFilesPath/UninstalledProducts/iphoneos/ObjectMapper.framework/Headers (in target 'ObjectMapper' from project 'Pods')
    cd /Users/runner/work/Potatso/Potatso/Pods
    /bin/mkdir -p /Users/runner/work/_temp/build/DerivedData/Build/Intermediates.noindex/ArchiveIntermediates/Potatso/IntermediateBuildFilesPath/UninstalledProducts/iphoneos/ObjectMapper.framework/Headers

MkDir /Users/runner/work/_temp/build/DerivedData/Build/Intermediates.noindex/ArchiveIntermediates/Potatso/IntermediateBuildFilesPath/UninstalledProducts/iphoneos/ObjectMapper.framework (in target 'ObjectMapper' from project 'Pods')
    cd /Users/runner/work/Potatso/Potatso/Pods
    /bin/mkdir -p /Users/runner/work/_temp/build/DerivedData/Build/Intermediates.noindex/ArchiveIntermediates/Potatso/IntermediateBuildFilesPath/UninstalledProducts/iphoneos/ObjectMapper.framework

WriteAuxiliaryFile /Users/runner/work/_temp/build/DerivedData/Build/Intermediates.noindex/ArchiveIntermediates/Potatso/IntermediateBuildFilesPath/Pods.build/Release-iphoneos/Realm.build/module.modulemap (in target 'Realm' from project 'Pods')
    cd /Users/runner/work/Potatso/Potatso/Pods
    write-file /Users/runner/work/_temp/build/DerivedData/Build/Intermediates.noindex/ArchiveIntermediates/Potatso/IntermediateBuildFilesPath/Pods.build/Release-iphoneos/Realm.build/module.modulemap

Copy /Users/runner/work/_temp/build/DerivedData/Build/Intermediates.noindex/ArchiveIntermediates/Potatso/IntermediateBuildFilesPath/UninstalledProducts/iphoneos/Realm.framework/Modules/module.modulemap /Users/runner/work/_temp/build/DerivedData/Build/Intermediates.noindex/ArchiveIntermediates/Potatso/IntermediateBuildFilesPath/Pods.build/Release-iphoneos/Realm.build/module.modulemap (in target 'Realm' from project 'Pods')
    cd /Users/runner/work/Potatso/Potatso/Pods
    builtin-copy -exclude .DS_Store -exclude CVS -exclude .svn -exclude .git -exclude .hg -resolve-src-symlinks /Users/runner/work/_temp/build/DerivedData/Build/Intermediates.noindex/ArchiveIntermediates/Potatso/IntermediateBuildFilesPath/Pods.build/Release-iphoneos/Realm.build/module.modulemap /Users/runner/work/_temp/build/DerivedData/Build/Intermediates.noindex/ArchiveIntermediates/Potatso/IntermediateBuildFilesPath/UninstalledProducts/iphoneos/Realm.framework/Modules

ProcessInfoPlistFile /Users/runner/work/_temp/build/DerivedData/Build/Intermediates.noindex/ArchiveIntermediates/Potatso/IntermediateBuildFilesPath/UninstalledProducts/iphoneos/Realm.framework/Info.plist /Users/runner/work/Potatso/Potatso/Pods/Target\ Support\ Files/Realm/Realm-Info.plist (in target 'Realm' from project 'Pods')
    cd /Users/runner/work/Potatso/Potatso/Pods
    builtin-infoPlistUtility /Users/runner/work/Potatso/Potatso/Pods/Target\ Support\ Files/Realm/Realm-Info.plist -producttype com.apple.product-type.framework -expandbuildsettings -format binary -platform iphoneos -requiredArchitecture arm64 -o /Users/runner/work/_temp/build/DerivedData/Build/Intermediates.noindex/ArchiveIntermediates/Potatso/IntermediateBuildFilesPath/UninstalledProducts/iphoneos/Realm.framework/Info.plist

Copy /Users/runner/work/_temp/build/DerivedData/Build/Intermediates.noindex/ArchiveIntermediates/Potatso/BuildProductsPath/Release-iphoneos/Realm/Realm.framework/PrivateHeaders/RLMSyncUtil_Private.h /Users/runner/work/Potatso/Potatso/Pods/Realm/include/RLMSyncUtil_Private.h (in target 'Realm' from project 'Pods')
    cd /Users/runner/work/Potatso/Potatso/Pods
    builtin-copy -exclude .DS_Store -exclude CVS -exclude .svn -exclude .git -exclude .hg -resolve-src-symlinks -remove-static-executable /Users/runner/work/Potatso/Potatso/Pods/Realm/include/RLMSyncUtil_Private.h /Users/runner/work/_temp/build/DerivedData/Build/Intermediates.noindex/ArchiveIntermediates/Potatso/BuildProductsPath/Release-iphoneos/Realm/Realm.framework/PrivateHeaders

Copy /Users/runner/work/_temp/build/DerivedData/Build/Intermediates.noindex/ArchiveIntermediates/Potatso/BuildProductsPath/Release-iphoneos/Realm/Realm.framework/PrivateHeaders/RLMSyncPermission_Private.h /Users/runner/work/Potatso/Potatso/Pods/Realm/include/RLMSyncPermission_Private.h (in target 'Realm' from project 'Pods')
    cd /Users/runner/work/Potatso/Potatso/Pods
    builtin-copy -exclude .DS_Store -exclude CVS -exclude .svn -exclude .git -exclude .hg -resolve-src-symlinks -remove-static-executable /Users/runner/work/Potatso/Potatso/Pods/Realm/include/RLMSyncPermission_Private.h /Users/runner/work/_temp/build/DerivedData/Build/Intermediates.noindex/ArchiveIntermediates/Potatso/BuildProductsPath/Release-iphoneos/Realm/Realm.framework/PrivateHeaders

Copy /Users/runner/work/_temp/build/DerivedData/Build/Intermediates.noindex/ArchiveIntermediates/Potatso/BuildProductsPath/Release-iphoneos/Realm/Realm.framework/PrivateHeaders/RLMSyncPermissionOffer_Private.h /Users/runner/work/Potatso/Potatso/Pods/Realm/include/RLMSyncPermissionOffer_Private.h (in target 'Realm' from project 'Pods')
    cd /Users/runner/work/Potatso/Potatso/Pods
    builtin-copy -exclude .DS_Store -exclude CVS -exclude .svn -exclude .git -exclude .hg -resolve-src-symlinks -remove-static-executable /Users/runner/work/Potatso/Potatso/Pods/Realm/include/RLMSyncPermissionOffer_Private.h /Users/runner/work/_temp/build/DerivedData/Build/Intermediates.noindex/ArchiveIntermediates/Potatso/BuildProductsPath/Release-iphoneos/Realm/Realm.framework/PrivateHeaders

Copy /Users/runner/work/_temp/build/DerivedData/Build/Intermediates.noindex/ArchiveIntermediates/Potatso/BuildProductsPath/Release-iphoneos/Realm/Realm.framework/PrivateHeaders/RLMSyncPermissionOfferResponse_Private.h /Users/runner/work/Potatso/Potatso/Pods/Realm/include/RLMSyncPermissionOfferResponse_Private.h (in target 'Realm' from project 'Pods')
    cd /Users/runner/work/Potatso/Potatso/Pods
    builtin-copy -exclude .DS_Store -exclude CVS -exclude .svn -exclude .git -exclude .hg -resolve-src-symlinks -remove-static-executable /Users/runner/work/Potatso/Potatso/Pods/Realm/include/RLMSyncPermissionOfferResponse_Private.h /Users/runner/work/_temp/build/DerivedData/Build/Intermediates.noindex/ArchiveIntermediates/Potatso/BuildProductsPath/Release-iphoneos/Realm/Realm.framework/PrivateHeaders

Copy /Users/runner/work/_temp/build/DerivedData/Build/Intermediates.noindex/ArchiveIntermediates/Potatso/BuildProductsPath/Release-iphoneos/Realm/Realm.framework/PrivateHeaders/RLMSyncPermissionChange_Private.h /Users/runner/work/Potatso/Potatso/Pods/Realm/include/RLMSyncPermissionChange_Private.h (in target 'Realm' from project 'Pods')
    cd /Users/runner/work/Potatso/Potatso/Pods
    builtin-copy -exclude .DS_Store -exclude CVS -exclude .svn -exclude .git -exclude .hg -resolve-src-symlinks -remove-static-executable /Users/runner/work/Potatso/Potatso/Pods/Realm/include/RLMSyncPermissionChange_Private.h /Users/runner/work/_temp/build/DerivedData/Build/Intermediates.noindex/ArchiveIntermediates/Potatso/BuildProductsPath/Release-iphoneos/Realm/Realm.framework/PrivateHeaders

Copy /Users/runner/work/_temp/build/DerivedData/Build/Intermediates.noindex/ArchiveIntermediates/Potatso/BuildProductsPath/Release-iphoneos/Realm/Realm.framework/PrivateHeaders/RLMSyncManager_Private.h /Users/runner/work/Potatso/Potatso/Pods/Realm/include/RLMSyncManager_Private.h (in target 'Realm' from project 'Pods')
    cd /Users/runner/work/Potatso/Potatso/Pods
    builtin-copy -exclude .DS_Store -exclude CVS -exclude .svn -exclude .git -exclude .hg -resolve-src-symlinks -remove-static-executable /Users/runner/work/Potatso/Potatso/Pods/Realm/include/RLMSyncManager_Private.h /Users/runner/work/_temp/build/DerivedData/Build/Intermediates.noindex/ArchiveIntermediates/Potatso/BuildProductsPath/Release-iphoneos/Realm/Realm.framework/PrivateHeaders

Copy /Users/runner/work/_temp/build/DerivedData/Build/Intermediates.noindex/ArchiveIntermediates/Potatso/BuildProductsPath/Release-iphoneos/Realm/Realm.framework/PrivateHeaders/RLMSyncConfiguration_Private.h /Users/runner/work/Potatso/Potatso/Pods/Realm/include/RLMSyncConfiguration_Private.h (in target 'Realm' from project 'Pods')
    cd /Users/runner/work/Potatso/Potatso/Pods
    builtin-copy -exclude .DS_Store -exclude CVS -exclude .svn -exclude .git -exclude .hg -resolve-src-symlinks -remove-static-executable /Users/runner/work/Potatso/Potatso/Pods/Realm/include/RLMSyncConfiguration_Private.h /Users/runner/work/_temp/build/DerivedData/Build/Intermediates.noindex/ArchiveIntermediates/Potatso/BuildProductsPath/Release-iphoneos/Realm/Realm.framework/PrivateHeaders

Copy /Users/runner/work/_temp/build/DerivedData/Build/Intermediates.noindex/ArchiveIntermediates/Potatso/BuildProductsPath/Release-iphoneos/Realm/Realm.framework/PrivateHeaders/RLMSchema_Private.h /Users/runner/work/Potatso/Potatso/Pods/Realm/include/RLMSchema_Private.h (in target 'Realm' from project 'Pods')
    cd /Users/runner/work/Potatso/Potatso/Pods
    builtin-copy -exclude .DS_Store -exclude CVS -exclude .svn -exclude .git -exclude .hg -resolve-src-symlinks -remove-static-executable /Users/runner/work/Potatso/Potatso/Pods/Realm/include/RLMSchema_Private.h /Users/runner/work/_temp/build/DerivedData/Build/Intermediates.noindex/ArchiveIntermediates/Potatso/BuildProductsPath/Release-iphoneos/Realm/Realm.framework/PrivateHeaders

Copy /Users/runner/work/_temp/build/DerivedData/Build/Intermediates.noindex/ArchiveIntermediates/Potatso/BuildProductsPath/Release-iphoneos/Realm/Realm.framework/PrivateHeaders/RLMResults_Private.h /Users/runner/work/Potatso/Potatso/Pods/Realm/include/RLMResults_Private.h (in target 'Realm' from project 'Pods')
    cd /Users/runner/work/Potatso/Potatso/Pods
    builtin-copy -exclude .DS_Store -exclude CVS -exclude .svn -exclude .git -exclude .hg -resolve-src-symlinks -remove-static-executable /Users/runner/work/Potatso/Potatso/Pods/Realm/include/RLMResults_Private.h /Users/runner/work/_temp/build/DerivedData/Build/Intermediates.noindex/ArchiveIntermediates/Potatso/BuildProductsPath/Release-iphoneos/Realm/Realm.framework/PrivateHeaders

Copy /Users/runner/work/_temp/build/DerivedData/Build/Intermediates.noindex/ArchiveIntermediates/Potatso/BuildProductsPath/Release-iphoneos/Realm/Realm.framework/PrivateHeaders/RLMRealm_Private.h /Users/runner/work/Potatso/Potatso/Pods/Realm/include/RLMRealm_Private.h (in target 'Realm' from project 'Pods')
    cd /Users/runner/work/Potatso/Potatso/Pods
    builtin-copy -exclude .DS_Store -exclude CVS -exclude .svn -exclude .git -exclude .hg -resolve-src-symlinks -remove-static-executable /Users/runner/work/Potatso/Potatso/Pods/Realm/include/RLMRealm_Private.h /Users/runner/work/_temp/build/DerivedData/Build/Intermediates.noindex/ArchiveIntermediates/Potatso/BuildProductsPath/Release-iphoneos/Realm/Realm.framework/PrivateHeaders

Copy /Users/runner/work/_temp/build/DerivedData/Build/Intermediates.noindex/ArchiveIntermediates/Potatso/BuildProductsPath/Release-iphoneos/Realm/Realm.framework/PrivateHeaders/RLMRealmConfiguration_Private.h /Users/runner/work/Potatso/Potatso/Pods/Realm/include/RLMRealmConfiguration_Private.h (in target 'Realm' from project 'Pods')
    cd /Users/runner/work/Potatso/Potatso/Pods
    builtin-copy -exclude .DS_Store -exclude CVS -exclude .svn -exclude .git -exclude .hg -resolve-src-symlinks -remove-static-executable /Users/runner/work/Potatso/Potatso/Pods/Realm/include/RLMRealmConfiguration_Private.h /Users/runner/work/_temp/build/DerivedData/Build/Intermediates.noindex/ArchiveIntermediates/Potatso/BuildProductsPath/Release-iphoneos/Realm/Realm.framework/PrivateHeaders

Copy /Users/runner/work/_temp/build/DerivedData/Build/Intermediates.noindex/ArchiveIntermediates/Potatso/BuildProductsPath/Release-iphoneos/Realm/Realm.framework/PrivateHeaders/RLMProperty_Private.h /Users/runner/work/Potatso/Potatso/Pods/Realm/include/RLMProperty_Private.h (in target 'Realm' from project 'Pods')
    cd /Users/runner/work/Potatso/Potatso/Pods
    builtin-copy -exclude .DS_Store -exclude CVS -exclude .svn -exclude .git -exclude .hg -resolve-src-symlinks -remove-static-executable /Users/runner/work/Potatso/Potatso/Pods/Realm/include/RLMProperty_Private.h /Users/runner/work/_temp/build/DerivedData/Build/Intermediates.noindex/ArchiveIntermediates/Potatso/BuildProductsPath/Release-iphoneos/Realm/Realm.framework/PrivateHeaders

Copy /Users/runner/work/_temp/build/DerivedData/Build/Intermediates.noindex/ArchiveIntermediates/Potatso/BuildProductsPath/Release-iphoneos/Realm/Realm.framework/PrivateHeaders/RLMOptionalBase.h /Users/runner/work/Potatso/Potatso/Pods/Realm/include/RLMOptionalBase.h (in target 'Realm' from project 'Pods')
    cd /Users/runner/work/Potatso/Potatso/Pods
    builtin-copy -exclude .DS_Store -exclude CVS -exclude .svn -exclude .git -exclude .hg -resolve-src-symlinks -remove-static-executable /Users/runner/work/Potatso/Potatso/Pods/Realm/include/RLMOptionalBase.h /Users/runner/work/_temp/build/DerivedData/Build/Intermediates.noindex/ArchiveIntermediates/Potatso/BuildProductsPath/Release-iphoneos/Realm/Realm.framework/PrivateHeaders

Copy /Users/runner/work/_temp/build/DerivedData/Build/Intermediates.noindex/ArchiveIntermediates/Potatso/BuildProductsPath/Release-iphoneos/Realm/Realm.framework/PrivateHeaders/RLMObject_Private.h /Users/runner/work/Potatso/Potatso/Pods/Realm/include/RLMObject_Private.h (in target 'Realm' from project 'Pods')
    cd /Users/runner/work/Potatso/Potatso/Pods
    builtin-copy -exclude .DS_Store -exclude CVS -exclude .svn -exclude .git -exclude .hg -resolve-src-symlinks -remove-static-executable /Users/runner/work/Potatso/Potatso/Pods/Realm/include/RLMObject_Private.h /Users/runner/work/_temp/build/DerivedData/Build/Intermediates.noindex/ArchiveIntermediates/Potatso/BuildProductsPath/Release-iphoneos/Realm/Realm.framework/PrivateHeaders

Copy /Users/runner/work/_temp/build/DerivedData/Build/Intermediates.noindex/ArchiveIntermediates/Potatso/BuildProductsPath/Release-iphoneos/Realm/Realm.framework/PrivateHeaders/RLMObjectStore.h /Users/runner/work/Potatso/Potatso/Pods/Realm/include/RLMObjectStore.h (in target 'Realm' from project 'Pods')
    cd /Users/runner/work/Potatso/Potatso/Pods
    builtin-copy -exclude .DS_Store -exclude CVS -exclude .svn -exclude .git -exclude .hg -resolve-src-symlinks -remove-static-executable /Users/runner/work/Potatso/Potatso/Pods/Realm/include/RLMObjectStore.h /Users/runner/work/_temp/build/DerivedData/Build/Intermediates.noindex/ArchiveIntermediates/Potatso/BuildProductsPath/Release-iphoneos/Realm/Realm.framework/PrivateHeaders

Copy /Users/runner/work/_temp/build/DerivedData/Build/Intermediates.noindex/ArchiveIntermediates/Potatso/BuildProductsPath/Release-iphoneos/Realm/Realm.framework/PrivateHeaders/RLMObjectSchema_Private.h /Users/runner/work/Potatso/Potatso/Pods/Realm/include/RLMObjectSchema_Private.h (in target 'Realm' from project 'Pods')
    cd /Users/runner/work/Potatso/Potatso/Pods
    builtin-copy -exclude .DS_Store -exclude CVS -exclude .svn -exclude .git -exclude .hg -resolve-src-symlinks -remove-static-executable /Users/runner/work/Potatso/Potatso/Pods/Realm/include/RLMObjectSchema_Private.h /Users/runner/work/_temp/build/DerivedData/Build/Intermediates.noindex/ArchiveIntermediates/Potatso/BuildProductsPath/Release-iphoneos/Realm/Realm.framework/PrivateHeaders

Copy /Users/runner/work/_temp/build/DerivedData/Build/Intermediates.noindex/ArchiveIntermediates/Potatso/BuildProductsPath/Release-iphoneos/Realm/Realm.framework/PrivateHeaders/RLMObjectBase_Private.h /Users/runner/work/Potatso/Potatso/Pods/Realm/include/RLMObjectBase_Private.h (in target 'Realm' from project 'Pods')
    cd /Users/runner/work/Potatso/Potatso/Pods
    builtin-copy -exclude .DS_Store -exclude CVS -exclude .svn -exclude .git -exclude .hg -resolve-src-symlinks -remove-static-executable /Users/runner/work/Potatso/Potatso/Pods/Realm/include/RLMObjectBase_Private.h /Users/runner/work/_temp/build/DerivedData/Build/Intermediates.noindex/ArchiveIntermediates/Potatso/BuildProductsPath/Release-iphoneos/Realm/Realm.framework/PrivateHeaders

Copy /Users/runner/work/_temp/build/DerivedData/Build/Intermediates.noindex/ArchiveIntermediates/Potatso/BuildProductsPath/Release-iphoneos/Realm/Realm.framework/PrivateHeaders/RLMMigration_Private.h /Users/runner/work/Potatso/Potatso/Pods/Realm/include/RLMMigration_Private.h (in target 'Realm' from project 'Pods')
    cd /Users/runner/work/Potatso/Potatso/Pods
    builtin-copy -exclude .DS_Store -exclude CVS -exclude .svn -exclude .git -exclude .hg -resolve-src-symlinks -remove-static-executable /Users/runner/work/Potatso/Potatso/Pods/Realm/include/RLMMigration_Private.h /Users/runner/work/_temp/build/DerivedData/Build/Intermediates.noindex/ArchiveIntermediates/Potatso/BuildProductsPath/Release-iphoneos/Realm/Realm.framework/PrivateHeaders

Copy /Users/runner/work/_temp/build/DerivedData/Build/Intermediates.noindex/ArchiveIntermediates/Potatso/BuildProductsPath/Release-iphoneos/Realm/Realm.framework/PrivateHeaders/RLMListBase.h /Users/runner/work/Potatso/Potatso/Pods/Realm/include/RLMListBase.h (in target 'Realm' from project 'Pods')
    cd /Users/runner/work/Potatso/Potatso/Pods
    builtin-copy -exclude .DS_Store -exclude CVS -exclude .svn -exclude .git -exclude .hg -resolve-src-symlinks -remove-static-executable /Users/runner/work/Potatso/Potatso/Pods/Realm/include/RLMListBase.h /Users/runner/work/_temp/build/DerivedData/Build/Intermediates.noindex/ArchiveIntermediates/Potatso/BuildProductsPath/Release-iphoneos/Realm/Realm.framework/PrivateHeaders

Copy /Users/runner/work/_temp/build/DerivedData/Build/Intermediates.noindex/ArchiveIntermediates/Potatso/BuildProductsPath/Release-iphoneos/Realm/Realm.framework/PrivateHeaders/RLMCollection_Private.h /Users/runner/work/Potatso/Potatso/Pods/Realm/include/RLMCollection_Private.h (in target 'Realm' from project 'Pods')
    cd /Users/runner/work/Potatso/Potatso/Pods
    builtin-copy -exclude .DS_Store -exclude CVS -exclude .svn -exclude .git -exclude .hg -resolve-src-symlinks -remove-static-executable /Users/runner/work/Potatso/Potatso/Pods/Realm/include/RLMCollection_Private.h /Users/runner/work/_temp/build/DerivedData/Build/Intermediates.noindex/ArchiveIntermediates/Potatso/BuildProductsPath/Release-iphoneos/Realm/Realm.framework/PrivateHeaders

Copy /Users/runner/work/_temp/build/DerivedData/Build/Intermediates.noindex/ArchiveIntermediates/Potatso/BuildProductsPath/Release-iphoneos/Realm/Realm.framework/PrivateHeaders/RLMArray_Private.h /Users/runner/work/Potatso/Potatso/Pods/Realm/include/RLMArray_Private.h (in target 'Realm' from project 'Pods')
    cd /Users/runner/work/Potatso/Potatso/Pods
    builtin-copy -exclude .DS_Store -exclude CVS -exclude .svn -exclude .git -exclude .hg -resolve-src-symlinks -remove-static-executable /Users/runner/work/Potatso/Potatso/Pods/Realm/include/RLMArray_Private.h /Users/runner/work/_temp/build/DerivedData/Build/Intermediates.noindex/ArchiveIntermediates/Potatso/BuildProductsPath/Release-iphoneos/Realm/Realm.framework/PrivateHeaders

Copy /Users/runner/work/_temp/build/DerivedData/Build/Intermediates.noindex/ArchiveIntermediates/Potatso/BuildProductsPath/Release-iphoneos/Realm/Realm.framework/PrivateHeaders/RLMAccessor.h /Users/runner/work/Potatso/Potatso/Pods/Realm/include/RLMAccessor.h (in target 'Realm' from project 'Pods')
    cd /Users/runner/work/Potatso/Potatso/Pods
    builtin-copy -exclude .DS_Store -exclude CVS -exclude .svn -exclude .git -exclude .hg -resolve-src-symlinks -remove-static-executable /Users/runner/work/Potatso/Potatso/Pods/Realm/include/RLMAccessor.h /Users/runner/work/_temp/build/DerivedData/Build/Intermediates.noindex/ArchiveIntermediates/Potatso/BuildProductsPath/Release-iphoneos/Realm/Realm.framework/PrivateHeaders

Copy /Users/runner/work/_temp/build/DerivedData/Build/Intermediates.noindex/ArchiveIntermediates/Potatso/BuildProductsPath/Release-iphoneos/Realm/Realm.framework/Headers/Realm.h /Users/runner/work/Potatso/Potatso/Pods/Realm/include/Realm.h (in target 'Realm' from project 'Pods')
    cd /Users/runner/work/Potatso/Potatso/Pods
    builtin-copy -exclude .DS_Store -exclude CVS -exclude .svn -exclude .git -exclude .hg -resolve-src-symlinks -remove-static-executable /Users/runner/work/Potatso/Potatso/Pods/Realm/include/Realm.h /Users/runner/work/_temp/build/DerivedData/Build/Intermediates.noindex/ArchiveIntermediates/Potatso/BuildProductsPath/Release-iphoneos/Realm/Realm.framework/Headers

Copy /Users/runner/work/_temp/build/DerivedData/Build/Intermediates.noindex/ArchiveIntermediates/Potatso/BuildProductsPath/Release-iphoneos/Realm/Realm.framework/Headers/RLMThreadSafeReference.h /Users/runner/work/Potatso/Potatso/Pods/Realm/include/RLMThreadSafeReference.h (in target 'Realm' from project 'Pods')
    cd /Users/runner/work/Potatso/Potatso/Pods
    builtin-copy -exclude .DS_Store -exclude CVS -exclude .svn -exclude .git -exclude .hg -resolve-src-symlinks -remove-static-executable /Users/runner/work/Potatso/Potatso/Pods/Realm/include/RLMThreadSafeReference.h /Users/runner/work/_temp/build/DerivedData/Build/Intermediates.noindex/ArchiveIntermediates/Potatso/BuildProductsPath/Release-iphoneos/Realm/Realm.framework/Headers

Copy /Users/runner/work/_temp/build/DerivedData/Build/Intermediates.noindex/ArchiveIntermediates/Potatso/BuildProductsPath/Release-iphoneos/Realm/Realm.framework/Headers/RLMSyncUtil.h /Users/runner/work/Potatso/Potatso/Pods/Realm/include/RLMSyncUtil.h (in target 'Realm' from project 'Pods')
    cd /Users/runner/work/Potatso/Potatso/Pods
    builtin-copy -exclude .DS_Store -exclude CVS -exclude .svn -exclude .git -exclude .hg -resolve-src-symlinks -remove-static-executable /Users/runner/work/Potatso/Potatso/Pods/Realm/include/RLMSyncUtil.h /Users/runner/work/_temp/build/DerivedData/Build/Intermediates.noindex/ArchiveIntermediates/Potatso/BuildProductsPath/Release-iphoneos/Realm/Realm.framework/Headers

Copy /Users/runner/work/_temp/build/DerivedData/Build/Intermediates.noindex/ArchiveIntermediates/Potatso/BuildProductsPath/Release-iphoneos/Realm/Realm.framework/Headers/RLMSyncUser.h /Users/runner/work/Potatso/Potatso/Pods/Realm/include/RLMSyncUser.h (in target 'Realm' from project 'Pods')
    cd /Users/runner/work/Potatso/Potatso/Pods
    builtin-copy -exclude .DS_Store -exclude CVS -exclude .svn -exclude .git -exclude .hg -resolve-src-symlinks -remove-static-executable /Users/runner/work/Potatso/Potatso/Pods/Realm/include/RLMSyncUser.h /Users/runner/work/_temp/build/DerivedData/Build/Intermediates.noindex/ArchiveIntermediates/Potatso/BuildProductsPath/Release-iphoneos/Realm/Realm.framework/Headers

Copy /Users/runner/work/_temp/build/DerivedData/Build/Intermediates.noindex/ArchiveIntermediates/Potatso/BuildProductsPath/Release-iphoneos/Realm/Realm.framework/Headers/RLMSyncSession.h /Users/runner/work/Potatso/Potatso/Pods/Realm/include/RLMSyncSession.h (in target 'Realm' from project 'Pods')
    cd /Users/runner/work/Potatso/Potatso/Pods
    builtin-copy -exclude .DS_Store -exclude CVS -exclude .svn -exclude .git -exclude .hg -resolve-src-symlinks -remove-static-executable /Users/runner/work/Potatso/Potatso/Pods/Realm/include/RLMSyncSession.h /Users/runner/work/_temp/build/DerivedData/Build/Intermediates.noindex/ArchiveIntermediates/Potatso/BuildProductsPath/Release-iphoneos/Realm/Realm.framework/Headers

Copy /Users/runner/work/_temp/build/DerivedData/Build/Intermediates.noindex/ArchiveIntermediates/Potatso/BuildProductsPath/Release-iphoneos/Realm/Realm.framework/Headers/RLMSyncPermissionValue.h /Users/runner/work/Potatso/Potatso/Pods/Realm/include/RLMSyncPermissionValue.h (in target 'Realm' from project 'Pods')
    cd /Users/runner/work/Potatso/Potatso/Pods
    builtin-copy -exclude .DS_Store -exclude CVS -exclude .svn -exclude .git -exclude .hg -resolve-src-symlinks -remove-static-executable /Users/runner/work/Potatso/Potatso/Pods/Realm/include/RLMSyncPermissionValue.h /Users/runner/work/_temp/build/DerivedData/Build/Intermediates.noindex/ArchiveIntermediates/Potatso/BuildProductsPath/Release-iphoneos/Realm/Realm.framework/Headers

Copy /Users/runner/work/_temp/build/DerivedData/Build/Intermediates.noindex/ArchiveIntermediates/Potatso/BuildProductsPath/Release-iphoneos/Realm/Realm.framework/Headers/RLMSyncPermissionResults.h /Users/runner/work/Potatso/Potatso/Pods/Realm/include/RLMSyncPermissionResults.h (in target 'Realm' from project 'Pods')
    cd /Users/runner/work/Potatso/Potatso/Pods
    builtin-copy -exclude .DS_Store -exclude CVS -exclude .svn -exclude .git -exclude .hg -resolve-src-symlinks -remove-static-executable /Users/runner/work/Potatso/Potatso/Pods/Realm/include/RLMSyncPermissionResults.h /Users/runner/work/_temp/build/DerivedData/Build/Intermediates.noindex/ArchiveIntermediates/Potatso/BuildProductsPath/Release-iphoneos/Realm/Realm.framework/Headers

Copy /Users/runner/work/_temp/build/DerivedData/Build/Intermediates.noindex/ArchiveIntermediates/Potatso/BuildProductsPath/Release-iphoneos/Realm/Realm.framework/Headers/RLMSyncPermissionOfferResponse.h /Users/runner/work/Potatso/Potatso/Pods/Realm/include/RLMSyncPermissionOfferResponse.h (in target 'Realm' from project 'Pods')
    cd /Users/runner/work/Potatso/Potatso/Pods
    builtin-copy -exclude .DS_Store -exclude CVS -exclude .svn -exclude .git -exclude .hg -resolve-src-symlinks -remove-static-executable /Users/runner/work/Potatso/Potatso/Pods/Realm/include/RLMSyncPermissionOfferResponse.h /Users/runner/work/_temp/build/DerivedData/Build/Intermediates.noindex/ArchiveIntermediates/Potatso/BuildProductsPath/Release-iphoneos/Realm/Realm.framework/Headers

Copy /Users/runner/work/_temp/build/DerivedData/Build/Intermediates.noindex/ArchiveIntermediates/Potatso/BuildProductsPath/Release-iphoneos/Realm/Realm.framework/Headers/RLMSyncPermissionOffer.h /Users/runner/work/Potatso/Potatso/Pods/Realm/include/RLMSyncPermissionOffer.h (in target 'Realm' from project 'Pods')
    cd /Users/runner/work/Potatso/Potatso/Pods
    builtin-copy -exclude .DS_Store -exclude CVS -exclude .svn -exclude .git -exclude .hg -resolve-src-symlinks -remove-static-executable /Users/runner/work/Potatso/Potatso/Pods/Realm/include/RLMSyncPermissionOffer.h /Users/runner/work/_temp/build/DerivedData/Build/Intermediates.noindex/ArchiveIntermediates/Potatso/BuildProductsPath/Release-iphoneos/Realm/Realm.framework/Headers

Copy /Users/runner/work/_temp/build/DerivedData/Build/Intermediates.noindex/ArchiveIntermediates/Potatso/BuildProductsPath/Release-iphoneos/Realm/Realm.framework/Headers/RLMSyncPermissionChange.h /Users/runner/work/Potatso/Potatso/Pods/Realm/include/RLMSyncPermissionChange.h (in target 'Realm' from project 'Pods')
    cd /Users/runner/work/Potatso/Potatso/Pods
    builtin-copy -exclude .DS_Store -exclude CVS -exclude .svn -exclude .git -exclude .hg -resolve-src-symlinks -remove-static-executable /Users/runner/work/Potatso/Potatso/Pods/Realm/include/RLMSyncPermissionChange.h /Users/runner/work/_temp/build/DerivedData/Build/Intermediates.noindex/ArchiveIntermediates/Potatso/BuildProductsPath/Release-iphoneos/Realm/Realm.framework/Headers

Copy /Users/runner/work/_temp/build/DerivedData/Build/Intermediates.noindex/ArchiveIntermediates/Potatso/BuildProductsPath/Release-iphoneos/Realm/Realm.framework/Headers/RLMSyncPermission.h /Users/runner/work/Potatso/Potatso/Pods/Realm/include/RLMSyncPermission.h (in target 'Realm' from project 'Pods')
    cd /Users/runner/work/Potatso/Potatso/Pods
    builtin-copy -exclude .DS_Store -exclude CVS -exclude .svn -exclude .git -exclude .hg -resolve-src-symlinks -remove-static-executable /Users/runner/work/Potatso/Potatso/Pods/Realm/include/RLMSyncPermission.h /Users/runner/work/_temp/build/DerivedData/Build/Intermediates.noindex/ArchiveIntermediates/Potatso/BuildProductsPath/Release-iphoneos/Realm/Realm.framework/Headers

Copy /Users/runner/work/_temp/build/DerivedData/Build/Intermediates.noindex/ArchiveIntermediates/Potatso/BuildProductsPath/Release-iphoneos/Realm/Realm.framework/Headers/RLMSyncManager.h /Users/runner/work/Potatso/Potatso/Pods/Realm/include/RLMSyncManager.h (in target 'Realm' from project 'Pods')
    cd /Users/runner/work/Potatso/Potatso/Pods
    builtin-copy -exclude .DS_Store -exclude CVS -exclude .svn -exclude .git -exclude .hg -resolve-src-symlinks -remove-static-executable /Users/runner/work/Potatso/Potatso/Pods/Realm/include/RLMSyncManager.h /Users/runner/work/_temp/build/DerivedData/Build/Intermediates.noindex/ArchiveIntermediates/Potatso/BuildProductsPath/Release-iphoneos/Realm/Realm.framework/Headers

Copy /Users/runner/work/_temp/build/DerivedData/Build/Intermediates.noindex/ArchiveIntermediates/Potatso/BuildProductsPath/Release-iphoneos/Realm/Realm.framework/Headers/RLMSyncCredentials.h /Users/runner/work/Potatso/Potatso/Pods/Realm/include/RLMSyncCredentials.h (in target 'Realm' from project 'Pods')
    cd /Users/runner/work/Potatso/Potatso/Pods
    builtin-copy -exclude .DS_Store -exclude CVS -exclude .svn -exclude .git -exclude .hg -resolve-src-symlinks -remove-static-executable /Users/runner/work/Potatso/Potatso/Pods/Realm/include/RLMSyncCredentials.h /Users/runner/work/_temp/build/DerivedData/Build/Intermediates.noindex/ArchiveIntermediates/Potatso/BuildProductsPath/Release-iphoneos/Realm/Realm.framework/Headers

Copy /Users/runner/work/_temp/build/DerivedData/Build/Intermediates.noindex/ArchiveIntermediates/Potatso/BuildProductsPath/Release-iphoneos/Realm/Realm.framework/Headers/RLMSyncConfiguration.h /Users/runner/work/Potatso/Potatso/Pods/Realm/include/RLMSyncConfiguration.h (in target 'Realm' from project 'Pods')
    cd /Users/runner/work/Potatso/Potatso/Pods
    builtin-copy -exclude .DS_Store -exclude CVS -exclude .svn -exclude .git -exclude .hg -resolve-src-symlinks -remove-static-executable /Users/runner/work/Potatso/Potatso/Pods/Realm/include/RLMSyncConfiguration.h /Users/runner/work/_temp/build/DerivedData/Build/Intermediates.noindex/ArchiveIntermediates/Potatso/BuildProductsPath/Release-iphoneos/Realm/Realm.framework/Headers

Copy /Users/runner/work/_temp/build/DerivedData/Build/Intermediates.noindex/ArchiveIntermediates/Potatso/BuildProductsPath/Release-iphoneos/Realm/Realm.framework/Headers/RLMSchema.h /Users/runner/work/Potatso/Potatso/Pods/Realm/include/RLMSchema.h (in target 'Realm' from project 'Pods')
    cd /Users/runner/work/Potatso/Potatso/Pods
    builtin-copy -exclude .DS_Store -exclude CVS -exclude .svn -exclude .git -exclude .hg -resolve-src-symlinks -remove-static-executable /Users/runner/work/Potatso/Potatso/Pods/Realm/include/RLMSchema.h /Users/runner/work/_temp/build/DerivedData/Build/Intermediates.noindex/ArchiveIntermediates/Potatso/BuildProductsPath/Release-iphoneos/Realm/Realm.framework/Headers

Copy /Users/runner/work/_temp/build/DerivedData/Build/Intermediates.noindex/ArchiveIntermediates/Potatso/BuildProductsPath/Release-iphoneos/Realm/Realm.framework/Headers/RLMResults.h /Users/runner/work/Potatso/Potatso/Pods/Realm/include/RLMResults.h (in target 'Realm' from project 'Pods')
    cd /Users/runner/work/Potatso/Potatso/Pods
    builtin-copy -exclude .DS_Store -exclude CVS -exclude .svn -exclude .git -exclude .hg -resolve-src-symlinks -remove-static-executable /Users/runner/work/Potatso/Potatso/Pods/Realm/include/RLMResults.h /Users/runner/work/_temp/build/DerivedData/Build/Intermediates.noindex/ArchiveIntermediates/Potatso/BuildProductsPath/Release-iphoneos/Realm/Realm.framework/Headers

Copy /Users/runner/work/_temp/build/DerivedData/Build/Intermediates.noindex/ArchiveIntermediates/Potatso/BuildProductsPath/Release-iphoneos/Realm/Realm.framework/Headers/RLMRealm_Dynamic.h /Users/runner/work/Potatso/Potatso/Pods/Realm/include/RLMRealm_Dynamic.h (in target 'Realm' from project 'Pods')
    cd /Users/runner/work/Potatso/Potatso/Pods
    builtin-copy -exclude .DS_Store -exclude CVS -exclude .svn -exclude .git -exclude .hg -resolve-src-symlinks -remove-static-executable /Users/runner/work/Potatso/Potatso/Pods/Realm/include/RLMRealm_Dynamic.h /Users/runner/work/_temp/build/DerivedData/Build/Intermediates.noindex/ArchiveIntermediates/Potatso/BuildProductsPath/Release-iphoneos/Realm/Realm.framework/Headers

Copy /Users/runner/work/_temp/build/DerivedData/Build/Intermediates.noindex/ArchiveIntermediates/Potatso/BuildProductsPath/Release-iphoneos/Realm/Realm.framework/Headers/RLMRealmConfiguration.h /Users/runner/work/Potatso/Potatso/Pods/Realm/include/RLMRealmConfiguration.h (in target 'Realm' from project 'Pods')
    cd /Users/runner/work/Potatso/Potatso/Pods
    builtin-copy -exclude .DS_Store -exclude CVS -exclude .svn -exclude .git -exclude .hg -resolve-src-symlinks -remove-static-executable /Users/runner/work/Potatso/Potatso/Pods/Realm/include/RLMRealmConfiguration.h /Users/runner/work/_temp/build/DerivedData/Build/Intermediates.noindex/ArchiveIntermediates/Potatso/BuildProductsPath/Release-iphoneos/Realm/Realm.framework/Headers

Copy /Users/runner/work/_temp/build/DerivedData/Build/Intermediates.noindex/ArchiveIntermediates/Potatso/BuildProductsPath/Release-iphoneos/Realm/Realm.framework/Headers/RLMRealmConfiguration+Sync.h /Users/runner/work/Potatso/Potatso/Pods/Realm/include/RLMRealmConfiguration+Sync.h (in target 'Realm' from project 'Pods')
    cd /Users/runner/work/Potatso/Potatso/Pods
    builtin-copy -exclude .DS_Store -exclude CVS -exclude .svn -exclude .git -exclude .hg -resolve-src-symlinks -remove-static-executable /Users/runner/work/Potatso/Potatso/Pods/Realm/include/RLMRealmConfiguration+Sync.h /Users/runner/work/_temp/build/DerivedData/Build/Intermediates.noindex/ArchiveIntermediates/Potatso/BuildProductsPath/Release-iphoneos/Realm/Realm.framework/Headers

Copy /Users/runner/work/_temp/build/DerivedData/Build/Intermediates.noindex/ArchiveIntermediates/Potatso/BuildProductsPath/Release-iphoneos/Realm/Realm.framework/Headers/RLMRealm.h /Users/runner/work/Potatso/Potatso/Pods/Realm/include/RLMRealm.h (in target 'Realm' from project 'Pods')
    cd /Users/runner/work/Potatso/Potatso/Pods
    builtin-copy -exclude .DS_Store -exclude CVS -exclude .svn -exclude .git -exclude .hg -resolve-src-symlinks -remove-static-executable /Users/runner/work/Potatso/Potatso/Pods/Realm/include/RLMRealm.h /Users/runner/work/_temp/build/DerivedData/Build/Intermediates.noindex/ArchiveIntermediates/Potatso/BuildProductsPath/Release-iphoneos/Realm/Realm.framework/Headers

Copy /Users/runner/work/_temp/build/DerivedData/Build/Intermediates.noindex/ArchiveIntermediates/Potatso/BuildProductsPath/Release-iphoneos/Realm/Realm.framework/Headers/RLMProperty.h /Users/runner/work/Potatso/Potatso/Pods/Realm/include/RLMProperty.h (in target 'Realm' from project 'Pods')
    cd /Users/runner/work/Potatso/Potatso/Pods
    builtin-copy -exclude .DS_Store -exclude CVS -exclude .svn -exclude .git -exclude .hg -resolve-src-symlinks -remove-static-executable /Users/runner/work/Potatso/Potatso/Pods/Realm/include/RLMProperty.h /Users/runner/work/_temp/build/DerivedData/Build/Intermediates.noindex/ArchiveIntermediates/Potatso/BuildProductsPath/Release-iphoneos/Realm/Realm.framework/Headers

Copy /Users/runner/work/_temp/build/DerivedData/Build/Intermediates.noindex/ArchiveIntermediates/Potatso/BuildProductsPath/Release-iphoneos/Realm/Realm.framework/Headers/RLMPlatform.h /Users/runner/work/Potatso/Potatso/Pods/Realm/include/RLMPlatform.h (in target 'Realm' from project 'Pods')
    cd /Users/runner/work/Potatso/Potatso/Pods
    builtin-copy -exclude .DS_Store -exclude CVS -exclude .svn -exclude .git -exclude .hg -resolve-src-symlinks -remove-static-executable /Users/runner/work/Potatso/Potatso/Pods/Realm/include/RLMPlatform.h /Users/runner/work/_temp/build/DerivedData/Build/Intermediates.noindex/ArchiveIntermediates/Potatso/BuildProductsPath/Release-iphoneos/Realm/Realm.framework/Headers

Copy /Users/runner/work/_temp/build/DerivedData/Build/Intermediates.noindex/ArchiveIntermediates/Potatso/BuildProductsPath/Release-iphoneos/Realm/Realm.framework/Headers/RLMOptionalBase.h /Users/runner/work/Potatso/Potatso/Pods/Realm/include/RLMOptionalBase.h (in target 'Realm' from project 'Pods')
    cd /Users/runner/work/Potatso/Potatso/Pods
    builtin-copy -exclude .DS_Store -exclude CVS -exclude .svn -exclude .git -exclude .hg -resolve-src-symlinks -remove-static-executable /Users/runner/work/Potatso/Potatso/Pods/Realm/include/RLMOptionalBase.h /Users/runner/work/_temp/build/DerivedData/Build/Intermediates.noindex/ArchiveIntermediates/Potatso/BuildProductsPath/Release-iphoneos/Realm/Realm.framework/Headers

Copy /Users/runner/work/_temp/build/DerivedData/Build/Intermediates.noindex/ArchiveIntermediates/Potatso/BuildProductsPath/Release-iphoneos/Realm/Realm.framework/Headers/RLMObjectSchema.h /Users/runner/work/Potatso/Potatso/Pods/Realm/include/RLMObjectSchema.h (in target 'Realm' from project 'Pods')
    cd /Users/runner/work/Potatso/Potatso/Pods
    builtin-copy -exclude .DS_Store -exclude CVS -exclude .svn -exclude .git -exclude .hg -resolve-src-symlinks -remove-static-executable /Users/runner/work/Potatso/Potatso/Pods/Realm/include/RLMObjectSchema.h /Users/runner/work/_temp/build/DerivedData/Build/Intermediates.noindex/ArchiveIntermediates/Potatso/BuildProductsPath/Release-iphoneos/Realm/Realm.framework/Headers

Copy /Users/runner/work/_temp/build/DerivedData/Build/Intermediates.noindex/ArchiveIntermediates/Potatso/BuildProductsPath/Release-iphoneos/Realm/Realm.framework/Headers/RLMObjectBase_Dynamic.h /Users/runner/work/Potatso/Potatso/Pods/Realm/include/RLMObjectBase_Dynamic.h (in target 'Realm' from project 'Pods')
    cd /Users/runner/work/Potatso/Potatso/Pods
    builtin-copy -exclude .DS_Store -exclude CVS -exclude .svn -exclude .git -exclude .hg -resolve-src-symlinks -remove-static-executable /Users/runner/work/Potatso/Potatso/Pods/Realm/include/RLMObjectBase_Dynamic.h /Users/runner/work/_temp/build/DerivedData/Build/Intermediates.noindex/ArchiveIntermediates/Potatso/BuildProductsPath/Release-iphoneos/Realm/Realm.framework/Headers

Copy /Users/runner/work/_temp/build/DerivedData/Build/Intermediates.noindex/ArchiveIntermediates/Potatso/BuildProductsPath/Release-iphoneos/Realm/Realm.framework/Headers/RLMObjectBase.h /Users/runner/work/Potatso/Potatso/Pods/Realm/include/RLMObjectBase.h (in target 'Realm' from project 'Pods')
    cd /Users/runner/work/Potatso/Potatso/Pods
    builtin-copy -exclude .DS_Store -exclude CVS -exclude .svn -exclude .git -exclude .hg -resolve-src-symlinks -remove-static-executable /Users/runner/work/Potatso/Potatso/Pods/Realm/include/RLMObjectBase.h /Users/runner/work/_temp/build/DerivedData/Build/Intermediates.noindex/ArchiveIntermediates/Potatso/BuildProductsPath/Release-iphoneos/Realm/Realm.framework/Headers

Copy /Users/runner/work/_temp/build/DerivedData/Build/Intermediates.noindex/ArchiveIntermediates/Potatso/BuildProductsPath/Release-iphoneos/Realm/Realm.framework/Headers/RLMObject.h /Users/runner/work/Potatso/Potatso/Pods/Realm/include/RLMObject.h (in target 'Realm' from project 'Pods')
    cd /Users/runner/work/Potatso/Potatso/Pods
    builtin-copy -exclude .DS_Store -exclude CVS -exclude .svn -exclude .git -exclude .hg -resolve-src-symlinks -remove-static-executable /Users/runner/work/Potatso/Potatso/Pods/Realm/include/RLMObject.h /Users/runner/work/_temp/build/DerivedData/Build/Intermediates.noindex/ArchiveIntermediates/Potatso/BuildProductsPath/Release-iphoneos/Realm/Realm.framework/Headers

Copy /Users/runner/work/_temp/build/DerivedData/Build/Intermediates.noindex/ArchiveIntermediates/Potatso/BuildProductsPath/Release-iphoneos/Realm/Realm.framework/Headers/RLMMigration.h /Users/runner/work/Potatso/Potatso/Pods/Realm/include/RLMMigration.h (in target 'Realm' from project 'Pods')
    cd /Users/runner/work/Potatso/Potatso/Pods
    builtin-copy -exclude .DS_Store -exclude CVS -exclude .svn -exclude .git -exclude .hg -resolve-src-symlinks -remove-static-executable /Users/runner/work/Potatso/Potatso/Pods/Realm/include/RLMMigration.h /Users/runner/work/_temp/build/DerivedData/Build/Intermediates.noindex/ArchiveIntermediates/Potatso/BuildProductsPath/Release-iphoneos/Realm/Realm.framework/Headers

Copy /Users/runner/work/_temp/build/DerivedData/Build/Intermediates.noindex/ArchiveIntermediates/Potatso/BuildProductsPath/Release-iphoneos/Realm/Realm.framework/Headers/RLMListBase.h /Users/runner/work/Potatso/Potatso/Pods/Realm/include/RLMListBase.h (in target 'Realm' from project 'Pods')
    cd /Users/runner/work/Potatso/Potatso/Pods
    builtin-copy -exclude .DS_Store -exclude CVS -exclude .svn -exclude .git -exclude .hg -resolve-src-symlinks -remove-static-executable /Users/runner/work/Potatso/Potatso/Pods/Realm/include/RLMListBase.h /Users/runner/work/_temp/build/DerivedData/Build/Intermediates.noindex/ArchiveIntermediates/Potatso/BuildProductsPath/Release-iphoneos/Realm/Realm.framework/Headers

Copy /Users/runner/work/_temp/build/DerivedData/Build/Intermediates.noindex/ArchiveIntermediates/Potatso/BuildProductsPath/Release-iphoneos/Realm/Realm.framework/Headers/RLMConstants.h /Users/runner/work/Potatso/Potatso/Pods/Realm/include/RLMConstants.h (in target 'Realm' from project 'Pods')
    cd /Users/runner/work/Potatso/Potatso/Pods
    builtin-copy -exclude .DS_Store -exclude CVS -exclude .svn -exclude .git -exclude .hg -resolve-src-symlinks -remove-static-executable /Users/runner/work/Potatso/Potatso/Pods/Realm/include/RLMConstants.h /Users/runner/work/_temp/build/DerivedData/Build/Intermediates.noindex/ArchiveIntermediates/Potatso/BuildProductsPath/Release-iphoneos/Realm/Realm.framework/Headers

Copy /Users/runner/work/_temp/build/DerivedData/Build/Intermediates.noindex/ArchiveIntermediates/Potatso/BuildProductsPath/Release-iphoneos/Realm/Realm.framework/Headers/RLMCollection.h /Users/runner/work/Potatso/Potatso/Pods/Realm/include/RLMCollection.h (in target 'Realm' from project 'Pods')
    cd /Users/runner/work/Potatso/Potatso/Pods
    builtin-copy -exclude .DS_Store -exclude CVS -exclude .svn -exclude .git -exclude .hg -resolve-src-symlinks -remove-static-executable /Users/runner/work/Potatso/Potatso/Pods/Realm/include/RLMCollection.h /Users/runner/work/_temp/build/DerivedData/Build/Intermediates.noindex/ArchiveIntermediates/Potatso/BuildProductsPath/Release-iphoneos/Realm/Realm.framework/Headers

Copy /Users/runner/work/_temp/build/DerivedData/Build/Intermediates.noindex/ArchiveIntermediates/Potatso/BuildProductsPath/Release-iphoneos/Realm/Realm.framework/Headers/RLMArray.h /Users/runner/work/Potatso/Potatso/Pods/Realm/include/RLMArray.h (in target 'Realm' from project 'Pods')
    cd /Users/runner/work/Potatso/Potatso/Pods
    builtin-copy -exclude .DS_Store -exclude CVS -exclude .svn -exclude .git -exclude .hg -resolve-src-symlinks -remove-static-executable /Users/runner/work/Potatso/Potatso/Pods/Realm/include/RLMArray.h /Users/runner/work/_temp/build/DerivedData/Build/Intermediates.noindex/ArchiveIntermediates/Potatso/BuildProductsPath/Release-iphoneos/Realm/Realm.framework/Headers

Copy /Users/runner/work/_temp/build/DerivedData/Build/Intermediates.noindex/ArchiveIntermediates/Potatso/BuildProductsPath/Release-iphoneos/Realm/Realm.framework/Headers/NSError+RLMSync.h /Users/runner/work/Potatso/Potatso/Pods/Realm/include/NSError+RLMSync.h (in target 'Realm' from project 'Pods')
    cd /Users/runner/work/Potatso/Potatso/Pods
    builtin-copy -exclude .DS_Store -exclude CVS -exclude .svn -exclude .git -exclude .hg -resolve-src-symlinks -remove-static-executable /Users/runner/work/Potatso/Potatso/Pods/Realm/include/NSError+RLMSync.h /Users/runner/work/_temp/build/DerivedData/Build/Intermediates.noindex/ArchiveIntermediates/Potatso/BuildProductsPath/Release-iphoneos/Realm/Realm.framework/Headers

WriteAuxiliaryFile /Users/runner/work/_temp/build/DerivedData/Build/Intermediates.noindex/ArchiveIntermediates/Potatso/IntermediateBuildFilesPath/Pods.build/Release-iphoneos/Realm.build/Objects-normal/arm64/e6072d4f65d7061329687fe24e3d63a7-common-args.resp (in target 'Realm' from project 'Pods')
    cd /Users/runner/work/Potatso/Potatso/Pods
    write-file /Users/runner/work/_temp/build/DerivedData/Build/Intermediates.noindex/ArchiveIntermediates/Potatso/IntermediateBuildFilesPath/Pods.build/Release-iphoneos/Realm.build/Objects-normal/arm64/e6072d4f65d7061329687fe24e3d63a7-common-args.resp
-target arm64-apple-ios12.0 '-std=gnu11' -fobjc-arc -fobjc-weak -fmodules -gmodules '-fmodules-cache-path=/Users/runner/work/_temp/build/DerivedData/ModuleCache.noindex' '-fmodule-name=Realm' -fapplication-extension -fpascal-strings -Os -fno-common '-DPOD_CONFIGURATION_RELEASE=1' '-DCOCOAPODS=1' '-DNS_BLOCK_ASSERTIONS=1' '-DOBJC_OLD_DISPATCH_PROTOTYPES=0' -isysroot /Applications/Xcode_15.4.app/Contents/Developer/Platforms/iPhoneOS.platform/Developer/SDKs/iPhoneOS17.5.sdk -g -iquote /Users/runner/work/_temp/build/DerivedData/Build/Intermediates.noindex/ArchiveIntermediates/Potatso/IntermediateBuildFilesPath/Pods.build/Release-iphoneos/Realm.build/Realm-generated-files.hmap -I/Users/runner/work/_temp/build/DerivedData/Build/Intermediates.noindex/ArchiveIntermediates/Potatso/IntermediateBuildFilesPath/Pods.build/Release-iphoneos/Realm.build/Realm-own-target-headers.hmap -I/Users/runner/work/_temp/build/DerivedData/Build/Intermediates.noindex/ArchiveIntermediates/Potatso/IntermediateBuildFilesPath/Pods.build/Release-iphoneos/Realm.build/Realm-all-non-framework-target-headers.hmap -ivfsoverlay /Users/runner/work/_temp/build/DerivedData/Build/Intermediates.noindex/ArchiveIntermediates/Potatso/IntermediateBuildFilesPath/Pods.build/Release-iphoneos/Realm.build/all-product-headers.yaml -iquote /Users/runner/work/_temp/build/DerivedData/Build/Intermediates.noindex/ArchiveIntermediates/Potatso/IntermediateBuildFilesPath/Pods.build/Release-iphoneos/Realm.build/Realm-project-headers.hmap -iquote /Users/runner/work/Potatso/Potatso/Pods/Realm/include -iquote /Users/runner/work/Potatso/Potatso/Pods/Realm/include/Realm -I/Users/runner/work/_temp/build/DerivedData/Build/Intermediates.noindex/ArchiveIntermediates/Potatso/BuildProductsPath/Release-iphoneos/Realm/include -I/Users/runner/work/_temp/build/DerivedData/Build/Intermediates.noindex/ArchiveIntermediates/Potatso/IntermediateBuildFilesPath/Pods.build/Release-iphoneos/Realm.build/DerivedSources-normal/arm64 -I/Users/runner/work/_temp/build/DerivedData/Build/Intermediates.noindex/ArchiveIntermediates/Potatso/IntermediateBuildFilesPath/Pods.build/Release-iphoneos/Realm.build/DerivedSources/arm64 -I/Users/runner/work/_temp/build/DerivedData/Build/Intermediates.noindex/ArchiveIntermediates/Potatso/IntermediateBuildFilesPath/Pods.build/Release-iphoneos/Realm.build/DerivedSources -F/Users/runner/work/_temp/build/DerivedData/Build/Intermediates.noindex/ArchiveIntermediates/Potatso/BuildProductsPath/Release-iphoneos/Realm

WriteAuxiliaryFile /Users/runner/work/_temp/build/DerivedData/Build/Intermediates.noindex/ArchiveIntermediates/Potatso/IntermediateBuildFilesPath/Pods.build/Release-iphoneos/Realm.build/Objects-normal/arm64/Realm.LinkFileList (in target 'Realm' from project 'Pods')
    cd /Users/runner/work/Potatso/Potatso/Pods
    write-file /Users/runner/work/_temp/build/DerivedData/Build/Intermediates.noindex/ArchiveIntermediates/Potatso/IntermediateBuildFilesPath/Pods.build/Release-iphoneos/Realm.build/Objects-normal/arm64/Realm.LinkFileList

WriteAuxiliaryFile /Users/runner/work/_temp/build/DerivedData/Build/Intermediates.noindex/ArchiveIntermediates/Potatso/IntermediateBuildFilesPath/Pods.build/Release-iphoneos/Realm.build/Objects-normal/arm64/af3fcb34312c57c0f52879cdce924b91-common-args.resp (in target 'Realm' from project 'Pods')
    cd /Users/runner/work/Potatso/Potatso/Pods
    write-file /Users/runner/work/_temp/build/DerivedData/Build/Intermediates.noindex/ArchiveIntermediates/Potatso/IntermediateBuildFilesPath/Pods.build/Release-iphoneos/Realm.build/Objects-normal/arm64/af3fcb34312c57c0f52879cdce924b91-common-args.resp
-target arm64-apple-ios12.0 '-std=c++14' '-stdlib=libc++' -fobjc-arc -fobjc-weak -fmodules -gmodules '-fmodules-cache-path=/Users/runner/work/_temp/build/DerivedData/ModuleCache.noindex' '-fmodule-name=Realm' -fapplication-extension -fpascal-strings -Os -fno-common '-DPOD_CONFIGURATION_RELEASE=1' '-DCOCOAPODS=1' '-DNS_BLOCK_ASSERTIONS=1' '-DOBJC_OLD_DISPATCH_PROTOTYPES=0' -isysroot /Applications/Xcode_15.4.app/Contents/Developer/Platforms/iPhoneOS.platform/Developer/SDKs/iPhoneOS17.5.sdk -g -fvisibility-inlines-hidden -iquote /Users/runner/work/_temp/build/DerivedData/Build/Intermediates.noindex/ArchiveIntermediates/Potatso/IntermediateBuildFilesPath/Pods.build/Release-iphoneos/Realm.build/Realm-generated-files.hmap -I/Users/runner/work/_temp/build/DerivedData/Build/Intermediates.noindex/ArchiveIntermediates/Potatso/IntermediateBuildFilesPath/Pods.build/Release-iphoneos/Realm.build/Realm-own-target-headers.hmap -I/Users/runner/work/_temp/build/DerivedData/Build/Intermediates.noindex/ArchiveIntermediates/Potatso/IntermediateBuildFilesPath/Pods.build/Release-iphoneos/Realm.build/Realm-all-non-framework-target-headers.hmap -ivfsoverlay /Users/runner/work/_temp/build/DerivedData/Build/Intermediates.noindex/ArchiveIntermediates/Potatso/IntermediateBuildFilesPath/Pods.build/Release-iphoneos/Realm.build/all-product-headers.yaml -iquote /Users/runner/work/_temp/build/DerivedData/Build/Intermediates.noindex/ArchiveIntermediates/Potatso/IntermediateBuildFilesPath/Pods.build/Release-iphoneos/Realm.build/Realm-project-headers.hmap -iquote /Users/runner/work/Potatso/Potatso/Pods/Realm/include -iquote /Users/runner/work/Potatso/Potatso/Pods/Realm/include/Realm -I/Users/runner/work/_temp/build/DerivedData/Build/Intermediates.noindex/ArchiveIntermediates/Potatso/BuildProductsPath/Release-iphoneos/Realm/include -I/Users/runner/work/_temp/build/DerivedData/Build/Intermediates.noindex/ArchiveIntermediates/Potatso/IntermediateBuildFilesPath/Pods.build/Release-iphoneos/Realm.build/DerivedSources-normal/arm64 -I/Users/runner/work/_temp/build/DerivedData/Build/Intermediates.noindex/ArchiveIntermediates/Potatso/IntermediateBuildFilesPath/Pods.build/Release-iphoneos/Realm.build/DerivedSources/arm64 -I/Users/runner/work/_temp/build/DerivedData/Build/Intermediates.noindex/ArchiveIntermediates/Potatso/IntermediateBuildFilesPath/Pods.build/Release-iphoneos/Realm.build/DerivedSources -F/Users/runner/work/_temp/build/DerivedData/Build/Intermediates.noindex/ArchiveIntermediates/Potatso/BuildProductsPath/Release-iphoneos/Realm -isystem /Users/runner/work/Potatso/Potatso/Pods/Realm/include/core

WriteAuxiliaryFile /Users/runner/work/_temp/build/DerivedData/Build/Intermediates.noindex/ArchiveIntermediates/Potatso/IntermediateBuildFilesPath/Pods.build/Release-iphoneos/Realm.build/Objects-normal/arm64/82b82416624d2658e5098eb0a28c15c5-common-args.resp (in target 'Realm' from project 'Pods')
    cd /Users/runner/work/Potatso/Potatso/Pods
    write-file /Users/runner/work/_temp/build/DerivedData/Build/Intermediates.noindex/ArchiveIntermediates/Potatso/IntermediateBuildFilesPath/Pods.build/Release-iphoneos/Realm.build/Objects-normal/arm64/82b82416624d2658e5098eb0a28c15c5-common-args.resp
-target arm64-apple-ios12.0 '-std=c++14' '-stdlib=libc++' -fmodules -gmodules '-fmodules-cache-path=/Users/runner/work/_temp/build/DerivedData/ModuleCache.noindex' '-fmodule-name=Realm' -fapplication-extension -fpascal-strings -Os -fno-common '-DPOD_CONFIGURATION_RELEASE=1' '-DCOCOAPODS=1' -isysroot /Applications/Xcode_15.4.app/Contents/Developer/Platforms/iPhoneOS.platform/Developer/SDKs/iPhoneOS17.5.sdk -g -fvisibility-inlines-hidden -iquote /Users/runner/work/_temp/build/DerivedData/Build/Intermediates.noindex/ArchiveIntermediates/Potatso/IntermediateBuildFilesPath/Pods.build/Release-iphoneos/Realm.build/Realm-generated-files.hmap -I/Users/runner/work/_temp/build/DerivedData/Build/Intermediates.noindex/ArchiveIntermediates/Potatso/IntermediateBuildFilesPath/Pods.build/Release-iphoneos/Realm.build/Realm-own-target-headers.hmap -I/Users/runner/work/_temp/build/DerivedData/Build/Intermediates.noindex/ArchiveIntermediates/Potatso/IntermediateBuildFilesPath/Pods.build/Release-iphoneos/Realm.build/Realm-all-non-framework-target-headers.hmap -ivfsoverlay /Users/runner/work/_temp/build/DerivedData/Build/Intermediates.noindex/ArchiveIntermediates/Potatso/IntermediateBuildFilesPath/Pods.build/Release-iphoneos/Realm.build/all-product-headers.yaml -iquote /Users/runner/work/_temp/build/DerivedData/Build/Intermediates.noindex/ArchiveIntermediates/Potatso/IntermediateBuildFilesPath/Pods.build/Release-iphoneos/Realm.build/Realm-project-headers.hmap -iquote /Users/runner/work/Potatso/Potatso/Pods/Realm/include -iquote /Users/runner/work/Potatso/Potatso/Pods/Realm/include/Realm -I/Users/runner/work/_temp/build/DerivedData/Build/Intermediates.noindex/ArchiveIntermediates/Potatso/BuildProductsPath/Release-iphoneos/Realm/include -I/Users/runner/work/_temp/build/DerivedData/Build/Intermediates.noindex/ArchiveIntermediates/Potatso/IntermediateBuildFilesPath/Pods.build/Release-iphoneos/Realm.build/DerivedSources-normal/arm64 -I/Users/runner/work/_temp/build/DerivedData/Build/Intermediates.noindex/ArchiveIntermediates/Potatso/IntermediateBuildFilesPath/Pods.build/Release-iphoneos/Realm.build/DerivedSources/arm64 -I/Users/runner/work/_temp/build/DerivedData/Build/Intermediates.noindex/ArchiveIntermediates/Potatso/IntermediateBuildFilesPath/Pods.build/Release-iphoneos/Realm.build/DerivedSources -F/Users/runner/work/_temp/build/DerivedData/Build/Intermediates.noindex/ArchiveIntermediates/Potatso/BuildProductsPath/Release-iphoneos/Realm -isystem /Users/runner/work/Potatso/Potatso/Pods/Realm/include/core

WriteAuxiliaryFile /Users/runner/work/_temp/build/DerivedData/Build/Intermediates.noindex/ArchiveIntermediates/Potatso/IntermediateBuildFilesPath/Pods.build/Release-iphoneos/Realm.build/Objects-normal/arm64/7187679823f38a2a940e0043cdf9d637-common-args.resp (in target 'Realm' from project 'Pods')
    cd /Users/runner/work/Potatso/Potatso/Pods
    write-file /Users/runner/work/_temp/build/DerivedData/Build/Intermediates.noindex/ArchiveIntermediates/Potatso/IntermediateBuildFilesPath/Pods.build/Release-iphoneos/Realm.build/Objects-normal/arm64/7187679823f38a2a940e0043cdf9d637-common-args.resp
-target arm64-apple-ios12.0 '-std=gnu11' -fmodules -gmodules '-fmodules-cache-path=/Users/runner/work/_temp/build/DerivedData/ModuleCache.noindex' '-fmodule-name=Realm' -fapplication-extension -fpascal-strings -Os -fno-common '-DPOD_CONFIGURATION_RELEASE=1' '-DCOCOAPODS=1' -isysroot /Applications/Xcode_15.4.app/Contents/Developer/Platforms/iPhoneOS.platform/Developer/SDKs/iPhoneOS17.5.sdk -g -iquote /Users/runner/work/_temp/build/DerivedData/Build/Intermediates.noindex/ArchiveIntermediates/Potatso/IntermediateBuildFilesPath/Pods.build/Release-iphoneos/Realm.build/Realm-generated-files.hmap -I/Users/runner/work/_temp/build/DerivedData/Build/Intermediates.noindex/ArchiveIntermediates/Potatso/IntermediateBuildFilesPath/Pods.build/Release-iphoneos/Realm.build/Realm-own-target-headers.hmap -I/Users/runner/work/_temp/build/DerivedData/Build/Intermediates.noindex/ArchiveIntermediates/Potatso/IntermediateBuildFilesPath/Pods.build/Release-iphoneos/Realm.build/Realm-all-non-framework-target-headers.hmap -ivfsoverlay /Users/runner/work/_temp/build/DerivedData/Build/Intermediates.noindex/ArchiveIntermediates/Potatso/IntermediateBuildFilesPath/Pods.build/Release-iphoneos/Realm.build/all-product-headers.yaml -iquote /Users/runner/work/_temp/build/DerivedData/Build/Intermediates.noindex/ArchiveIntermediates/Potatso/IntermediateBuildFilesPath/Pods.build/Release-iphoneos/Realm.build/Realm-project-headers.hmap -iquote /Users/runner/work/Potatso/Potatso/Pods/Realm/include -iquote /Users/runner/work/Potatso/Potatso/Pods/Realm/include/Realm -I/Users/runner/work/_temp/build/DerivedData/Build/Intermediates.noindex/ArchiveIntermediates/Potatso/BuildProductsPath/Release-iphoneos/Realm/include -I/Users/runner/work/_temp/build/DerivedData/Build/Intermediates.noindex/ArchiveIntermediates/Potatso/IntermediateBuildFilesPath/Pods.build/Release-iphoneos/Realm.build/DerivedSources-normal/arm64 -I/Users/runner/work/_temp/build/DerivedData/Build/Intermediates.noindex/ArchiveIntermediates/Potatso/IntermediateBuildFilesPath/Pods.build/Release-iphoneos/Realm.build/DerivedSources/arm64 -I/Users/runner/work/_temp/build/DerivedData/Build/Intermediates.noindex/ArchiveIntermediates/Potatso/IntermediateBuildFilesPath/Pods.build/Release-iphoneos/Realm.build/DerivedSources -F/Users/runner/work/_temp/build/DerivedData/Build/Intermediates.noindex/ArchiveIntermediates/Potatso/BuildProductsPath/Release-iphoneos/Realm

WriteAuxiliaryFile /Users/runner/work/_temp/build/DerivedData/Build/Intermediates.noindex/ArchiveIntermediates/Potatso/IntermediateBuildFilesPath/Pods.build/Release-iphoneos/Realm.build/DerivedSources/Realm_vers.c (in target 'Realm' from project 'Pods')
    cd /Users/runner/work/Potatso/Potatso/Pods
    write-file /Users/runner/work/_temp/build/DerivedData/Build/Intermediates.noindex/ArchiveIntermediates/Potatso/IntermediateBuildFilesPath/Pods.build/Release-iphoneos/Realm.build/DerivedSources/Realm_vers.c

WriteAuxiliaryFile /Users/runner/work/_temp/build/DerivedData/Build/Intermediates.noindex/ArchiveIntermediates/Potatso/IntermediateBuildFilesPath/Pods.build/Release-iphoneos/PSOperations.build/PSOperations.hmap (in target 'PSOperations' from project 'Pods')
    cd /Users/runner/work/Potatso/Potatso/Pods
    write-file /Users/runner/work/_temp/build/DerivedData/Build/Intermediates.noindex/ArchiveIntermediates/Potatso/IntermediateBuildFilesPath/Pods.build/Release-iphoneos/PSOperations.build/PSOperations.hmap

WriteAuxiliaryFile /Users/runner/work/_temp/build/DerivedData/Build/Intermediates.noindex/ArchiveIntermediates/Potatso/IntermediateBuildFilesPath/Pods.build/Release-iphoneos/PSOperations.build/all-product-headers.yaml (in target 'PSOperations' from project 'Pods')
    cd /Users/runner/work/Potatso/Potatso/Pods
    write-file /Users/runner/work/_temp/build/DerivedData/Build/Intermediates.noindex/ArchiveIntermediates/Potatso/IntermediateBuildFilesPath/Pods.build/Release-iphoneos/PSOperations.build/all-product-headers.yaml

WriteAuxiliaryFile /Users/runner/work/_temp/build/DerivedData/Build/Intermediates.noindex/ArchiveIntermediates/Potatso/IntermediateBuildFilesPath/Pods.build/Release-iphoneos/PSOperations.build/PSOperations-project-headers.hmap (in target 'PSOperations' from project 'Pods')
    cd /Users/runner/work/Potatso/Potatso/Pods
    write-file /Users/runner/work/_temp/build/DerivedData/Build/Intermediates.noindex/ArchiveIntermediates/Potatso/IntermediateBuildFilesPath/Pods.build/Release-iphoneos/PSOperations.build/PSOperations-project-headers.hmap

WriteAuxiliaryFile /Users/runner/work/_temp/build/DerivedData/Build/Intermediates.noindex/ArchiveIntermediates/Potatso/IntermediateBuildFilesPath/Pods.build/Release-iphoneos/PSOperations.build/PSOperations-own-target-headers.hmap (in target 'PSOperations' from project 'Pods')
    cd /Users/runner/work/Potatso/Potatso/Pods
    write-file /Users/runner/work/_temp/build/DerivedData/Build/Intermediates.noindex/ArchiveIntermediates/Potatso/IntermediateBuildFilesPath/Pods.build/Release-iphoneos/PSOperations.build/PSOperations-own-target-headers.hmap

WriteAuxiliaryFile /Users/runner/work/_temp/build/DerivedData/Build/Intermediates.noindex/ArchiveIntermediates/Potatso/IntermediateBuildFilesPath/Pods.build/Release-iphoneos/PSOperations.build/PSOperations-generated-files.hmap (in target 'PSOperations' from project 'Pods')
    cd /Users/runner/work/Potatso/Potatso/Pods
    write-file /Users/runner/work/_temp/build/DerivedData/Build/Intermediates.noindex/ArchiveIntermediates/Potatso/IntermediateBuildFilesPath/Pods.build/Release-iphoneos/PSOperations.build/PSOperations-generated-files.hmap

WriteAuxiliaryFile /Users/runner/work/_temp/build/DerivedData/Build/Intermediates.noindex/ArchiveIntermediates/Potatso/IntermediateBuildFilesPath/Pods.build/Release-iphoneos/PSOperations.build/PSOperations-all-target-headers.hmap (in target 'PSOperations' from project 'Pods')
    cd /Users/runner/work/Potatso/Potatso/Pods
    write-file /Users/runner/work/_temp/build/DerivedData/Build/Intermediates.noindex/ArchiveIntermediates/Potatso/IntermediateBuildFilesPath/Pods.build/Release-iphoneos/PSOperations.build/PSOperations-all-target-headers.hmap

WriteAuxiliaryFile /Users/runner/work/_temp/build/DerivedData/Build/Intermediates.noindex/ArchiveIntermediates/Potatso/IntermediateBuildFilesPath/Pods.build/Release-iphoneos/PSOperations.build/PSOperations-all-non-framework-target-headers.hmap (in target 'PSOperations' from project 'Pods')
    cd /Users/runner/work/Potatso/Potatso/Pods
    write-file /Users/runner/work/_temp/build/DerivedData/Build/Intermediates.noindex/ArchiveIntermediates/Potatso/IntermediateBuildFilesPath/Pods.build/Release-iphoneos/PSOperations.build/PSOperations-all-non-framework-target-headers.hmap

CreateBuildDirectory /Users/runner/work/_temp/build/DerivedData/Build/Intermediates.noindex/ArchiveIntermediates/Potatso/BuildProductsPath/Release-iphoneos/MMWormhole
    cd /Users/runner/work/Potatso/Potatso
    builtin-create-build-directory /Users/runner/work/_temp/build/DerivedData/Build/Intermediates.noindex/ArchiveIntermediates/Potatso/BuildProductsPath/Release-iphoneos/MMWormhole

CreateBuildDirectory /Users/runner/work/_temp/build/DerivedData/Build/Intermediates.noindex/ArchiveIntermediates/Potatso/BuildProductsPath/Release-iphoneos/MBProgressHUD
    cd /Users/runner/work/Potatso/Potatso
    builtin-create-build-directory /Users/runner/work/_temp/build/DerivedData/Build/Intermediates.noindex/ArchiveIntermediates/Potatso/BuildProductsPath/Release-iphoneos/MBProgressHUD

WriteAuxiliaryFile /Users/runner/work/_temp/build/DerivedData/Build/Intermediates.noindex/ArchiveIntermediates/Potatso/IntermediateBuildFilesPath/Pods.build/Release-iphoneos/PSOperations.build/unextended-module.modulemap (in target 'PSOperations' from project 'Pods')
    cd /Users/runner/work/Potatso/Potatso/Pods
    write-file /Users/runner/work/_temp/build/DerivedData/Build/Intermediates.noindex/ArchiveIntermediates/Potatso/IntermediateBuildFilesPath/Pods.build/Release-iphoneos/PSOperations.build/unextended-module.modulemap

WriteAuxiliaryFile /Users/runner/work/_temp/build/DerivedData/Build/Intermediates.noindex/ArchiveIntermediates/Potatso/IntermediateBuildFilesPath/Pods.build/Release-iphoneos/PSOperations.build/unextended-module-overlay.yaml (in target 'PSOperations' from project 'Pods')
    cd /Users/runner/work/Potatso/Potatso/Pods
    write-file /Users/runner/work/_temp/build/DerivedData/Build/Intermediates.noindex/ArchiveIntermediates/Potatso/IntermediateBuildFilesPath/Pods.build/Release-iphoneos/PSOperations.build/unextended-module-overlay.yaml

WriteAuxiliaryFile /Users/runner/work/_temp/build/DerivedData/Build/Intermediates.noindex/ArchiveIntermediates/Potatso/IntermediateBuildFilesPath/Pods.build/Release-iphoneos/PSOperations.build/module.modulemap (in target 'PSOperations' from project 'Pods')
    cd /Users/runner/work/Potatso/Potatso/Pods
    write-file /Users/runner/work/_temp/build/DerivedData/Build/Intermediates.noindex/ArchiveIntermediates/Potatso/IntermediateBuildFilesPath/Pods.build/Release-iphoneos/PSOperations.build/module.modulemap

SymLink /Users/runner/work/_temp/build/DerivedData/Build/Intermediates.noindex/ArchiveIntermediates/Potatso/BuildProductsPath/Release-iphoneos/MMWormhole/MMWormhole.framework ../../../IntermediateBuildFilesPath/UninstalledProducts/iphoneos/MMWormhole.framework (in target 'MMWormhole' from project 'Pods')
    cd /Users/runner/work/Potatso/Potatso/Pods
    /bin/ln -sfh ../../../IntermediateBuildFilesPath/UninstalledProducts/iphoneos/MMWormhole.framework /Users/runner/work/_temp/build/DerivedData/Build/Intermediates.noindex/ArchiveIntermediates/Potatso/BuildProductsPath/Release-iphoneos/MMWormhole/MMWormhole.framework

Copy /Users/runner/work/_temp/build/DerivedData/Build/Intermediates.noindex/ArchiveIntermediates/Potatso/IntermediateBuildFilesPath/UninstalledProducts/iphoneos/PSOperations.framework/Modules/module.modulemap /Users/runner/work/_temp/build/DerivedData/Build/Intermediates.noindex/ArchiveIntermediates/Potatso/IntermediateBuildFilesPath/Pods.build/Release-iphoneos/PSOperations.build/module.modulemap (in target 'PSOperations' from project 'Pods')
    cd /Users/runner/work/Potatso/Potatso/Pods
    builtin-copy -exclude .DS_Store -exclude CVS -exclude .svn -exclude .git -exclude .hg -resolve-src-symlinks /Users/runner/work/_temp/build/DerivedData/Build/Intermediates.noindex/ArchiveIntermediates/Potatso/IntermediateBuildFilesPath/Pods.build/Release-iphoneos/PSOperations.build/module.modulemap /Users/runner/work/_temp/build/DerivedData/Build/Intermediates.noindex/ArchiveIntermediates/Potatso/IntermediateBuildFilesPath/UninstalledProducts/iphoneos/PSOperations.framework/Modules

MkDir /Users/runner/work/_temp/build/DerivedData/Build/Intermediates.noindex/ArchiveIntermediates/Potatso/IntermediateBuildFilesPath/UninstalledProducts/iphoneos/MMWormhole.framework/Headers (in target 'MMWormhole' from project 'Pods')
    cd /Users/runner/work/Potatso/Potatso/Pods
    /bin/mkdir -p /Users/runner/work/_temp/build/DerivedData/Build/Intermediates.noindex/ArchiveIntermediates/Potatso/IntermediateBuildFilesPath/UninstalledProducts/iphoneos/MMWormhole.framework/Headers

MkDir /Users/runner/work/_temp/build/DerivedData/Build/Intermediates.noindex/ArchiveIntermediates/Potatso/IntermediateBuildFilesPath/UninstalledProducts/iphoneos/MMWormhole.framework (in target 'MMWormhole' from project 'Pods')
    cd /Users/runner/work/Potatso/Potatso/Pods
    /bin/mkdir -p /Users/runner/work/_temp/build/DerivedData/Build/Intermediates.noindex/ArchiveIntermediates/Potatso/IntermediateBuildFilesPath/UninstalledProducts/iphoneos/MMWormhole.framework

SymLink /Users/runner/work/_temp/build/DerivedData/Build/Intermediates.noindex/ArchiveIntermediates/Potatso/BuildProductsPath/Release-iphoneos/MBProgressHUD/MBProgressHUD.framework ../../../IntermediateBuildFilesPath/UninstalledProducts/iphoneos/MBProgressHUD.framework (in target 'MBProgressHUD' from project 'Pods')
    cd /Users/runner/work/Potatso/Potatso/Pods
    /bin/ln -sfh ../../../IntermediateBuildFilesPath/UninstalledProducts/iphoneos/MBProgressHUD.framework /Users/runner/work/_temp/build/DerivedData/Build/Intermediates.noindex/ArchiveIntermediates/Potatso/BuildProductsPath/Release-iphoneos/MBProgressHUD/MBProgressHUD.framework

MkDir /Users/runner/work/_temp/build/DerivedData/Build/Intermediates.noindex/ArchiveIntermediates/Potatso/IntermediateBuildFilesPath/UninstalledProducts/iphoneos/MBProgressHUD.framework/Headers (in target 'MBProgressHUD' from project 'Pods')
    cd /Users/runner/work/Potatso/Potatso/Pods
    /bin/mkdir -p /Users/runner/work/_temp/build/DerivedData/Build/Intermediates.noindex/ArchiveIntermediates/Potatso/IntermediateBuildFilesPath/UninstalledProducts/iphoneos/MBProgressHUD.framework/Headers

MkDir /Users/runner/work/_temp/build/DerivedData/Build/Intermediates.noindex/ArchiveIntermediates/Potatso/IntermediateBuildFilesPath/UninstalledProducts/iphoneos/MBProgressHUD.framework (in target 'MBProgressHUD' from project 'Pods')
    cd /Users/runner/work/Potatso/Potatso/Pods
    /bin/mkdir -p /Users/runner/work/_temp/build/DerivedData/Build/Intermediates.noindex/ArchiveIntermediates/Potatso/IntermediateBuildFilesPath/UninstalledProducts/iphoneos/MBProgressHUD.framework

CreateBuildDirectory /Users/runner/work/_temp/build/DerivedData/Build/Intermediates.noindex/ArchiveIntermediates/Potatso/BuildProductsPath/Release-iphoneos/LibYAML
    cd /Users/runner/work/Potatso/Potatso
    builtin-create-build-directory /Users/runner/work/_temp/build/DerivedData/Build/Intermediates.noindex/ArchiveIntermediates/Potatso/BuildProductsPath/Release-iphoneos/LibYAML

CreateBuildDirectory /Users/runner/work/_temp/build/DerivedData/Build/Intermediates.noindex/ArchiveIntermediates/Potatso/BuildProductsPath/Release-iphoneos/KissXML
    cd /Users/runner/work/Potatso/Potatso
    builtin-create-build-directory /Users/runner/work/_temp/build/DerivedData/Build/Intermediates.noindex/ArchiveIntermediates/Potatso/BuildProductsPath/Release-iphoneos/KissXML

WriteAuxiliaryFile /Users/runner/work/_temp/build/DerivedData/Build/Intermediates.noindex/ArchiveIntermediates/Potatso/IntermediateBuildFilesPath/Pods.build/Release-iphoneos/ObjectMapper.build/all-product-headers.yaml (in target 'ObjectMapper' from project 'Pods')
    cd /Users/runner/work/Potatso/Potatso/Pods
    write-file /Users/runner/work/_temp/build/DerivedData/Build/Intermediates.noindex/ArchiveIntermediates/Potatso/IntermediateBuildFilesPath/Pods.build/Release-iphoneos/ObjectMapper.build/all-product-headers.yaml

WriteAuxiliaryFile /Users/runner/work/_temp/build/DerivedData/Build/Intermediates.noindex/ArchiveIntermediates/Potatso/IntermediateBuildFilesPath/Pods.build/Release-iphoneos/ObjectMapper.build/ObjectMapper.hmap (in target 'ObjectMapper' from project 'Pods')
    cd /Users/runner/work/Potatso/Potatso/Pods
    write-file /Users/runner/work/_temp/build/DerivedData/Build/Intermediates.noindex/ArchiveIntermediates/Potatso/IntermediateBuildFilesPath/Pods.build/Release-iphoneos/ObjectMapper.build/ObjectMapper.hmap

WriteAuxiliaryFile /Users/runner/work/_temp/build/DerivedData/Build/Intermediates.noindex/ArchiveIntermediates/Potatso/IntermediateBuildFilesPath/Pods.build/Release-iphoneos/ObjectMapper.build/ObjectMapper-project-headers.hmap (in target 'ObjectMapper' from project 'Pods')
    cd /Users/runner/work/Potatso/Potatso/Pods
    write-file /Users/runner/work/_temp/build/DerivedData/Build/Intermediates.noindex/ArchiveIntermediates/Potatso/IntermediateBuildFilesPath/Pods.build/Release-iphoneos/ObjectMapper.build/ObjectMapper-project-headers.hmap

WriteAuxiliaryFile /Users/runner/work/_temp/build/DerivedData/Build/Intermediates.noindex/ArchiveIntermediates/Potatso/IntermediateBuildFilesPath/Pods.build/Release-iphoneos/ObjectMapper.build/ObjectMapper-own-target-headers.hmap (in target 'ObjectMapper' from project 'Pods')
    cd /Users/runner/work/Potatso/Potatso/Pods
    write-file /Users/runner/work/_temp/build/DerivedData/Build/Intermediates.noindex/ArchiveIntermediates/Potatso/IntermediateBuildFilesPath/Pods.build/Release-iphoneos/ObjectMapper.build/ObjectMapper-own-target-headers.hmap

WriteAuxiliaryFile /Users/runner/work/_temp/build/DerivedData/Build/Intermediates.noindex/ArchiveIntermediates/Potatso/IntermediateBuildFilesPath/Pods.build/Release-iphoneos/ObjectMapper.build/ObjectMapper-generated-files.hmap (in target 'ObjectMapper' from project 'Pods')
    cd /Users/runner/work/Potatso/Potatso/Pods
    write-file /Users/runner/work/_temp/build/DerivedData/Build/Intermediates.noindex/ArchiveIntermediates/Potatso/IntermediateBuildFilesPath/Pods.build/Release-iphoneos/ObjectMapper.build/ObjectMapper-generated-files.hmap

WriteAuxiliaryFile /Users/runner/work/_temp/build/DerivedData/Build/Intermediates.noindex/ArchiveIntermediates/Potatso/IntermediateBuildFilesPath/Pods.build/Release-iphoneos/ObjectMapper.build/ObjectMapper-all-target-headers.hmap (in target 'ObjectMapper' from project 'Pods')
    cd /Users/runner/work/Potatso/Potatso/Pods
    write-file /Users/runner/work/_temp/build/DerivedData/Build/Intermediates.noindex/ArchiveIntermediates/Potatso/IntermediateBuildFilesPath/Pods.build/Release-iphoneos/ObjectMapper.build/ObjectMapper-all-target-headers.hmap

WriteAuxiliaryFile /Users/runner/work/_temp/build/DerivedData/Build/Intermediates.noindex/ArchiveIntermediates/Potatso/IntermediateBuildFilesPath/Pods.build/Release-iphoneos/ObjectMapper.build/ObjectMapper-all-non-framework-target-headers.hmap (in target 'ObjectMapper' from project 'Pods')
    cd /Users/runner/work/Potatso/Potatso/Pods
    write-file /Users/runner/work/_temp/build/DerivedData/Build/Intermediates.noindex/ArchiveIntermediates/Potatso/IntermediateBuildFilesPath/Pods.build/Release-iphoneos/ObjectMapper.build/ObjectMapper-all-non-framework-target-headers.hmap

CpHeader /Users/runner/work/_temp/build/DerivedData/Build/Intermediates.noindex/ArchiveIntermediates/Potatso/IntermediateBuildFilesPath/UninstalledProducts/iphoneos/PSOperations.framework/Headers/PSOperations-umbrella.h /Users/runner/work/Potatso/Potatso/Pods/Target\ Support\ Files/PSOperations/PSOperations-umbrella.h (in target 'PSOperations' from project 'Pods')
    cd /Users/runner/work/Potatso/Potatso/Pods
    builtin-copy -exclude .DS_Store -exclude CVS -exclude .svn -exclude .git -exclude .hg -resolve-src-symlinks /Users/runner/work/Potatso/Potatso/Pods/Target\ Support\ Files/PSOperations/PSOperations-umbrella.h /Users/runner/work/_temp/build/DerivedData/Build/Intermediates.noindex/ArchiveIntermediates/Potatso/IntermediateBuildFilesPath/UninstalledProducts/iphoneos/PSOperations.framework/Headers

ProcessInfoPlistFile /Users/runner/work/_temp/build/DerivedData/Build/Intermediates.noindex/ArchiveIntermediates/Potatso/IntermediateBuildFilesPath/UninstalledProducts/iphoneos/PSOperations.framework/Info.plist /Users/runner/work/Potatso/Potatso/Pods/Target\ Support\ Files/PSOperations/PSOperations-Info.plist (in target 'PSOperations' from project 'Pods')
    cd /Users/runner/work/Potatso/Potatso/Pods
    builtin-infoPlistUtility /Users/runner/work/Potatso/Potatso/Pods/Target\ Support\ Files/PSOperations/PSOperations-Info.plist -producttype com.apple.product-type.framework -expandbuildsettings -format binary -platform iphoneos -requiredArchitecture arm64 -o /Users/runner/work/_temp/build/DerivedData/Build/Intermediates.noindex/ArchiveIntermediates/Potatso/IntermediateBuildFilesPath/UninstalledProducts/iphoneos/PSOperations.framework/Info.plist

WriteAuxiliaryFile /Users/runner/work/_temp/build/DerivedData/Build/Intermediates.noindex/ArchiveIntermediates/Potatso/IntermediateBuildFilesPath/Pods.build/Release-iphoneos/ObjectMapper.build/unextended-module.modulemap (in target 'ObjectMapper' from project 'Pods')
    cd /Users/runner/work/Potatso/Potatso/Pods
    write-file /Users/runner/work/_temp/build/DerivedData/Build/Intermediates.noindex/ArchiveIntermediates/Potatso/IntermediateBuildFilesPath/Pods.build/Release-iphoneos/ObjectMapper.build/unextended-module.modulemap

WriteAuxiliaryFile /Users/runner/work/_temp/build/DerivedData/Build/Intermediates.noindex/ArchiveIntermediates/Potatso/IntermediateBuildFilesPath/Pods.build/Release-iphoneos/ObjectMapper.build/unextended-module-overlay.yaml (in target 'ObjectMapper' from project 'Pods')
    cd /Users/runner/work/Potatso/Potatso/Pods
    write-file /Users/runner/work/_temp/build/DerivedData/Build/Intermediates.noindex/ArchiveIntermediates/Potatso/IntermediateBuildFilesPath/Pods.build/Release-iphoneos/ObjectMapper.build/unextended-module-overlay.yaml

WriteAuxiliaryFile /Users/runner/work/_temp/build/DerivedData/Build/Intermediates.noindex/ArchiveIntermediates/Potatso/IntermediateBuildFilesPath/Pods.build/Release-iphoneos/ObjectMapper.build/module.modulemap (in target 'ObjectMapper' from project 'Pods')
    cd /Users/runner/work/Potatso/Potatso/Pods
    write-file /Users/runner/work/_temp/build/DerivedData/Build/Intermediates.noindex/ArchiveIntermediates/Potatso/IntermediateBuildFilesPath/Pods.build/Release-iphoneos/ObjectMapper.build/module.modulemap

SymLink /Users/runner/work/_temp/build/DerivedData/Build/Intermediates.noindex/ArchiveIntermediates/Potatso/BuildProductsPath/Release-iphoneos/LibYAML/LibYAML.framework ../../../IntermediateBuildFilesPath/UninstalledProducts/iphoneos/LibYAML.framework (in target 'LibYAML' from project 'Pods')
    cd /Users/runner/work/Potatso/Potatso/Pods
    /bin/ln -sfh ../../../IntermediateBuildFilesPath/UninstalledProducts/iphoneos/LibYAML.framework /Users/runner/work/_temp/build/DerivedData/Build/Intermediates.noindex/ArchiveIntermediates/Potatso/BuildProductsPath/Release-iphoneos/LibYAML/LibYAML.framework

Copy /Users/runner/work/_temp/build/DerivedData/Build/Intermediates.noindex/ArchiveIntermediates/Potatso/IntermediateBuildFilesPath/UninstalledProducts/iphoneos/ObjectMapper.framework/Modules/module.modulemap /Users/runner/work/_temp/build/DerivedData/Build/Intermediates.noindex/ArchiveIntermediates/Potatso/IntermediateBuildFilesPath/Pods.build/Release-iphoneos/ObjectMapper.build/module.modulemap (in target 'ObjectMapper' from project 'Pods')
    cd /Users/runner/work/Potatso/Potatso/Pods
    builtin-copy -exclude .DS_Store -exclude CVS -exclude .svn -exclude .git -exclude .hg -resolve-src-symlinks /Users/runner/work/_temp/build/DerivedData/Build/Intermediates.noindex/ArchiveIntermediates/Potatso/IntermediateBuildFilesPath/Pods.build/Release-iphoneos/ObjectMapper.build/module.modulemap /Users/runner/work/_temp/build/DerivedData/Build/Intermediates.noindex/ArchiveIntermediates/Potatso/IntermediateBuildFilesPath/UninstalledProducts/iphoneos/ObjectMapper.framework/Modules

MkDir /Users/runner/work/_temp/build/DerivedData/Build/Intermediates.noindex/ArchiveIntermediates/Potatso/IntermediateBuildFilesPath/UninstalledProducts/iphoneos/LibYAML.framework/Headers (in target 'LibYAML' from project 'Pods')
    cd /Users/runner/work/Potatso/Potatso/Pods
    /bin/mkdir -p /Users/runner/work/_temp/build/DerivedData/Build/Intermediates.noindex/ArchiveIntermediates/Potatso/IntermediateBuildFilesPath/UninstalledProducts/iphoneos/LibYAML.framework/Headers

MkDir /Users/runner/work/_temp/build/DerivedData/Build/Intermediates.noindex/ArchiveIntermediates/Potatso/IntermediateBuildFilesPath/UninstalledProducts/iphoneos/LibYAML.framework (in target 'LibYAML' from project 'Pods')
    cd /Users/runner/work/Potatso/Potatso/Pods
    /bin/mkdir -p /Users/runner/work/_temp/build/DerivedData/Build/Intermediates.noindex/ArchiveIntermediates/Potatso/IntermediateBuildFilesPath/UninstalledProducts/iphoneos/LibYAML.framework

SymLink /Users/runner/work/_temp/build/DerivedData/Build/Intermediates.noindex/ArchiveIntermediates/Potatso/BuildProductsPath/Release-iphoneos/KissXML/KissXML.framework ../../../IntermediateBuildFilesPath/UninstalledProducts/iphoneos/KissXML.framework (in target 'KissXML' from project 'Pods')
    cd /Users/runner/work/Potatso/Potatso/Pods
    /bin/ln -sfh ../../../IntermediateBuildFilesPath/UninstalledProducts/iphoneos/KissXML.framework /Users/runner/work/_temp/build/DerivedData/Build/Intermediates.noindex/ArchiveIntermediates/Potatso/BuildProductsPath/Release-iphoneos/KissXML/KissXML.framework

MkDir /Users/runner/work/_temp/build/DerivedData/Build/Intermediates.noindex/ArchiveIntermediates/Potatso/IntermediateBuildFilesPath/UninstalledProducts/iphoneos/KissXML.framework/PrivateHeaders (in target 'KissXML' from project 'Pods')
    cd /Users/runner/work/Potatso/Potatso/Pods
    /bin/mkdir -p /Users/runner/work/_temp/build/DerivedData/Build/Intermediates.noindex/ArchiveIntermediates/Potatso/IntermediateBuildFilesPath/UninstalledProducts/iphoneos/KissXML.framework/PrivateHeaders

MkDir /Users/runner/work/_temp/build/DerivedData/Build/Intermediates.noindex/ArchiveIntermediates/Potatso/IntermediateBuildFilesPath/UninstalledProducts/iphoneos/KissXML.framework/Headers (in target 'KissXML' from project 'Pods')
    cd /Users/runner/work/Potatso/Potatso/Pods
    /bin/mkdir -p /Users/runner/work/_temp/build/DerivedData/Build/Intermediates.noindex/ArchiveIntermediates/Potatso/IntermediateBuildFilesPath/UninstalledProducts/iphoneos/KissXML.framework/Headers

MkDir /Users/runner/work/_temp/build/DerivedData/Build/Intermediates.noindex/ArchiveIntermediates/Potatso/IntermediateBuildFilesPath/UninstalledProducts/iphoneos/KissXML.framework (in target 'KissXML' from project 'Pods')
    cd /Users/runner/work/Potatso/Potatso/Pods
    /bin/mkdir -p /Users/runner/work/_temp/build/DerivedData/Build/Intermediates.noindex/ArchiveIntermediates/Potatso/IntermediateBuildFilesPath/UninstalledProducts/iphoneos/KissXML.framework

WriteAuxiliaryFile /Users/runner/work/_temp/build/DerivedData/Build/Intermediates.noindex/ArchiveIntermediates/Potatso/IntermediateBuildFilesPath/Pods.build/Release-iphoneos/PSOperations.build/Objects-normal/arm64/PSOperations.LinkFileList (in target 'PSOperations' from project 'Pods')
    cd /Users/runner/work/Potatso/Potatso/Pods
    write-file /Users/runner/work/_temp/build/DerivedData/Build/Intermediates.noindex/ArchiveIntermediates/Potatso/IntermediateBuildFilesPath/Pods.build/Release-iphoneos/PSOperations.build/Objects-normal/arm64/PSOperations.LinkFileList

WriteAuxiliaryFile /Users/runner/work/_temp/build/DerivedData/Build/Intermediates.noindex/ArchiveIntermediates/Potatso/IntermediateBuildFilesPath/Pods.build/Release-iphoneos/PSOperations.build/Objects-normal/arm64/e6072d4f65d7061329687fe24e3d63a7-common-args.resp (in target 'PSOperations' from project 'Pods')
    cd /Users/runner/work/Potatso/Potatso/Pods
    write-file /Users/runner/work/_temp/build/DerivedData/Build/Intermediates.noindex/ArchiveIntermediates/Potatso/IntermediateBuildFilesPath/Pods.build/Release-iphoneos/PSOperations.build/Objects-normal/arm64/e6072d4f65d7061329687fe24e3d63a7-common-args.resp
-target arm64-apple-ios12.0 '-std=gnu11' -fobjc-arc -fobjc-weak -fmodules -gmodules '-fmodules-cache-path=/Users/runner/work/_temp/build/DerivedData/ModuleCache.noindex' '-fmodule-name=PSOperations' -fpascal-strings -Os -fno-common '-DPOD_CONFIGURATION_RELEASE=1' '-DCOCOAPODS=1' '-DNS_BLOCK_ASSERTIONS=1' '-DOBJC_OLD_DISPATCH_PROTOTYPES=0' -isysroot /Applications/Xcode_15.4.app/Contents/Developer/Platforms/iPhoneOS.platform/Developer/SDKs/iPhoneOS17.5.sdk -g -iquote /Users/runner/work/_temp/build/DerivedData/Build/Intermediates.noindex/ArchiveIntermediates/Potatso/IntermediateBuildFilesPath/Pods.build/Release-iphoneos/PSOperations.build/PSOperations-generated-files.hmap -I/Users/runner/work/_temp/build/DerivedData/Build/Intermediates.noindex/ArchiveIntermediates/Potatso/IntermediateBuildFilesPath/Pods.build/Release-iphoneos/PSOperations.build/PSOperations-own-target-headers.hmap -I/Users/runner/work/_temp/build/DerivedData/Build/Intermediates.noindex/ArchiveIntermediates/Potatso/IntermediateBuildFilesPath/Pods.build/Release-iphoneos/PSOperations.build/PSOperations-all-non-framework-target-headers.hmap -ivfsoverlay /Users/runner/work/_temp/build/DerivedData/Build/Intermediates.noindex/ArchiveIntermediates/Potatso/IntermediateBuildFilesPath/Pods.build/Release-iphoneos/PSOperations.build/all-product-headers.yaml -iquote /Users/runner/work/_temp/build/DerivedData/Build/Intermediates.noindex/ArchiveIntermediates/Potatso/IntermediateBuildFilesPath/Pods.build/Release-iphoneos/PSOperations.build/PSOperations-project-headers.hmap -I/Users/runner/work/_temp/build/DerivedData/Build/Intermediates.noindex/ArchiveIntermediates/Potatso/BuildProductsPath/Release-iphoneos/PSOperations/include -I/Users/runner/work/_temp/build/DerivedData/Build/Intermediates.noindex/ArchiveIntermediates/Potatso/IntermediateBuildFilesPath/Pods.build/Release-iphoneos/PSOperations.build/DerivedSources-normal/arm64 -I/Users/runner/work/_temp/build/DerivedData/Build/Intermediates.noindex/ArchiveIntermediates/Potatso/IntermediateBuildFilesPath/Pods.build/Release-iphoneos/PSOperations.build/DerivedSources/arm64 -I/Users/runner/work/_temp/build/DerivedData/Build/Intermediates.noindex/ArchiveIntermediates/Potatso/IntermediateBuildFilesPath/Pods.build/Release-iphoneos/PSOperations.build/DerivedSources -F/Users/runner/work/_temp/build/DerivedData/Build/Intermediates.noindex/ArchiveIntermediates/Potatso/BuildProductsPath/Release-iphoneos/PSOperations

WriteAuxiliaryFile /Users/runner/work/_temp/build/DerivedData/Build/Intermediates.noindex/ArchiveIntermediates/Potatso/IntermediateBuildFilesPath/Pods.build/Release-iphoneos/PSOperations.build/Objects-normal/arm64/PSOperations_const_extract_protocols.json (in target 'PSOperations' from project 'Pods')
    cd /Users/runner/work/Potatso/Potatso/Pods
    write-file /Users/runner/work/_temp/build/DerivedData/Build/Intermediates.noindex/ArchiveIntermediates/Potatso/IntermediateBuildFilesPath/Pods.build/Release-iphoneos/PSOperations.build/Objects-normal/arm64/PSOperations_const_extract_protocols.json

WriteAuxiliaryFile /Users/runner/work/_temp/build/DerivedData/Build/Intermediates.noindex/ArchiveIntermediates/Potatso/IntermediateBuildFilesPath/Pods.build/Release-iphoneos/PSOperations.build/Objects-normal/arm64/PSOperations.SwiftFileList (in target 'PSOperations' from project 'Pods')
    cd /Users/runner/work/Potatso/Potatso/Pods
    write-file /Users/runner/work/_temp/build/DerivedData/Build/Intermediates.noindex/ArchiveIntermediates/Potatso/IntermediateBuildFilesPath/Pods.build/Release-iphoneos/PSOperations.build/Objects-normal/arm64/PSOperations.SwiftFileList

WriteAuxiliaryFile /Users/runner/work/_temp/build/DerivedData/Build/Intermediates.noindex/ArchiveIntermediates/Potatso/IntermediateBuildFilesPath/Pods.build/Release-iphoneos/PSOperations.build/Objects-normal/arm64/PSOperations-OutputFileMap.json (in target 'PSOperations' from project 'Pods')
    cd /Users/runner/work/Potatso/Potatso/Pods
    write-file /Users/runner/work/_temp/build/DerivedData/Build/Intermediates.noindex/ArchiveIntermediates/Potatso/IntermediateBuildFilesPath/Pods.build/Release-iphoneos/PSOperations.build/Objects-normal/arm64/PSOperations-OutputFileMap.json

WriteAuxiliaryFile /Users/runner/work/_temp/build/DerivedData/Build/Intermediates.noindex/ArchiveIntermediates/Potatso/IntermediateBuildFilesPath/Pods.build/Release-iphoneos/PSOperations.build/Objects-normal/arm64/7187679823f38a2a940e0043cdf9d637-common-args.resp (in target 'PSOperations' from project 'Pods')
    cd /Users/runner/work/Potatso/Potatso/Pods
    write-file /Users/runner/work/_temp/build/DerivedData/Build/Intermediates.noindex/ArchiveIntermediates/Potatso/IntermediateBuildFilesPath/Pods.build/Release-iphoneos/PSOperations.build/Objects-normal/arm64/7187679823f38a2a940e0043cdf9d637-common-args.resp
-target arm64-apple-ios12.0 '-std=gnu11' -fmodules -gmodules '-fmodules-cache-path=/Users/runner/work/_temp/build/DerivedData/ModuleCache.noindex' '-fmodule-name=PSOperations' -fpascal-strings -Os -fno-common '-DPOD_CONFIGURATION_RELEASE=1' '-DCOCOAPODS=1' -isysroot /Applications/Xcode_15.4.app/Contents/Developer/Platforms/iPhoneOS.platform/Developer/SDKs/iPhoneOS17.5.sdk -g -iquote /Users/runner/work/_temp/build/DerivedData/Build/Intermediates.noindex/ArchiveIntermediates/Potatso/IntermediateBuildFilesPath/Pods.build/Release-iphoneos/PSOperations.build/PSOperations-generated-files.hmap -I/Users/runner/work/_temp/build/DerivedData/Build/Intermediates.noindex/ArchiveIntermediates/Potatso/IntermediateBuildFilesPath/Pods.build/Release-iphoneos/PSOperations.build/PSOperations-own-target-headers.hmap -I/Users/runner/work/_temp/build/DerivedData/Build/Intermediates.noindex/ArchiveIntermediates/Potatso/IntermediateBuildFilesPath/Pods.build/Release-iphoneos/PSOperations.build/PSOperations-all-non-framework-target-headers.hmap -ivfsoverlay /Users/runner/work/_temp/build/DerivedData/Build/Intermediates.noindex/ArchiveIntermediates/Potatso/IntermediateBuildFilesPath/Pods.build/Release-iphoneos/PSOperations.build/all-product-headers.yaml -iquote /Users/runner/work/_temp/build/DerivedData/Build/Intermediates.noindex/ArchiveIntermediates/Potatso/IntermediateBuildFilesPath/Pods.build/Release-iphoneos/PSOperations.build/PSOperations-project-headers.hmap -I/Users/runner/work/_temp/build/DerivedData/Build/Intermediates.noindex/ArchiveIntermediates/Potatso/BuildProductsPath/Release-iphoneos/PSOperations/include -I/Users/runner/work/_temp/build/DerivedData/Build/Intermediates.noindex/ArchiveIntermediates/Potatso/IntermediateBuildFilesPath/Pods.build/Release-iphoneos/PSOperations.build/DerivedSources-normal/arm64 -I/Users/runner/work/_temp/build/DerivedData/Build/Intermediates.noindex/ArchiveIntermediates/Potatso/IntermediateBuildFilesPath/Pods.build/Release-iphoneos/PSOperations.build/DerivedSources/arm64 -I/Users/runner/work/_temp/build/DerivedData/Build/Intermediates.noindex/ArchiveIntermediates/Potatso/IntermediateBuildFilesPath/Pods.build/Release-iphoneos/PSOperations.build/DerivedSources -F/Users/runner/work/_temp/build/DerivedData/Build/Intermediates.noindex/ArchiveIntermediates/Potatso/BuildProductsPath/Release-iphoneos/PSOperations

WriteAuxiliaryFile /Users/runner/work/_temp/build/DerivedData/Build/Intermediates.noindex/ArchiveIntermediates/Potatso/IntermediateBuildFilesPath/Pods.build/Release-iphoneos/PSOperations.build/DerivedSources/PSOperations_vers.c (in target 'PSOperations' from project 'Pods')
    cd /Users/runner/work/Potatso/Potatso/Pods
    write-file /Users/runner/work/_temp/build/DerivedData/Build/Intermediates.noindex/ArchiveIntermediates/Potatso/IntermediateBuildFilesPath/Pods.build/Release-iphoneos/PSOperations.build/DerivedSources/PSOperations_vers.c

WriteAuxiliaryFile /Users/runner/work/_temp/build/DerivedData/Build/Intermediates.noindex/ArchiveIntermediates/Potatso/IntermediateBuildFilesPath/Pods.build/Release-iphoneos/MMWormhole.build/all-product-headers.yaml (in target 'MMWormhole' from project 'Pods')
    cd /Users/runner/work/Potatso/Potatso/Pods
    write-file /Users/runner/work/_temp/build/DerivedData/Build/Intermediates.noindex/ArchiveIntermediates/Potatso/IntermediateBuildFilesPath/Pods.build/Release-iphoneos/MMWormhole.build/all-product-headers.yaml

CpHeader /Users/runner/work/_temp/build/DerivedData/Build/Intermediates.noindex/ArchiveIntermediates/Potatso/IntermediateBuildFilesPath/UninstalledProducts/iphoneos/ObjectMapper.framework/Headers/ObjectMapper-umbrella.h /Users/runner/work/Potatso/Potatso/Pods/Target\ Support\ Files/ObjectMapper/ObjectMapper-umbrella.h (in target 'ObjectMapper' from project 'Pods')
    cd /Users/runner/work/Potatso/Potatso/Pods
    builtin-copy -exclude .DS_Store -exclude CVS -exclude .svn -exclude .git -exclude .hg -resolve-src-symlinks /Users/runner/work/Potatso/Potatso/Pods/Target\ Support\ Files/ObjectMapper/ObjectMapper-umbrella.h /Users/runner/work/_temp/build/DerivedData/Build/Intermediates.noindex/ArchiveIntermediates/Potatso/IntermediateBuildFilesPath/UninstalledProducts/iphoneos/ObjectMapper.framework/Headers

ProcessInfoPlistFile /Users/runner/work/_temp/build/DerivedData/Build/Intermediates.noindex/ArchiveIntermediates/Potatso/IntermediateBuildFilesPath/UninstalledProducts/iphoneos/ObjectMapper.framework/Info.plist /Users/runner/work/Potatso/Potatso/Pods/Target\ Support\ Files/ObjectMapper/ObjectMapper-Info.plist (in target 'ObjectMapper' from project 'Pods')
    cd /Users/runner/work/Potatso/Potatso/Pods
    builtin-infoPlistUtility /Users/runner/work/Potatso/Potatso/Pods/Target\ Support\ Files/ObjectMapper/ObjectMapper-Info.plist -producttype com.apple.product-type.framework -expandbuildsettings -format binary -platform iphoneos -requiredArchitecture arm64 -o /Users/runner/work/_temp/build/DerivedData/Build/Intermediates.noindex/ArchiveIntermediates/Potatso/IntermediateBuildFilesPath/UninstalledProducts/iphoneos/ObjectMapper.framework/Info.plist

WriteAuxiliaryFile /Users/runner/work/_temp/build/DerivedData/Build/Intermediates.noindex/ArchiveIntermediates/Potatso/IntermediateBuildFilesPath/Pods.build/Release-iphoneos/MMWormhole.build/MMWormhole.hmap (in target 'MMWormhole' from project 'Pods')
    cd /Users/runner/work/Potatso/Potatso/Pods
    write-file /Users/runner/work/_temp/build/DerivedData/Build/Intermediates.noindex/ArchiveIntermediates/Potatso/IntermediateBuildFilesPath/Pods.build/Release-iphoneos/MMWormhole.build/MMWormhole.hmap

WriteAuxiliaryFile /Users/runner/work/_temp/build/DerivedData/Build/Intermediates.noindex/ArchiveIntermediates/Potatso/IntermediateBuildFilesPath/Pods.build/Release-iphoneos/MMWormhole.build/MMWormhole-project-headers.hmap (in target 'MMWormhole' from project 'Pods')
    cd /Users/runner/work/Potatso/Potatso/Pods
    write-file /Users/runner/work/_temp/build/DerivedData/Build/Intermediates.noindex/ArchiveIntermediates/Potatso/IntermediateBuildFilesPath/Pods.build/Release-iphoneos/MMWormhole.build/MMWormhole-project-headers.hmap

WriteAuxiliaryFile /Users/runner/work/_temp/build/DerivedData/Build/Intermediates.noindex/ArchiveIntermediates/Potatso/IntermediateBuildFilesPath/Pods.build/Release-iphoneos/MMWormhole.build/MMWormhole-own-target-headers.hmap (in target 'MMWormhole' from project 'Pods')
    cd /Users/runner/work/Potatso/Potatso/Pods
    write-file /Users/runner/work/_temp/build/DerivedData/Build/Intermediates.noindex/ArchiveIntermediates/Potatso/IntermediateBuildFilesPath/Pods.build/Release-iphoneos/MMWormhole.build/MMWormhole-own-target-headers.hmap

WriteAuxiliaryFile /Users/runner/work/_temp/build/DerivedData/Build/Intermediates.noindex/ArchiveIntermediates/Potatso/IntermediateBuildFilesPath/Pods.build/Release-iphoneos/MMWormhole.build/MMWormhole-generated-files.hmap (in target 'MMWormhole' from project 'Pods')
    cd /Users/runner/work/Potatso/Potatso/Pods
    write-file /Users/runner/work/_temp/build/DerivedData/Build/Intermediates.noindex/ArchiveIntermediates/Potatso/IntermediateBuildFilesPath/Pods.build/Release-iphoneos/MMWormhole.build/MMWormhole-generated-files.hmap

WriteAuxiliaryFile /Users/runner/work/_temp/build/DerivedData/Build/Intermediates.noindex/ArchiveIntermediates/Potatso/IntermediateBuildFilesPath/Pods.build/Release-iphoneos/MMWormhole.build/MMWormhole-all-target-headers.hmap (in target 'MMWormhole' from project 'Pods')
    cd /Users/runner/work/Potatso/Potatso/Pods
    write-file /Users/runner/work/_temp/build/DerivedData/Build/Intermediates.noindex/ArchiveIntermediates/Potatso/IntermediateBuildFilesPath/Pods.build/Release-iphoneos/MMWormhole.build/MMWormhole-all-target-headers.hmap

WriteAuxiliaryFile /Users/runner/work/_temp/build/DerivedData/Build/Intermediates.noindex/ArchiveIntermediates/Potatso/IntermediateBuildFilesPath/Pods.build/Release-iphoneos/MMWormhole.build/MMWormhole-all-non-framework-target-headers.hmap (in target 'MMWormhole' from project 'Pods')
    cd /Users/runner/work/Potatso/Potatso/Pods
    write-file /Users/runner/work/_temp/build/DerivedData/Build/Intermediates.noindex/ArchiveIntermediates/Potatso/IntermediateBuildFilesPath/Pods.build/Release-iphoneos/MMWormhole.build/MMWormhole-all-non-framework-target-headers.hmap

WriteAuxiliaryFile /Users/runner/work/_temp/build/DerivedData/Build/Intermediates.noindex/ArchiveIntermediates/Potatso/IntermediateBuildFilesPath/Pods.build/Release-iphoneos/ObjectMapper.build/Objects-normal/arm64/ObjectMapper.LinkFileList (in target 'ObjectMapper' from project 'Pods')
    cd /Users/runner/work/Potatso/Potatso/Pods
    write-file /Users/runner/work/_temp/build/DerivedData/Build/Intermediates.noindex/ArchiveIntermediates/Potatso/IntermediateBuildFilesPath/Pods.build/Release-iphoneos/ObjectMapper.build/Objects-normal/arm64/ObjectMapper.LinkFileList

WriteAuxiliaryFile /Users/runner/work/_temp/build/DerivedData/Build/Intermediates.noindex/ArchiveIntermediates/Potatso/IntermediateBuildFilesPath/Pods.build/Release-iphoneos/ObjectMapper.build/Objects-normal/arm64/e6072d4f65d7061329687fe24e3d63a7-common-args.resp (in target 'ObjectMapper' from project 'Pods')
    cd /Users/runner/work/Potatso/Potatso/Pods
    write-file /Users/runner/work/_temp/build/DerivedData/Build/Intermediates.noindex/ArchiveIntermediates/Potatso/IntermediateBuildFilesPath/Pods.build/Release-iphoneos/ObjectMapper.build/Objects-normal/arm64/e6072d4f65d7061329687fe24e3d63a7-common-args.resp
-target arm64-apple-ios12.0 '-std=gnu11' -fobjc-arc -fobjc-weak -fmodules -gmodules '-fmodules-cache-path=/Users/runner/work/_temp/build/DerivedData/ModuleCache.noindex' '-fmodule-name=ObjectMapper' -fpascal-strings -Os -fno-common '-DPOD_CONFIGURATION_RELEASE=1' '-DCOCOAPODS=1' '-DNS_BLOCK_ASSERTIONS=1' '-DOBJC_OLD_DISPATCH_PROTOTYPES=0' -isysroot /Applications/Xcode_15.4.app/Contents/Developer/Platforms/iPhoneOS.platform/Developer/SDKs/iPhoneOS17.5.sdk -g -iquote /Users/runner/work/_temp/build/DerivedData/Build/Intermediates.noindex/ArchiveIntermediates/Potatso/IntermediateBuildFilesPath/Pods.build/Release-iphoneos/ObjectMapper.build/ObjectMapper-generated-files.hmap -I/Users/runner/work/_temp/build/DerivedData/Build/Intermediates.noindex/ArchiveIntermediates/Potatso/IntermediateBuildFilesPath/Pods.build/Release-iphoneos/ObjectMapper.build/ObjectMapper-own-target-headers.hmap -I/Users/runner/work/_temp/build/DerivedData/Build/Intermediates.noindex/ArchiveIntermediates/Potatso/IntermediateBuildFilesPath/Pods.build/Release-iphoneos/ObjectMapper.build/ObjectMapper-all-non-framework-target-headers.hmap -ivfsoverlay /Users/runner/work/_temp/build/DerivedData/Build/Intermediates.noindex/ArchiveIntermediates/Potatso/IntermediateBuildFilesPath/Pods.build/Release-iphoneos/ObjectMapper.build/all-product-headers.yaml -iquote /Users/runner/work/_temp/build/DerivedData/Build/Intermediates.noindex/ArchiveIntermediates/Potatso/IntermediateBuildFilesPath/Pods.build/Release-iphoneos/ObjectMapper.build/ObjectMapper-project-headers.hmap -I/Users/runner/work/_temp/build/DerivedData/Build/Intermediates.noindex/ArchiveIntermediates/Potatso/BuildProductsPath/Release-iphoneos/ObjectMapper/include -I/Users/runner/work/_temp/build/DerivedData/Build/Intermediates.noindex/ArchiveIntermediates/Potatso/IntermediateBuildFilesPath/Pods.build/Release-iphoneos/ObjectMapper.build/DerivedSources-normal/arm64 -I/Users/runner/work/_temp/build/DerivedData/Build/Intermediates.noindex/ArchiveIntermediates/Potatso/IntermediateBuildFilesPath/Pods.build/Release-iphoneos/ObjectMapper.build/DerivedSources/arm64 -I/Users/runner/work/_temp/build/DerivedData/Build/Intermediates.noindex/ArchiveIntermediates/Potatso/IntermediateBuildFilesPath/Pods.build/Release-iphoneos/ObjectMapper.build/DerivedSources -F/Users/runner/work/_temp/build/DerivedData/Build/Intermediates.noindex/ArchiveIntermediates/Potatso/BuildProductsPath/Release-iphoneos/ObjectMapper

WriteAuxiliaryFile /Users/runner/work/_temp/build/DerivedData/Build/Intermediates.noindex/ArchiveIntermediates/Potatso/IntermediateBuildFilesPath/Pods.build/Release-iphoneos/ObjectMapper.build/Objects-normal/arm64/ObjectMapper_const_extract_protocols.json (in target 'ObjectMapper' from project 'Pods')
    cd /Users/runner/work/Potatso/Potatso/Pods
    write-file /Users/runner/work/_temp/build/DerivedData/Build/Intermediates.noindex/ArchiveIntermediates/Potatso/IntermediateBuildFilesPath/Pods.build/Release-iphoneos/ObjectMapper.build/Objects-normal/arm64/ObjectMapper_const_extract_protocols.json

WriteAuxiliaryFile /Users/runner/work/_temp/build/DerivedData/Build/Intermediates.noindex/ArchiveIntermediates/Potatso/IntermediateBuildFilesPath/Pods.build/Release-iphoneos/ObjectMapper.build/Objects-normal/arm64/ObjectMapper.SwiftFileList (in target 'ObjectMapper' from project 'Pods')
    cd /Users/runner/work/Potatso/Potatso/Pods
    write-file /Users/runner/work/_temp/build/DerivedData/Build/Intermediates.noindex/ArchiveIntermediates/Potatso/IntermediateBuildFilesPath/Pods.build/Release-iphoneos/ObjectMapper.build/Objects-normal/arm64/ObjectMapper.SwiftFileList

WriteAuxiliaryFile /Users/runner/work/_temp/build/DerivedData/Build/Intermediates.noindex/ArchiveIntermediates/Potatso/IntermediateBuildFilesPath/Pods.build/Release-iphoneos/ObjectMapper.build/Objects-normal/arm64/ObjectMapper-OutputFileMap.json (in target 'ObjectMapper' from project 'Pods')
    cd /Users/runner/work/Potatso/Potatso/Pods
    write-file /Users/runner/work/_temp/build/DerivedData/Build/Intermediates.noindex/ArchiveIntermediates/Potatso/IntermediateBuildFilesPath/Pods.build/Release-iphoneos/ObjectMapper.build/Objects-normal/arm64/ObjectMapper-OutputFileMap.json

WriteAuxiliaryFile /Users/runner/work/_temp/build/DerivedData/Build/Intermediates.noindex/ArchiveIntermediates/Potatso/IntermediateBuildFilesPath/Pods.build/Release-iphoneos/ObjectMapper.build/Objects-normal/arm64/7187679823f38a2a940e0043cdf9d637-common-args.resp (in target 'ObjectMapper' from project 'Pods')
    cd /Users/runner/work/Potatso/Potatso/Pods
    write-file /Users/runner/work/_temp/build/DerivedData/Build/Intermediates.noindex/ArchiveIntermediates/Potatso/IntermediateBuildFilesPath/Pods.build/Release-iphoneos/ObjectMapper.build/Objects-normal/arm64/7187679823f38a2a940e0043cdf9d637-common-args.resp
-target arm64-apple-ios12.0 '-std=gnu11' -fmodules -gmodules '-fmodules-cache-path=/Users/runner/work/_temp/build/DerivedData/ModuleCache.noindex' '-fmodule-name=ObjectMapper' -fpascal-strings -Os -fno-common '-DPOD_CONFIGURATION_RELEASE=1' '-DCOCOAPODS=1' -isysroot /Applications/Xcode_15.4.app/Contents/Developer/Platforms/iPhoneOS.platform/Developer/SDKs/iPhoneOS17.5.sdk -g -iquote /Users/runner/work/_temp/build/DerivedData/Build/Intermediates.noindex/ArchiveIntermediates/Potatso/IntermediateBuildFilesPath/Pods.build/Release-iphoneos/ObjectMapper.build/ObjectMapper-generated-files.hmap -I/Users/runner/work/_temp/build/DerivedData/Build/Intermediates.noindex/ArchiveIntermediates/Potatso/IntermediateBuildFilesPath/Pods.build/Release-iphoneos/ObjectMapper.build/ObjectMapper-own-target-headers.hmap -I/Users/runner/work/_temp/build/DerivedData/Build/Intermediates.noindex/ArchiveIntermediates/Potatso/IntermediateBuildFilesPath/Pods.build/Release-iphoneos/ObjectMapper.build/ObjectMapper-all-non-framework-target-headers.hmap -ivfsoverlay /Users/runner/work/_temp/build/DerivedData/Build/Intermediates.noindex/ArchiveIntermediates/Potatso/IntermediateBuildFilesPath/Pods.build/Release-iphoneos/ObjectMapper.build/all-product-headers.yaml -iquote /Users/runner/work/_temp/build/DerivedData/Build/Intermediates.noindex/ArchiveIntermediates/Potatso/IntermediateBuildFilesPath/Pods.build/Release-iphoneos/ObjectMapper.build/ObjectMapper-project-headers.hmap -I/Users/runner/work/_temp/build/DerivedData/Build/Intermediates.noindex/ArchiveIntermediates/Potatso/BuildProductsPath/Release-iphoneos/ObjectMapper/include -I/Users/runner/work/_temp/build/DerivedData/Build/Intermediates.noindex/ArchiveIntermediates/Potatso/IntermediateBuildFilesPath/Pods.build/Release-iphoneos/ObjectMapper.build/DerivedSources-normal/arm64 -I/Users/runner/work/_temp/build/DerivedData/Build/Intermediates.noindex/ArchiveIntermediates/Potatso/IntermediateBuildFilesPath/Pods.build/Release-iphoneos/ObjectMapper.build/DerivedSources/arm64 -I/Users/runner/work/_temp/build/DerivedData/Build/Intermediates.noindex/ArchiveIntermediates/Potatso/IntermediateBuildFilesPath/Pods.build/Release-iphoneos/ObjectMapper.build/DerivedSources -F/Users/runner/work/_temp/build/DerivedData/Build/Intermediates.noindex/ArchiveIntermediates/Potatso/BuildProductsPath/Release-iphoneos/ObjectMapper

WriteAuxiliaryFile /Users/runner/work/_temp/build/DerivedData/Build/Intermediates.noindex/ArchiveIntermediates/Potatso/IntermediateBuildFilesPath/Pods.build/Release-iphoneos/ObjectMapper.build/DerivedSources/ObjectMapper_vers.c (in target 'ObjectMapper' from project 'Pods')
    cd /Users/runner/work/Potatso/Potatso/Pods
    write-file /Users/runner/work/_temp/build/DerivedData/Build/Intermediates.noindex/ArchiveIntermediates/Potatso/IntermediateBuildFilesPath/Pods.build/Release-iphoneos/ObjectMapper.build/DerivedSources/ObjectMapper_vers.c

WriteAuxiliaryFile /Users/runner/work/_temp/build/DerivedData/Build/Intermediates.noindex/ArchiveIntermediates/Potatso/IntermediateBuildFilesPath/Pods.build/Release-iphoneos/MMWormhole.build/module.modulemap (in target 'MMWormhole' from project 'Pods')
    cd /Users/runner/work/Potatso/Potatso/Pods
    write-file /Users/runner/work/_temp/build/DerivedData/Build/Intermediates.noindex/ArchiveIntermediates/Potatso/IntermediateBuildFilesPath/Pods.build/Release-iphoneos/MMWormhole.build/module.modulemap

Copy /Users/runner/work/_temp/build/DerivedData/Build/Intermediates.noindex/ArchiveIntermediates/Potatso/IntermediateBuildFilesPath/UninstalledProducts/iphoneos/MMWormhole.framework/Modules/module.modulemap /Users/runner/work/_temp/build/DerivedData/Build/Intermediates.noindex/ArchiveIntermediates/Potatso/IntermediateBuildFilesPath/Pods.build/Release-iphoneos/MMWormhole.build/module.modulemap (in target 'MMWormhole' from project 'Pods')
    cd /Users/runner/work/Potatso/Potatso/Pods
    builtin-copy -exclude .DS_Store -exclude CVS -exclude .svn -exclude .git -exclude .hg -resolve-src-symlinks /Users/runner/work/_temp/build/DerivedData/Build/Intermediates.noindex/ArchiveIntermediates/Potatso/IntermediateBuildFilesPath/Pods.build/Release-iphoneos/MMWormhole.build/module.modulemap /Users/runner/work/_temp/build/DerivedData/Build/Intermediates.noindex/ArchiveIntermediates/Potatso/IntermediateBuildFilesPath/UninstalledProducts/iphoneos/MMWormhole.framework/Modules

WriteAuxiliaryFile /Users/runner/work/_temp/build/DerivedData/Build/Intermediates.noindex/ArchiveIntermediates/Potatso/IntermediateBuildFilesPath/Pods.build/Release-iphoneos/MBProgressHUD.build/all-product-headers.yaml (in target 'MBProgressHUD' from project 'Pods')
    cd /Users/runner/work/Potatso/Potatso/Pods
    write-file /Users/runner/work/_temp/build/DerivedData/Build/Intermediates.noindex/ArchiveIntermediates/Potatso/IntermediateBuildFilesPath/Pods.build/Release-iphoneos/MBProgressHUD.build/all-product-headers.yaml

WriteAuxiliaryFile /Users/runner/work/_temp/build/DerivedData/Build/Intermediates.noindex/ArchiveIntermediates/Potatso/IntermediateBuildFilesPath/Pods.build/Release-iphoneos/MBProgressHUD.build/MBProgressHUD.hmap (in target 'MBProgressHUD' from project 'Pods')
    cd /Users/runner/work/Potatso/Potatso/Pods
    write-file /Users/runner/work/_temp/build/DerivedData/Build/Intermediates.noindex/ArchiveIntermediates/Potatso/IntermediateBuildFilesPath/Pods.build/Release-iphoneos/MBProgressHUD.build/MBProgressHUD.hmap

WriteAuxiliaryFile /Users/runner/work/_temp/build/DerivedData/Build/Intermediates.noindex/ArchiveIntermediates/Potatso/IntermediateBuildFilesPath/Pods.build/Release-iphoneos/MBProgressHUD.build/MBProgressHUD-project-headers.hmap (in target 'MBProgressHUD' from project 'Pods')
    cd /Users/runner/work/Potatso/Potatso/Pods
    write-file /Users/runner/work/_temp/build/DerivedData/Build/Intermediates.noindex/ArchiveIntermediates/Potatso/IntermediateBuildFilesPath/Pods.build/Release-iphoneos/MBProgressHUD.build/MBProgressHUD-project-headers.hmap

WriteAuxiliaryFile /Users/runner/work/_temp/build/DerivedData/Build/Intermediates.noindex/ArchiveIntermediates/Potatso/IntermediateBuildFilesPath/Pods.build/Release-iphoneos/MBProgressHUD.build/MBProgressHUD-own-target-headers.hmap (in target 'MBProgressHUD' from project 'Pods')
    cd /Users/runner/work/Potatso/Potatso/Pods
    write-file /Users/runner/work/_temp/build/DerivedData/Build/Intermediates.noindex/ArchiveIntermediates/Potatso/IntermediateBuildFilesPath/Pods.build/Release-iphoneos/MBProgressHUD.build/MBProgressHUD-own-target-headers.hmap

WriteAuxiliaryFile /Users/runner/work/_temp/build/DerivedData/Build/Intermediates.noindex/ArchiveIntermediates/Potatso/IntermediateBuildFilesPath/Pods.build/Release-iphoneos/MBProgressHUD.build/MBProgressHUD-generated-files.hmap (in target 'MBProgressHUD' from project 'Pods')
    cd /Users/runner/work/Potatso/Potatso/Pods
    write-file /Users/runner/work/_temp/build/DerivedData/Build/Intermediates.noindex/ArchiveIntermediates/Potatso/IntermediateBuildFilesPath/Pods.build/Release-iphoneos/MBProgressHUD.build/MBProgressHUD-generated-files.hmap

WriteAuxiliaryFile /Users/runner/work/_temp/build/DerivedData/Build/Intermediates.noindex/ArchiveIntermediates/Potatso/IntermediateBuildFilesPath/Pods.build/Release-iphoneos/MBProgressHUD.build/MBProgressHUD-all-target-headers.hmap (in target 'MBProgressHUD' from project 'Pods')
    cd /Users/runner/work/Potatso/Potatso/Pods
    write-file /Users/runner/work/_temp/build/DerivedData/Build/Intermediates.noindex/ArchiveIntermediates/Potatso/IntermediateBuildFilesPath/Pods.build/Release-iphoneos/MBProgressHUD.build/MBProgressHUD-all-target-headers.hmap

WriteAuxiliaryFile /Users/runner/work/_temp/build/DerivedData/Build/Intermediates.noindex/ArchiveIntermediates/Potatso/IntermediateBuildFilesPath/Pods.build/Release-iphoneos/MBProgressHUD.build/MBProgressHUD-all-non-framework-target-headers.hmap (in target 'MBProgressHUD' from project 'Pods')
    cd /Users/runner/work/Potatso/Potatso/Pods
    write-file /Users/runner/work/_temp/build/DerivedData/Build/Intermediates.noindex/ArchiveIntermediates/Potatso/IntermediateBuildFilesPath/Pods.build/Release-iphoneos/MBProgressHUD.build/MBProgressHUD-all-non-framework-target-headers.hmap

WriteAuxiliaryFile /Users/runner/work/_temp/build/DerivedData/Build/Intermediates.noindex/ArchiveIntermediates/Potatso/IntermediateBuildFilesPath/Pods.build/Release-iphoneos/LibYAML.build/all-product-headers.yaml (in target 'LibYAML' from project 'Pods')
    cd /Users/runner/work/Potatso/Potatso/Pods
    write-file /Users/runner/work/_temp/build/DerivedData/Build/Intermediates.noindex/ArchiveIntermediates/Potatso/IntermediateBuildFilesPath/Pods.build/Release-iphoneos/LibYAML.build/all-product-headers.yaml

WriteAuxiliaryFile /Users/runner/work/_temp/build/DerivedData/Build/Intermediates.noindex/ArchiveIntermediates/Potatso/IntermediateBuildFilesPath/Pods.build/Release-iphoneos/LibYAML.build/LibYAML.hmap (in target 'LibYAML' from project 'Pods')
    cd /Users/runner/work/Potatso/Potatso/Pods
    write-file /Users/runner/work/_temp/build/DerivedData/Build/Intermediates.noindex/ArchiveIntermediates/Potatso/IntermediateBuildFilesPath/Pods.build/Release-iphoneos/LibYAML.build/LibYAML.hmap

CpHeader /Users/runner/work/_temp/build/DerivedData/Build/Intermediates.noindex/ArchiveIntermediates/Potatso/IntermediateBuildFilesPath/UninstalledProducts/iphoneos/MMWormhole.framework/Headers/MMWormholeTransiting.h /Users/runner/work/Potatso/Potatso/Pods/MMWormhole/Source/MMWormholeTransiting.h (in target 'MMWormhole' from project 'Pods')
    cd /Users/runner/work/Potatso/Potatso/Pods
    builtin-copy -exclude .DS_Store -exclude CVS -exclude .svn -exclude .git -exclude .hg -resolve-src-symlinks /Users/runner/work/Potatso/Potatso/Pods/MMWormhole/Source/MMWormholeTransiting.h /Users/runner/work/_temp/build/DerivedData/Build/Intermediates.noindex/ArchiveIntermediates/Potatso/IntermediateBuildFilesPath/UninstalledProducts/iphoneos/MMWormhole.framework/Headers

CpHeader /Users/runner/work/_temp/build/DerivedData/Build/Intermediates.noindex/ArchiveIntermediates/Potatso/IntermediateBuildFilesPath/UninstalledProducts/iphoneos/MMWormhole.framework/Headers/MMWormholeSessionMessageTransiting.h /Users/runner/work/Potatso/Potatso/Pods/MMWormhole/Source/MMWormholeSessionMessageTransiting.h (in target 'MMWormhole' from project 'Pods')
    cd /Users/runner/work/Potatso/Potatso/Pods
    builtin-copy -exclude .DS_Store -exclude CVS -exclude .svn -exclude .git -exclude .hg -resolve-src-symlinks /Users/runner/work/Potatso/Potatso/Pods/MMWormhole/Source/MMWormholeSessionMessageTransiting.h /Users/runner/work/_temp/build/DerivedData/Build/Intermediates.noindex/ArchiveIntermediates/Potatso/IntermediateBuildFilesPath/UninstalledProducts/iphoneos/MMWormhole.framework/Headers

CpHeader /Users/runner/work/_temp/build/DerivedData/Build/Intermediates.noindex/ArchiveIntermediates/Potatso/IntermediateBuildFilesPath/UninstalledProducts/iphoneos/MMWormhole.framework/Headers/MMWormholeSessionFileTransiting.h /Users/runner/work/Potatso/Potatso/Pods/MMWormhole/Source/MMWormholeSessionFileTransiting.h (in target 'MMWormhole' from project 'Pods')
    cd /Users/runner/work/Potatso/Potatso/Pods
    builtin-copy -exclude .DS_Store -exclude CVS -exclude .svn -exclude .git -exclude .hg -resolve-src-symlinks /Users/runner/work/Potatso/Potatso/Pods/MMWormhole/Source/MMWormholeSessionFileTransiting.h /Users/runner/work/_temp/build/DerivedData/Build/Intermediates.noindex/ArchiveIntermediates/Potatso/IntermediateBuildFilesPath/UninstalledProducts/iphoneos/MMWormhole.framework/Headers

CpHeader /Users/runner/work/_temp/build/DerivedData/Build/Intermediates.noindex/ArchiveIntermediates/Potatso/IntermediateBuildFilesPath/UninstalledProducts/iphoneos/MMWormhole.framework/Headers/MMWormholeSessionContextTransiting.h /Users/runner/work/Potatso/Potatso/Pods/MMWormhole/Source/MMWormholeSessionContextTransiting.h (in target 'MMWormhole' from project 'Pods')
    cd /Users/runner/work/Potatso/Potatso/Pods
    builtin-copy -exclude .DS_Store -exclude CVS -exclude .svn -exclude .git -exclude .hg -resolve-src-symlinks /Users/runner/work/Potatso/Potatso/Pods/MMWormhole/Source/MMWormholeSessionContextTransiting.h /Users/runner/work/_temp/build/DerivedData/Build/Intermediates.noindex/ArchiveIntermediates/Potatso/IntermediateBuildFilesPath/UninstalledProducts/iphoneos/MMWormhole.framework/Headers

CpHeader /Users/runner/work/_temp/build/DerivedData/Build/Intermediates.noindex/ArchiveIntermediates/Potatso/IntermediateBuildFilesPath/UninstalledProducts/iphoneos/MMWormhole.framework/Headers/MMWormholeSession.h /Users/runner/work/Potatso/Potatso/Pods/MMWormhole/Source/MMWormholeSession.h (in target 'MMWormhole' from project 'Pods')
    cd /Users/runner/work/Potatso/Potatso/Pods
    builtin-copy -exclude .DS_Store -exclude CVS -exclude .svn -exclude .git -exclude .hg -resolve-src-symlinks /Users/runner/work/Potatso/Potatso/Pods/MMWormhole/Source/MMWormholeSession.h /Users/runner/work/_temp/build/DerivedData/Build/Intermediates.noindex/ArchiveIntermediates/Potatso/IntermediateBuildFilesPath/UninstalledProducts/iphoneos/MMWormhole.framework/Headers

CpHeader /Users/runner/work/_temp/build/DerivedData/Build/Intermediates.noindex/ArchiveIntermediates/Potatso/IntermediateBuildFilesPath/UninstalledProducts/iphoneos/MMWormhole.framework/Headers/MMWormholeFileTransiting.h /Users/runner/work/Potatso/Potatso/Pods/MMWormhole/Source/MMWormholeFileTransiting.h (in target 'MMWormhole' from project 'Pods')
    cd /Users/runner/work/Potatso/Potatso/Pods
    builtin-copy -exclude .DS_Store -exclude CVS -exclude .svn -exclude .git -exclude .hg -resolve-src-symlinks /Users/runner/work/Potatso/Potatso/Pods/MMWormhole/Source/MMWormholeFileTransiting.h /Users/runner/work/_temp/build/DerivedData/Build/Intermediates.noindex/ArchiveIntermediates/Potatso/IntermediateBuildFilesPath/UninstalledProducts/iphoneos/MMWormhole.framework/Headers

CpHeader /Users/runner/work/_temp/build/DerivedData/Build/Intermediates.noindex/ArchiveIntermediates/Potatso/IntermediateBuildFilesPath/UninstalledProducts/iphoneos/MMWormhole.framework/Headers/MMWormholeCoordinatedFileTransiting.h /Users/runner/work/Potatso/Potatso/Pods/MMWormhole/Source/MMWormholeCoordinatedFileTransiting.h (in target 'MMWormhole' from project 'Pods')
    cd /Users/runner/work/Potatso/Potatso/Pods
    builtin-copy -exclude .DS_Store -exclude CVS -exclude .svn -exclude .git -exclude .hg -resolve-src-symlinks /Users/runner/work/Potatso/Potatso/Pods/MMWormhole/Source/MMWormholeCoordinatedFileTransiting.h /Users/runner/work/_temp/build/DerivedData/Build/Intermediates.noindex/ArchiveIntermediates/Potatso/IntermediateBuildFilesPath/UninstalledProducts/iphoneos/MMWormhole.framework/Headers

CpHeader /Users/runner/work/_temp/build/DerivedData/Build/Intermediates.noindex/ArchiveIntermediates/Potatso/IntermediateBuildFilesPath/UninstalledProducts/iphoneos/MMWormhole.framework/Headers/MMWormhole.h /Users/runner/work/Potatso/Potatso/Pods/MMWormhole/Source/MMWormhole.h (in target 'MMWormhole' from project 'Pods')
    cd /Users/runner/work/Potatso/Potatso/Pods
    builtin-copy -exclude .DS_Store -exclude CVS -exclude .svn -exclude .git -exclude .hg -resolve-src-symlinks /Users/runner/work/Potatso/Potatso/Pods/MMWormhole/Source/MMWormhole.h /Users/runner/work/_temp/build/DerivedData/Build/Intermediates.noindex/ArchiveIntermediates/Potatso/IntermediateBuildFilesPath/UninstalledProducts/iphoneos/MMWormhole.framework/Headers

CpHeader /Users/runner/work/_temp/build/DerivedData/Build/Intermediates.noindex/ArchiveIntermediates/Potatso/IntermediateBuildFilesPath/UninstalledProducts/iphoneos/MMWormhole.framework/Headers/MMWormhole-umbrella.h /Users/runner/work/Potatso/Potatso/Pods/Target\ Support\ Files/MMWormhole/MMWormhole-umbrella.h (in target 'MMWormhole' from project 'Pods')
    cd /Users/runner/work/Potatso/Potatso/Pods
    builtin-copy -exclude .DS_Store -exclude CVS -exclude .svn -exclude .git -exclude .hg -resolve-src-symlinks /Users/runner/work/Potatso/Potatso/Pods/Target\ Support\ Files/MMWormhole/MMWormhole-umbrella.h /Users/runner/work/_temp/build/DerivedData/Build/Intermediates.noindex/ArchiveIntermediates/Potatso/IntermediateBuildFilesPath/UninstalledProducts/iphoneos/MMWormhole.framework/Headers

WriteAuxiliaryFile /Users/runner/work/_temp/build/DerivedData/Build/Intermediates.noindex/ArchiveIntermediates/Potatso/IntermediateBuildFilesPath/Pods.build/Release-iphoneos/MBProgressHUD.build/module.modulemap (in target 'MBProgressHUD' from project 'Pods')
    cd /Users/runner/work/Potatso/Potatso/Pods
    write-file /Users/runner/work/_temp/build/DerivedData/Build/Intermediates.noindex/ArchiveIntermediates/Potatso/IntermediateBuildFilesPath/Pods.build/Release-iphoneos/MBProgressHUD.build/module.modulemap

ProcessInfoPlistFile /Users/runner/work/_temp/build/DerivedData/Build/Intermediates.noindex/ArchiveIntermediates/Potatso/IntermediateBuildFilesPath/UninstalledProducts/iphoneos/MMWormhole.framework/Info.plist /Users/runner/work/Potatso/Potatso/Pods/Target\ Support\ Files/MMWormhole/MMWormhole-Info.plist (in target 'MMWormhole' from project 'Pods')
    cd /Users/runner/work/Potatso/Potatso/Pods
    builtin-infoPlistUtility /Users/runner/work/Potatso/Potatso/Pods/Target\ Support\ Files/MMWormhole/MMWormhole-Info.plist -producttype com.apple.product-type.framework -expandbuildsettings -format binary -platform iphoneos -requiredArchitecture arm64 -o /Users/runner/work/_temp/build/DerivedData/Build/Intermediates.noindex/ArchiveIntermediates/Potatso/IntermediateBuildFilesPath/UninstalledProducts/iphoneos/MMWormhole.framework/Info.plist

WriteAuxiliaryFile /Users/runner/work/_temp/build/DerivedData/Build/Intermediates.noindex/ArchiveIntermediates/Potatso/IntermediateBuildFilesPath/Pods.build/Release-iphoneos/LibYAML.build/LibYAML-project-headers.hmap (in target 'LibYAML' from project 'Pods')
    cd /Users/runner/work/Potatso/Potatso/Pods
    write-file /Users/runner/work/_temp/build/DerivedData/Build/Intermediates.noindex/ArchiveIntermediates/Potatso/IntermediateBuildFilesPath/Pods.build/Release-iphoneos/LibYAML.build/LibYAML-project-headers.hmap

Copy /Users/runner/work/_temp/build/DerivedData/Build/Intermediates.noindex/ArchiveIntermediates/Potatso/IntermediateBuildFilesPath/UninstalledProducts/iphoneos/MBProgressHUD.framework/Modules/module.modulemap /Users/runner/work/_temp/build/DerivedData/Build/Intermediates.noindex/ArchiveIntermediates/Potatso/IntermediateBuildFilesPath/Pods.build/Release-iphoneos/MBProgressHUD.build/module.modulemap (in target 'MBProgressHUD' from project 'Pods')
    cd /Users/runner/work/Potatso/Potatso/Pods
    builtin-copy -exclude .DS_Store -exclude CVS -exclude .svn -exclude .git -exclude .hg -resolve-src-symlinks /Users/runner/work/_temp/build/DerivedData/Build/Intermediates.noindex/ArchiveIntermediates/Potatso/IntermediateBuildFilesPath/Pods.build/Release-iphoneos/MBProgressHUD.build/module.modulemap /Users/runner/work/_temp/build/DerivedData/Build/Intermediates.noindex/ArchiveIntermediates/Potatso/IntermediateBuildFilesPath/UninstalledProducts/iphoneos/MBProgressHUD.framework/Modules

WriteAuxiliaryFile /Users/runner/work/_temp/build/DerivedData/Build/Intermediates.noindex/ArchiveIntermediates/Potatso/IntermediateBuildFilesPath/Pods.build/Release-iphoneos/LibYAML.build/LibYAML-own-target-headers.hmap (in target 'LibYAML' from project 'Pods')
    cd /Users/runner/work/Potatso/Potatso/Pods
    write-file /Users/runner/work/_temp/build/DerivedData/Build/Intermediates.noindex/ArchiveIntermediates/Potatso/IntermediateBuildFilesPath/Pods.build/Release-iphoneos/LibYAML.build/LibYAML-own-target-headers.hmap

WriteAuxiliaryFile /Users/runner/work/_temp/build/DerivedData/Build/Intermediates.noindex/ArchiveIntermediates/Potatso/IntermediateBuildFilesPath/Pods.build/Release-iphoneos/LibYAML.build/LibYAML-generated-files.hmap (in target 'LibYAML' from project 'Pods')
    cd /Users/runner/work/Potatso/Potatso/Pods
    write-file /Users/runner/work/_temp/build/DerivedData/Build/Intermediates.noindex/ArchiveIntermediates/Potatso/IntermediateBuildFilesPath/Pods.build/Release-iphoneos/LibYAML.build/LibYAML-generated-files.hmap

WriteAuxiliaryFile /Users/runner/work/_temp/build/DerivedData/Build/Intermediates.noindex/ArchiveIntermediates/Potatso/IntermediateBuildFilesPath/Pods.build/Release-iphoneos/LibYAML.build/LibYAML-all-target-headers.hmap (in target 'LibYAML' from project 'Pods')
    cd /Users/runner/work/Potatso/Potatso/Pods
    write-file /Users/runner/work/_temp/build/DerivedData/Build/Intermediates.noindex/ArchiveIntermediates/Potatso/IntermediateBuildFilesPath/Pods.build/Release-iphoneos/LibYAML.build/LibYAML-all-target-headers.hmap

WriteAuxiliaryFile /Users/runner/work/_temp/build/DerivedData/Build/Intermediates.noindex/ArchiveIntermediates/Potatso/IntermediateBuildFilesPath/Pods.build/Release-iphoneos/LibYAML.build/LibYAML-all-non-framework-target-headers.hmap (in target 'LibYAML' from project 'Pods')
    cd /Users/runner/work/Potatso/Potatso/Pods
    write-file /Users/runner/work/_temp/build/DerivedData/Build/Intermediates.noindex/ArchiveIntermediates/Potatso/IntermediateBuildFilesPath/Pods.build/Release-iphoneos/LibYAML.build/LibYAML-all-non-framework-target-headers.hmap

WriteAuxiliaryFile /Users/runner/work/_temp/build/DerivedData/Build/Intermediates.noindex/ArchiveIntermediates/Potatso/IntermediateBuildFilesPath/Pods.build/Release-iphoneos/MMWormhole.build/Objects-normal/arm64/e6072d4f65d7061329687fe24e3d63a7-common-args.resp (in target 'MMWormhole' from project 'Pods')
    cd /Users/runner/work/Potatso/Potatso/Pods
    write-file /Users/runner/work/_temp/build/DerivedData/Build/Intermediates.noindex/ArchiveIntermediates/Potatso/IntermediateBuildFilesPath/Pods.build/Release-iphoneos/MMWormhole.build/Objects-normal/arm64/e6072d4f65d7061329687fe24e3d63a7-common-args.resp
-target arm64-apple-ios12.0 '-std=gnu11' -fobjc-arc -fobjc-weak -fmodules -gmodules '-fmodules-cache-path=/Users/runner/work/_temp/build/DerivedData/ModuleCache.noindex' '-fmodule-name=MMWormhole' -fapplication-extension -fpascal-strings -Os -fno-common '-DPOD_CONFIGURATION_RELEASE=1' '-DCOCOAPODS=1' '-DNS_BLOCK_ASSERTIONS=1' '-DOBJC_OLD_DISPATCH_PROTOTYPES=0' -isysroot /Applications/Xcode_15.4.app/Contents/Developer/Platforms/iPhoneOS.platform/Developer/SDKs/iPhoneOS17.5.sdk -g -iquote /Users/runner/work/_temp/build/DerivedData/Build/Intermediates.noindex/ArchiveIntermediates/Potatso/IntermediateBuildFilesPath/Pods.build/Release-iphoneos/MMWormhole.build/MMWormhole-generated-files.hmap -I/Users/runner/work/_temp/build/DerivedData/Build/Intermediates.noindex/ArchiveIntermediates/Potatso/IntermediateBuildFilesPath/Pods.build/Release-iphoneos/MMWormhole.build/MMWormhole-own-target-headers.hmap -I/Users/runner/work/_temp/build/DerivedData/Build/Intermediates.noindex/ArchiveIntermediates/Potatso/IntermediateBuildFilesPath/Pods.build/Release-iphoneos/MMWormhole.build/MMWormhole-all-non-framework-target-headers.hmap -ivfsoverlay /Users/runner/work/_temp/build/DerivedData/Build/Intermediates.noindex/ArchiveIntermediates/Potatso/IntermediateBuildFilesPath/Pods.build/Release-iphoneos/MMWormhole.build/all-product-headers.yaml -iquote /Users/runner/work/_temp/build/DerivedData/Build/Intermediates.noindex/ArchiveIntermediates/Potatso/IntermediateBuildFilesPath/Pods.build/Release-iphoneos/MMWormhole.build/MMWormhole-project-headers.hmap -I/Users/runner/work/_temp/build/DerivedData/Build/Intermediates.noindex/ArchiveIntermediates/Potatso/BuildProductsPath/Release-iphoneos/MMWormhole/include -I/Users/runner/work/_temp/build/DerivedData/Build/Intermediates.noindex/ArchiveIntermediates/Potatso/IntermediateBuildFilesPath/Pods.build/Release-iphoneos/MMWormhole.build/DerivedSources-normal/arm64 -I/Users/runner/work/_temp/build/DerivedData/Build/Intermediates.noindex/ArchiveIntermediates/Potatso/IntermediateBuildFilesPath/Pods.build/Release-iphoneos/MMWormhole.build/DerivedSources/arm64 -I/Users/runner/work/_temp/build/DerivedData/Build/Intermediates.noindex/ArchiveIntermediates/Potatso/IntermediateBuildFilesPath/Pods.build/Release-iphoneos/MMWormhole.build/DerivedSources -F/Users/runner/work/_temp/build/DerivedData/Build/Intermediates.noindex/ArchiveIntermediates/Potatso/BuildProductsPath/Release-iphoneos/MMWormhole

WriteAuxiliaryFile /Users/runner/work/_temp/build/DerivedData/Build/Intermediates.noindex/ArchiveIntermediates/Potatso/IntermediateBuildFilesPath/Pods.build/Release-iphoneos/MMWormhole.build/Objects-normal/arm64/MMWormhole.LinkFileList (in target 'MMWormhole' from project 'Pods')
    cd /Users/runner/work/Potatso/Potatso/Pods
    write-file /Users/runner/work/_temp/build/DerivedData/Build/Intermediates.noindex/ArchiveIntermediates/Potatso/IntermediateBuildFilesPath/Pods.build/Release-iphoneos/MMWormhole.build/Objects-normal/arm64/MMWormhole.LinkFileList

WriteAuxiliaryFile /Users/runner/work/_temp/build/DerivedData/Build/Intermediates.noindex/ArchiveIntermediates/Potatso/IntermediateBuildFilesPath/Pods.build/Release-iphoneos/MMWormhole.build/Objects-normal/arm64/7187679823f38a2a940e0043cdf9d637-common-args.resp (in target 'MMWormhole' from project 'Pods')
    cd /Users/runner/work/Potatso/Potatso/Pods
    write-file /Users/runner/work/_temp/build/DerivedData/Build/Intermediates.noindex/ArchiveIntermediates/Potatso/IntermediateBuildFilesPath/Pods.build/Release-iphoneos/MMWormhole.build/Objects-normal/arm64/7187679823f38a2a940e0043cdf9d637-common-args.resp
-target arm64-apple-ios12.0 '-std=gnu11' -fmodules -gmodules '-fmodules-cache-path=/Users/runner/work/_temp/build/DerivedData/ModuleCache.noindex' '-fmodule-name=MMWormhole' -fapplication-extension -fpascal-strings -Os -fno-common '-DPOD_CONFIGURATION_RELEASE=1' '-DCOCOAPODS=1' -isysroot /Applications/Xcode_15.4.app/Contents/Developer/Platforms/iPhoneOS.platform/Developer/SDKs/iPhoneOS17.5.sdk -g -iquote /Users/runner/work/_temp/build/DerivedData/Build/Intermediates.noindex/ArchiveIntermediates/Potatso/IntermediateBuildFilesPath/Pods.build/Release-iphoneos/MMWormhole.build/MMWormhole-generated-files.hmap -I/Users/runner/work/_temp/build/DerivedData/Build/Intermediates.noindex/ArchiveIntermediates/Potatso/IntermediateBuildFilesPath/Pods.build/Release-iphoneos/MMWormhole.build/MMWormhole-own-target-headers.hmap -I/Users/runner/work/_temp/build/DerivedData/Build/Intermediates.noindex/ArchiveIntermediates/Potatso/IntermediateBuildFilesPath/Pods.build/Release-iphoneos/MMWormhole.build/MMWormhole-all-non-framework-target-headers.hmap -ivfsoverlay /Users/runner/work/_temp/build/DerivedData/Build/Intermediates.noindex/ArchiveIntermediates/Potatso/IntermediateBuildFilesPath/Pods.build/Release-iphoneos/MMWormhole.build/all-product-headers.yaml -iquote /Users/runner/work/_temp/build/DerivedData/Build/Intermediates.noindex/ArchiveIntermediates/Potatso/IntermediateBuildFilesPath/Pods.build/Release-iphoneos/MMWormhole.build/MMWormhole-project-headers.hmap -I/Users/runner/work/_temp/build/DerivedData/Build/Intermediates.noindex/ArchiveIntermediates/Potatso/BuildProductsPath/Release-iphoneos/MMWormhole/include -I/Users/runner/work/_temp/build/DerivedData/Build/Intermediates.noindex/ArchiveIntermediates/Potatso/IntermediateBuildFilesPath/Pods.build/Release-iphoneos/MMWormhole.build/DerivedSources-normal/arm64 -I/Users/runner/work/_temp/build/DerivedData/Build/Intermediates.noindex/ArchiveIntermediates/Potatso/IntermediateBuildFilesPath/Pods.build/Release-iphoneos/MMWormhole.build/DerivedSources/arm64 -I/Users/runner/work/_temp/build/DerivedData/Build/Intermediates.noindex/ArchiveIntermediates/Potatso/IntermediateBuildFilesPath/Pods.build/Release-iphoneos/MMWormhole.build/DerivedSources -F/Users/runner/work/_temp/build/DerivedData/Build/Intermediates.noindex/ArchiveIntermediates/Potatso/BuildProductsPath/Release-iphoneos/MMWormhole

WriteAuxiliaryFile /Users/runner/work/_temp/build/DerivedData/Build/Intermediates.noindex/ArchiveIntermediates/Potatso/IntermediateBuildFilesPath/Pods.build/Release-iphoneos/MMWormhole.build/DerivedSources/MMWormhole_vers.c (in target 'MMWormhole' from project 'Pods')
    cd /Users/runner/work/Potatso/Potatso/Pods
    write-file /Users/runner/work/_temp/build/DerivedData/Build/Intermediates.noindex/ArchiveIntermediates/Potatso/IntermediateBuildFilesPath/Pods.build/Release-iphoneos/MMWormhole.build/DerivedSources/MMWormhole_vers.c

WriteAuxiliaryFile /Users/runner/work/_temp/build/DerivedData/Build/Intermediates.noindex/ArchiveIntermediates/Potatso/IntermediateBuildFilesPath/Pods.build/Release-iphoneos/LibYAML.build/module.modulemap (in target 'LibYAML' from project 'Pods')
    cd /Users/runner/work/Potatso/Potatso/Pods
    write-file /Users/runner/work/_temp/build/DerivedData/Build/Intermediates.noindex/ArchiveIntermediates/Potatso/IntermediateBuildFilesPath/Pods.build/Release-iphoneos/LibYAML.build/module.modulemap

CpHeader /Users/runner/work/_temp/build/DerivedData/Build/Intermediates.noindex/ArchiveIntermediates/Potatso/IntermediateBuildFilesPath/UninstalledProducts/iphoneos/MBProgressHUD.framework/Headers/MBProgressHUD.h /Users/runner/work/Potatso/Potatso/Pods/MBProgressHUD/MBProgressHUD.h (in target 'MBProgressHUD' from project 'Pods')
    cd /Users/runner/work/Potatso/Potatso/Pods
    builtin-copy -exclude .DS_Store -exclude CVS -exclude .svn -exclude .git -exclude .hg -resolve-src-symlinks /Users/runner/work/Potatso/Potatso/Pods/MBProgressHUD/MBProgressHUD.h /Users/runner/work/_temp/build/DerivedData/Build/Intermediates.noindex/ArchiveIntermediates/Potatso/IntermediateBuildFilesPath/UninstalledProducts/iphoneos/MBProgressHUD.framework/Headers

CpHeader /Users/runner/work/_temp/build/DerivedData/Build/Intermediates.noindex/ArchiveIntermediates/Potatso/IntermediateBuildFilesPath/UninstalledProducts/iphoneos/MBProgressHUD.framework/Headers/MBProgressHUD-umbrella.h /Users/runner/work/Potatso/Potatso/Pods/Target\ Support\ Files/MBProgressHUD/MBProgressHUD-umbrella.h (in target 'MBProgressHUD' from project 'Pods')
    cd /Users/runner/work/Potatso/Potatso/Pods
    builtin-copy -exclude .DS_Store -exclude CVS -exclude .svn -exclude .git -exclude .hg -resolve-src-symlinks /Users/runner/work/Potatso/Potatso/Pods/Target\ Support\ Files/MBProgressHUD/MBProgressHUD-umbrella.h /Users/runner/work/_temp/build/DerivedData/Build/Intermediates.noindex/ArchiveIntermediates/Potatso/IntermediateBuildFilesPath/UninstalledProducts/iphoneos/MBProgressHUD.framework/Headers

Copy /Users/runner/work/_temp/build/DerivedData/Build/Intermediates.noindex/ArchiveIntermediates/Potatso/IntermediateBuildFilesPath/UninstalledProducts/iphoneos/LibYAML.framework/Modules/module.modulemap /Users/runner/work/_temp/build/DerivedData/Build/Intermediates.noindex/ArchiveIntermediates/Potatso/IntermediateBuildFilesPath/Pods.build/Release-iphoneos/LibYAML.build/module.modulemap (in target 'LibYAML' from project 'Pods')
    cd /Users/runner/work/Potatso/Potatso/Pods
    builtin-copy -exclude .DS_Store -exclude CVS -exclude .svn -exclude .git -exclude .hg -resolve-src-symlinks /Users/runner/work/_temp/build/DerivedData/Build/Intermediates.noindex/ArchiveIntermediates/Potatso/IntermediateBuildFilesPath/Pods.build/Release-iphoneos/LibYAML.build/module.modulemap /Users/runner/work/_temp/build/DerivedData/Build/Intermediates.noindex/ArchiveIntermediates/Potatso/IntermediateBuildFilesPath/UninstalledProducts/iphoneos/LibYAML.framework/Modules

ProcessInfoPlistFile /Users/runner/work/_temp/build/DerivedData/Build/Intermediates.noindex/ArchiveIntermediates/Potatso/IntermediateBuildFilesPath/UninstalledProducts/iphoneos/MBProgressHUD.framework/Info.plist /Users/runner/work/Potatso/Potatso/Pods/Target\ Support\ Files/MBProgressHUD/MBProgressHUD-Info.plist (in target 'MBProgressHUD' from project 'Pods')
    cd /Users/runner/work/Potatso/Potatso/Pods
    builtin-infoPlistUtility /Users/runner/work/Potatso/Potatso/Pods/Target\ Support\ Files/MBProgressHUD/MBProgressHUD-Info.plist -producttype com.apple.product-type.framework -expandbuildsettings -format binary -platform iphoneos -requiredArchitecture arm64 -o /Users/runner/work/_temp/build/DerivedData/Build/Intermediates.noindex/ArchiveIntermediates/Potatso/IntermediateBuildFilesPath/UninstalledProducts/iphoneos/MBProgressHUD.framework/Info.plist

WriteAuxiliaryFile /Users/runner/work/_temp/build/DerivedData/Build/Intermediates.noindex/ArchiveIntermediates/Potatso/IntermediateBuildFilesPath/Pods.build/Release-iphoneos/MBProgressHUD.build/Objects-normal/arm64/MBProgressHUD.LinkFileList (in target 'MBProgressHUD' from project 'Pods')
    cd /Users/runner/work/Potatso/Potatso/Pods
    write-file /Users/runner/work/_temp/build/DerivedData/Build/Intermediates.noindex/ArchiveIntermediates/Potatso/IntermediateBuildFilesPath/Pods.build/Release-iphoneos/MBProgressHUD.build/Objects-normal/arm64/MBProgressHUD.LinkFileList

WriteAuxiliaryFile /Users/runner/work/_temp/build/DerivedData/Build/Intermediates.noindex/ArchiveIntermediates/Potatso/IntermediateBuildFilesPath/Pods.build/Release-iphoneos/MBProgressHUD.build/Objects-normal/arm64/e6072d4f65d7061329687fe24e3d63a7-common-args.resp (in target 'MBProgressHUD' from project 'Pods')
    cd /Users/runner/work/Potatso/Potatso/Pods
    write-file /Users/runner/work/_temp/build/DerivedData/Build/Intermediates.noindex/ArchiveIntermediates/Potatso/IntermediateBuildFilesPath/Pods.build/Release-iphoneos/MBProgressHUD.build/Objects-normal/arm64/e6072d4f65d7061329687fe24e3d63a7-common-args.resp
-target arm64-apple-ios12.0 '-std=gnu11' -fobjc-arc -fobjc-weak -fmodules -gmodules '-fmodules-cache-path=/Users/runner/work/_temp/build/DerivedData/ModuleCache.noindex' '-fmodule-name=MBProgressHUD' -fpascal-strings -Os -fno-common '-DPOD_CONFIGURATION_RELEASE=1' '-DCOCOAPODS=1' '-DNS_BLOCK_ASSERTIONS=1' '-DOBJC_OLD_DISPATCH_PROTOTYPES=0' -isysroot /Applications/Xcode_15.4.app/Contents/Developer/Platforms/iPhoneOS.platform/Developer/SDKs/iPhoneOS17.5.sdk -g -iquote /Users/runner/work/_temp/build/DerivedData/Build/Intermediates.noindex/ArchiveIntermediates/Potatso/IntermediateBuildFilesPath/Pods.build/Release-iphoneos/MBProgressHUD.build/MBProgressHUD-generated-files.hmap -I/Users/runner/work/_temp/build/DerivedData/Build/Intermediates.noindex/ArchiveIntermediates/Potatso/IntermediateBuildFilesPath/Pods.build/Release-iphoneos/MBProgressHUD.build/MBProgressHUD-own-target-headers.hmap -I/Users/runner/work/_temp/build/DerivedData/Build/Intermediates.noindex/ArchiveIntermediates/Potatso/IntermediateBuildFilesPath/Pods.build/Release-iphoneos/MBProgressHUD.build/MBProgressHUD-all-non-framework-target-headers.hmap -ivfsoverlay /Users/runner/work/_temp/build/DerivedData/Build/Intermediates.noindex/ArchiveIntermediates/Potatso/IntermediateBuildFilesPath/Pods.build/Release-iphoneos/MBProgressHUD.build/all-product-headers.yaml -iquote /Users/runner/work/_temp/build/DerivedData/Build/Intermediates.noindex/ArchiveIntermediates/Potatso/IntermediateBuildFilesPath/Pods.build/Release-iphoneos/MBProgressHUD.build/MBProgressHUD-project-headers.hmap -I/Users/runner/work/_temp/build/DerivedData/Build/Intermediates.noindex/ArchiveIntermediates/Potatso/BuildProductsPath/Release-iphoneos/MBProgressHUD/include -I/Users/runner/work/_temp/build/DerivedData/Build/Intermediates.noindex/ArchiveIntermediates/Potatso/IntermediateBuildFilesPath/Pods.build/Release-iphoneos/MBProgressHUD.build/DerivedSources-normal/arm64 -I/Users/runner/work/_temp/build/DerivedData/Build/Intermediates.noindex/ArchiveIntermediates/Potatso/IntermediateBuildFilesPath/Pods.build/Release-iphoneos/MBProgressHUD.build/DerivedSources/arm64 -I/Users/runner/work/_temp/build/DerivedData/Build/Intermediates.noindex/ArchiveIntermediates/Potatso/IntermediateBuildFilesPath/Pods.build/Release-iphoneos/MBProgressHUD.build/DerivedSources -F/Users/runner/work/_temp/build/DerivedData/Build/Intermediates.noindex/ArchiveIntermediates/Potatso/BuildProductsPath/Release-iphoneos/MBProgressHUD

WriteAuxiliaryFile /Users/runner/work/_temp/build/DerivedData/Build/Intermediates.noindex/ArchiveIntermediates/Potatso/IntermediateBuildFilesPath/Pods.build/Release-iphoneos/MBProgressHUD.build/Objects-normal/arm64/7187679823f38a2a940e0043cdf9d637-common-args.resp (in target 'MBProgressHUD' from project 'Pods')
    cd /Users/runner/work/Potatso/Potatso/Pods
    write-file /Users/runner/work/_temp/build/DerivedData/Build/Intermediates.noindex/ArchiveIntermediates/Potatso/IntermediateBuildFilesPath/Pods.build/Release-iphoneos/MBProgressHUD.build/Objects-normal/arm64/7187679823f38a2a940e0043cdf9d637-common-args.resp
-target arm64-apple-ios12.0 '-std=gnu11' -fmodules -gmodules '-fmodules-cache-path=/Users/runner/work/_temp/build/DerivedData/ModuleCache.noindex' '-fmodule-name=MBProgressHUD' -fpascal-strings -Os -fno-common '-DPOD_CONFIGURATION_RELEASE=1' '-DCOCOAPODS=1' -isysroot /Applications/Xcode_15.4.app/Contents/Developer/Platforms/iPhoneOS.platform/Developer/SDKs/iPhoneOS17.5.sdk -g -iquote /Users/runner/work/_temp/build/DerivedData/Build/Intermediates.noindex/ArchiveIntermediates/Potatso/IntermediateBuildFilesPath/Pods.build/Release-iphoneos/MBProgressHUD.build/MBProgressHUD-generated-files.hmap -I/Users/runner/work/_temp/build/DerivedData/Build/Intermediates.noindex/ArchiveIntermediates/Potatso/IntermediateBuildFilesPath/Pods.build/Release-iphoneos/MBProgressHUD.build/MBProgressHUD-own-target-headers.hmap -I/Users/runner/work/_temp/build/DerivedData/Build/Intermediates.noindex/ArchiveIntermediates/Potatso/IntermediateBuildFilesPath/Pods.build/Release-iphoneos/MBProgressHUD.build/MBProgressHUD-all-non-framework-target-headers.hmap -ivfsoverlay /Users/runner/work/_temp/build/DerivedData/Build/Intermediates.noindex/ArchiveIntermediates/Potatso/IntermediateBuildFilesPath/Pods.build/Release-iphoneos/MBProgressHUD.build/all-product-headers.yaml -iquote /Users/runner/work/_temp/build/DerivedData/Build/Intermediates.noindex/ArchiveIntermediates/Potatso/IntermediateBuildFilesPath/Pods.build/Release-iphoneos/MBProgressHUD.build/MBProgressHUD-project-headers.hmap -I/Users/runner/work/_temp/build/DerivedData/Build/Intermediates.noindex/ArchiveIntermediates/Potatso/BuildProductsPath/Release-iphoneos/MBProgressHUD/include -I/Users/runner/work/_temp/build/DerivedData/Build/Intermediates.noindex/ArchiveIntermediates/Potatso/IntermediateBuildFilesPath/Pods.build/Release-iphoneos/MBProgressHUD.build/DerivedSources-normal/arm64 -I/Users/runner/work/_temp/build/DerivedData/Build/Intermediates.noindex/ArchiveIntermediates/Potatso/IntermediateBuildFilesPath/Pods.build/Release-iphoneos/MBProgressHUD.build/DerivedSources/arm64 -I/Users/runner/work/_temp/build/DerivedData/Build/Intermediates.noindex/ArchiveIntermediates/Potatso/IntermediateBuildFilesPath/Pods.build/Release-iphoneos/MBProgressHUD.build/DerivedSources -F/Users/runner/work/_temp/build/DerivedData/Build/Intermediates.noindex/ArchiveIntermediates/Potatso/BuildProductsPath/Release-iphoneos/MBProgressHUD

WriteAuxiliaryFile /Users/runner/work/_temp/build/DerivedData/Build/Intermediates.noindex/ArchiveIntermediates/Potatso/IntermediateBuildFilesPath/Pods.build/Release-iphoneos/MBProgressHUD.build/DerivedSources/MBProgressHUD_vers.c (in target 'MBProgressHUD' from project 'Pods')
    cd /Users/runner/work/Potatso/Potatso/Pods
    write-file /Users/runner/work/_temp/build/DerivedData/Build/Intermediates.noindex/ArchiveIntermediates/Potatso/IntermediateBuildFilesPath/Pods.build/Release-iphoneos/MBProgressHUD.build/DerivedSources/MBProgressHUD_vers.c

CreateBuildDirectory /Users/runner/work/_temp/build/DerivedData/Build/Intermediates.noindex/ArchiveIntermediates/Potatso/BuildProductsPath/Release-iphoneos/KeychainAccess
    cd /Users/runner/work/Potatso/Potatso
    builtin-create-build-directory /Users/runner/work/_temp/build/DerivedData/Build/Intermediates.noindex/ArchiveIntermediates/Potatso/BuildProductsPath/Release-iphoneos/KeychainAccess

WriteAuxiliaryFile /Users/runner/work/_temp/build/DerivedData/Build/Intermediates.noindex/ArchiveIntermediates/Potatso/IntermediateBuildFilesPath/Pods.build/Release-iphoneos/KissXML.build/all-product-headers.yaml (in target 'KissXML' from project 'Pods')
    cd /Users/runner/work/Potatso/Potatso/Pods
    write-file /Users/runner/work/_temp/build/DerivedData/Build/Intermediates.noindex/ArchiveIntermediates/Potatso/IntermediateBuildFilesPath/Pods.build/Release-iphoneos/KissXML.build/all-product-headers.yaml

WriteAuxiliaryFile /Users/runner/work/_temp/build/DerivedData/Build/Intermediates.noindex/ArchiveIntermediates/Potatso/IntermediateBuildFilesPath/Pods.build/Release-iphoneos/KissXML.build/KissXML.hmap (in target 'KissXML' from project 'Pods')
    cd /Users/runner/work/Potatso/Potatso/Pods
    write-file /Users/runner/work/_temp/build/DerivedData/Build/Intermediates.noindex/ArchiveIntermediates/Potatso/IntermediateBuildFilesPath/Pods.build/Release-iphoneos/KissXML.build/KissXML.hmap

WriteAuxiliaryFile /Users/runner/work/_temp/build/DerivedData/Build/Intermediates.noindex/ArchiveIntermediates/Potatso/IntermediateBuildFilesPath/Pods.build/Release-iphoneos/KissXML.build/KissXML-project-headers.hmap (in target 'KissXML' from project 'Pods')
    cd /Users/runner/work/Potatso/Potatso/Pods
    write-file /Users/runner/work/_temp/build/DerivedData/Build/Intermediates.noindex/ArchiveIntermediates/Potatso/IntermediateBuildFilesPath/Pods.build/Release-iphoneos/KissXML.build/KissXML-project-headers.hmap

WriteAuxiliaryFile /Users/runner/work/_temp/build/DerivedData/Build/Intermediates.noindex/ArchiveIntermediates/Potatso/IntermediateBuildFilesPath/Pods.build/Release-iphoneos/KissXML.build/KissXML-own-target-headers.hmap (in target 'KissXML' from project 'Pods')
    cd /Users/runner/work/Potatso/Potatso/Pods
    write-file /Users/runner/work/_temp/build/DerivedData/Build/Intermediates.noindex/ArchiveIntermediates/Potatso/IntermediateBuildFilesPath/Pods.build/Release-iphoneos/KissXML.build/KissXML-own-target-headers.hmap

WriteAuxiliaryFile /Users/runner/work/_temp/build/DerivedData/Build/Intermediates.noindex/ArchiveIntermediates/Potatso/IntermediateBuildFilesPath/Pods.build/Release-iphoneos/KissXML.build/KissXML-generated-files.hmap (in target 'KissXML' from project 'Pods')
    cd /Users/runner/work/Potatso/Potatso/Pods
    write-file /Users/runner/work/_temp/build/DerivedData/Build/Intermediates.noindex/ArchiveIntermediates/Potatso/IntermediateBuildFilesPath/Pods.build/Release-iphoneos/KissXML.build/KissXML-generated-files.hmap

WriteAuxiliaryFile /Users/runner/work/_temp/build/DerivedData/Build/Intermediates.noindex/ArchiveIntermediates/Potatso/IntermediateBuildFilesPath/Pods.build/Release-iphoneos/KissXML.build/KissXML-all-target-headers.hmap (in target 'KissXML' from project 'Pods')
    cd /Users/runner/work/Potatso/Potatso/Pods
    write-file /Users/runner/work/_temp/build/DerivedData/Build/Intermediates.noindex/ArchiveIntermediates/Potatso/IntermediateBuildFilesPath/Pods.build/Release-iphoneos/KissXML.build/KissXML-all-target-headers.hmap

WriteAuxiliaryFile /Users/runner/work/_temp/build/DerivedData/Build/Intermediates.noindex/ArchiveIntermediates/Potatso/IntermediateBuildFilesPath/Pods.build/Release-iphoneos/KissXML.build/KissXML-all-non-framework-target-headers.hmap (in target 'KissXML' from project 'Pods')
    cd /Users/runner/work/Potatso/Potatso/Pods
    write-file /Users/runner/work/_temp/build/DerivedData/Build/Intermediates.noindex/ArchiveIntermediates/Potatso/IntermediateBuildFilesPath/Pods.build/Release-iphoneos/KissXML.build/KissXML-all-non-framework-target-headers.hmap

SymLink /Users/runner/work/_temp/build/DerivedData/Build/Intermediates.noindex/ArchiveIntermediates/Potatso/BuildProductsPath/Release-iphoneos/KeychainAccess/KeychainAccess.framework ../../../IntermediateBuildFilesPath/UninstalledProducts/iphoneos/KeychainAccess.framework (in target 'KeychainAccess' from project 'Pods')
    cd /Users/runner/work/Potatso/Potatso/Pods
    /bin/ln -sfh ../../../IntermediateBuildFilesPath/UninstalledProducts/iphoneos/KeychainAccess.framework /Users/runner/work/_temp/build/DerivedData/Build/Intermediates.noindex/ArchiveIntermediates/Potatso/BuildProductsPath/Release-iphoneos/KeychainAccess/KeychainAccess.framework

MkDir /Users/runner/work/_temp/build/DerivedData/Build/Intermediates.noindex/ArchiveIntermediates/Potatso/IntermediateBuildFilesPath/UninstalledProducts/iphoneos/KeychainAccess.framework (in target 'KeychainAccess' from project 'Pods')
    cd /Users/runner/work/Potatso/Potatso/Pods
    /bin/mkdir -p /Users/runner/work/_temp/build/DerivedData/Build/Intermediates.noindex/ArchiveIntermediates/Potatso/IntermediateBuildFilesPath/UninstalledProducts/iphoneos/KeychainAccess.framework

MkDir /Users/runner/work/_temp/build/DerivedData/Build/Intermediates.noindex/ArchiveIntermediates/Potatso/IntermediateBuildFilesPath/UninstalledProducts/iphoneos/KeychainAccess.framework/Headers (in target 'KeychainAccess' from project 'Pods')
    cd /Users/runner/work/Potatso/Potatso/Pods
    /bin/mkdir -p /Users/runner/work/_temp/build/DerivedData/Build/Intermediates.noindex/ArchiveIntermediates/Potatso/IntermediateBuildFilesPath/UninstalledProducts/iphoneos/KeychainAccess.framework/Headers

CpHeader /Users/runner/work/_temp/build/DerivedData/Build/Intermediates.noindex/ArchiveIntermediates/Potatso/IntermediateBuildFilesPath/UninstalledProducts/iphoneos/LibYAML.framework/Headers/LibYAML-umbrella.h /Users/runner/work/Potatso/Potatso/Pods/Target\ Support\ Files/LibYAML/LibYAML-umbrella.h (in target 'LibYAML' from project 'Pods')
    cd /Users/runner/work/Potatso/Potatso/Pods
    builtin-copy -exclude .DS_Store -exclude CVS -exclude .svn -exclude .git -exclude .hg -resolve-src-symlinks /Users/runner/work/Potatso/Potatso/Pods/Target\ Support\ Files/LibYAML/LibYAML-umbrella.h /Users/runner/work/_temp/build/DerivedData/Build/Intermediates.noindex/ArchiveIntermediates/Potatso/IntermediateBuildFilesPath/UninstalledProducts/iphoneos/LibYAML.framework/Headers

CpHeader /Users/runner/work/_temp/build/DerivedData/Build/Intermediates.noindex/ArchiveIntermediates/Potatso/IntermediateBuildFilesPath/UninstalledProducts/iphoneos/LibYAML.framework/Headers/yaml.h /Users/runner/work/Potatso/Potatso/Pods/LibYAML/include/yaml.h (in target 'LibYAML' from project 'Pods')
    cd /Users/runner/work/Potatso/Potatso/Pods
    builtin-copy -exclude .DS_Store -exclude CVS -exclude .svn -exclude .git -exclude .hg -resolve-src-symlinks /Users/runner/work/Potatso/Potatso/Pods/LibYAML/include/yaml.h /Users/runner/work/_temp/build/DerivedData/Build/Intermediates.noindex/ArchiveIntermediates/Potatso/IntermediateBuildFilesPath/UninstalledProducts/iphoneos/LibYAML.framework/Headers

WriteAuxiliaryFile /Users/runner/work/_temp/build/DerivedData/Build/Intermediates.noindex/ArchiveIntermediates/Potatso/IntermediateBuildFilesPath/Pods.build/Release-iphoneos/KissXML.build/unextended-module.modulemap (in target 'KissXML' from project 'Pods')
    cd /Users/runner/work/Potatso/Potatso/Pods
    write-file /Users/runner/work/_temp/build/DerivedData/Build/Intermediates.noindex/ArchiveIntermediates/Potatso/IntermediateBuildFilesPath/Pods.build/Release-iphoneos/KissXML.build/unextended-module.modulemap

WriteAuxiliaryFile /Users/runner/work/_temp/build/DerivedData/Build/Intermediates.noindex/ArchiveIntermediates/Potatso/IntermediateBuildFilesPath/Pods.build/Release-iphoneos/KissXML.build/unextended-module-overlay.yaml (in target 'KissXML' from project 'Pods')
    cd /Users/runner/work/Potatso/Potatso/Pods
    write-file /Users/runner/work/_temp/build/DerivedData/Build/Intermediates.noindex/ArchiveIntermediates/Potatso/IntermediateBuildFilesPath/Pods.build/Release-iphoneos/KissXML.build/unextended-module-overlay.yaml

WriteAuxiliaryFile /Users/runner/work/_temp/build/DerivedData/Build/Intermediates.noindex/ArchiveIntermediates/Potatso/IntermediateBuildFilesPath/Pods.build/Release-iphoneos/KissXML.build/module.modulemap (in target 'KissXML' from project 'Pods')
    cd /Users/runner/work/Potatso/Potatso/Pods
    write-file /Users/runner/work/_temp/build/DerivedData/Build/Intermediates.noindex/ArchiveIntermediates/Potatso/IntermediateBuildFilesPath/Pods.build/Release-iphoneos/KissXML.build/module.modulemap

ProcessInfoPlistFile /Users/runner/work/_temp/build/DerivedData/Build/Intermediates.noindex/ArchiveIntermediates/Potatso/IntermediateBuildFilesPath/UninstalledProducts/iphoneos/LibYAML.framework/Info.plist /Users/runner/work/Potatso/Potatso/Pods/Target\ Support\ Files/LibYAML/LibYAML-Info.plist (in target 'LibYAML' from project 'Pods')
    cd /Users/runner/work/Potatso/Potatso/Pods
    builtin-infoPlistUtility /Users/runner/work/Potatso/Potatso/Pods/Target\ Support\ Files/LibYAML/LibYAML-Info.plist -producttype com.apple.product-type.framework -expandbuildsettings -format binary -platform iphoneos -requiredArchitecture arm64 -o /Users/runner/work/_temp/build/DerivedData/Build/Intermediates.noindex/ArchiveIntermediates/Potatso/IntermediateBuildFilesPath/UninstalledProducts/iphoneos/LibYAML.framework/Info.plist

Copy /Users/runner/work/_temp/build/DerivedData/Build/Intermediates.noindex/ArchiveIntermediates/Potatso/IntermediateBuildFilesPath/UninstalledProducts/iphoneos/KissXML.framework/Modules/module.modulemap /Users/runner/work/_temp/build/DerivedData/Build/Intermediates.noindex/ArchiveIntermediates/Potatso/IntermediateBuildFilesPath/Pods.build/Release-iphoneos/KissXML.build/module.modulemap (in target 'KissXML' from project 'Pods')
    cd /Users/runner/work/Potatso/Potatso/Pods
    builtin-copy -exclude .DS_Store -exclude CVS -exclude .svn -exclude .git -exclude .hg -resolve-src-symlinks /Users/runner/work/_temp/build/DerivedData/Build/Intermediates.noindex/ArchiveIntermediates/Potatso/IntermediateBuildFilesPath/Pods.build/Release-iphoneos/KissXML.build/module.modulemap /Users/runner/work/_temp/build/DerivedData/Build/Intermediates.noindex/ArchiveIntermediates/Potatso/IntermediateBuildFilesPath/UninstalledProducts/iphoneos/KissXML.framework/Modules

WriteAuxiliaryFile /Users/runner/work/_temp/build/DerivedData/Build/Intermediates.noindex/ArchiveIntermediates/Potatso/IntermediateBuildFilesPath/Pods.build/Release-iphoneos/LibYAML.build/Objects-normal/arm64/LibYAML.LinkFileList (in target 'LibYAML' from project 'Pods')
    cd /Users/runner/work/Potatso/Potatso/Pods
    write-file /Users/runner/work/_temp/build/DerivedData/Build/Intermediates.noindex/ArchiveIntermediates/Potatso/IntermediateBuildFilesPath/Pods.build/Release-iphoneos/LibYAML.build/Objects-normal/arm64/LibYAML.LinkFileList

WriteAuxiliaryFile /Users/runner/work/_temp/build/DerivedData/Build/Intermediates.noindex/ArchiveIntermediates/Potatso/IntermediateBuildFilesPath/Pods.build/Release-iphoneos/LibYAML.build/Objects-normal/arm64/e6072d4f65d7061329687fe24e3d63a7-common-args.resp (in target 'LibYAML' from project 'Pods')
    cd /Users/runner/work/Potatso/Potatso/Pods
    write-file /Users/runner/work/_temp/build/DerivedData/Build/Intermediates.noindex/ArchiveIntermediates/Potatso/IntermediateBuildFilesPath/Pods.build/Release-iphoneos/LibYAML.build/Objects-normal/arm64/e6072d4f65d7061329687fe24e3d63a7-common-args.resp
-target arm64-apple-ios12.0 '-std=gnu11' -fobjc-arc -fobjc-weak -fmodules -gmodules '-fmodules-cache-path=/Users/runner/work/_temp/build/DerivedData/ModuleCache.noindex' '-fmodule-name=LibYAML' -fapplication-extension -fpascal-strings -Os -fno-common '-DPOD_CONFIGURATION_RELEASE=1' '-DCOCOAPODS=1' '-DNS_BLOCK_ASSERTIONS=1' '-DOBJC_OLD_DISPATCH_PROTOTYPES=0' -isysroot /Applications/Xcode_15.4.app/Contents/Developer/Platforms/iPhoneOS.platform/Developer/SDKs/iPhoneOS17.5.sdk -g -iquote /Users/runner/work/_temp/build/DerivedData/Build/Intermediates.noindex/ArchiveIntermediates/Potatso/IntermediateBuildFilesPath/Pods.build/Release-iphoneos/LibYAML.build/LibYAML-generated-files.hmap -I/Users/runner/work/_temp/build/DerivedData/Build/Intermediates.noindex/ArchiveIntermediates/Potatso/IntermediateBuildFilesPath/Pods.build/Release-iphoneos/LibYAML.build/LibYAML-own-target-headers.hmap -I/Users/runner/work/_temp/build/DerivedData/Build/Intermediates.noindex/ArchiveIntermediates/Potatso/IntermediateBuildFilesPath/Pods.build/Release-iphoneos/LibYAML.build/LibYAML-all-non-framework-target-headers.hmap -ivfsoverlay /Users/runner/work/_temp/build/DerivedData/Build/Intermediates.noindex/ArchiveIntermediates/Potatso/IntermediateBuildFilesPath/Pods.build/Release-iphoneos/LibYAML.build/all-product-headers.yaml -iquote /Users/runner/work/_temp/build/DerivedData/Build/Intermediates.noindex/ArchiveIntermediates/Potatso/IntermediateBuildFilesPath/Pods.build/Release-iphoneos/LibYAML.build/LibYAML-project-headers.hmap -I/Users/runner/work/_temp/build/DerivedData/Build/Intermediates.noindex/ArchiveIntermediates/Potatso/BuildProductsPath/Release-iphoneos/LibYAML/include -I/Users/runner/work/_temp/build/DerivedData/Build/Intermediates.noindex/ArchiveIntermediates/Potatso/IntermediateBuildFilesPath/Pods.build/Release-iphoneos/LibYAML.build/DerivedSources-normal/arm64 -I/Users/runner/work/_temp/build/DerivedData/Build/Intermediates.noindex/ArchiveIntermediates/Potatso/IntermediateBuildFilesPath/Pods.build/Release-iphoneos/LibYAML.build/DerivedSources/arm64 -I/Users/runner/work/_temp/build/DerivedData/Build/Intermediates.noindex/ArchiveIntermediates/Potatso/IntermediateBuildFilesPath/Pods.build/Release-iphoneos/LibYAML.build/DerivedSources -F/Users/runner/work/_temp/build/DerivedData/Build/Intermediates.noindex/ArchiveIntermediates/Potatso/BuildProductsPath/Release-iphoneos/LibYAML -DHAVE_CONFIG_H

WriteAuxiliaryFile /Users/runner/work/_temp/build/DerivedData/Build/Intermediates.noindex/ArchiveIntermediates/Potatso/IntermediateBuildFilesPath/Pods.build/Release-iphoneos/LibYAML.build/Objects-normal/arm64/7187679823f38a2a940e0043cdf9d637-common-args.resp (in target 'LibYAML' from project 'Pods')
    cd /Users/runner/work/Potatso/Potatso/Pods
    write-file /Users/runner/work/_temp/build/DerivedData/Build/Intermediates.noindex/ArchiveIntermediates/Potatso/IntermediateBuildFilesPath/Pods.build/Release-iphoneos/LibYAML.build/Objects-normal/arm64/7187679823f38a2a940e0043cdf9d637-common-args.resp
-target arm64-apple-ios12.0 '-std=gnu11' -fmodules -gmodules '-fmodules-cache-path=/Users/runner/work/_temp/build/DerivedData/ModuleCache.noindex' '-fmodule-name=LibYAML' -fapplication-extension -fpascal-strings -Os -fno-common '-DPOD_CONFIGURATION_RELEASE=1' '-DCOCOAPODS=1' -isysroot /Applications/Xcode_15.4.app/Contents/Developer/Platforms/iPhoneOS.platform/Developer/SDKs/iPhoneOS17.5.sdk -g -iquote /Users/runner/work/_temp/build/DerivedData/Build/Intermediates.noindex/ArchiveIntermediates/Potatso/IntermediateBuildFilesPath/Pods.build/Release-iphoneos/LibYAML.build/LibYAML-generated-files.hmap -I/Users/runner/work/_temp/build/DerivedData/Build/Intermediates.noindex/ArchiveIntermediates/Potatso/IntermediateBuildFilesPath/Pods.build/Release-iphoneos/LibYAML.build/LibYAML-own-target-headers.hmap -I/Users/runner/work/_temp/build/DerivedData/Build/Intermediates.noindex/ArchiveIntermediates/Potatso/IntermediateBuildFilesPath/Pods.build/Release-iphoneos/LibYAML.build/LibYAML-all-non-framework-target-headers.hmap -ivfsoverlay /Users/runner/work/_temp/build/DerivedData/Build/Intermediates.noindex/ArchiveIntermediates/Potatso/IntermediateBuildFilesPath/Pods.build/Release-iphoneos/LibYAML.build/all-product-headers.yaml -iquote /Users/runner/work/_temp/build/DerivedData/Build/Intermediates.noindex/ArchiveIntermediates/Potatso/IntermediateBuildFilesPath/Pods.build/Release-iphoneos/LibYAML.build/LibYAML-project-headers.hmap -I/Users/runner/work/_temp/build/DerivedData/Build/Intermediates.noindex/ArchiveIntermediates/Potatso/BuildProductsPath/Release-iphoneos/LibYAML/include -I/Users/runner/work/_temp/build/DerivedData/Build/Intermediates.noindex/ArchiveIntermediates/Potatso/IntermediateBuildFilesPath/Pods.build/Release-iphoneos/LibYAML.build/DerivedSources-normal/arm64 -I/Users/runner/work/_temp/build/DerivedData/Build/Intermediates.noindex/ArchiveIntermediates/Potatso/IntermediateBuildFilesPath/Pods.build/Release-iphoneos/LibYAML.build/DerivedSources/arm64 -I/Users/runner/work/_temp/build/DerivedData/Build/Intermediates.noindex/ArchiveIntermediates/Potatso/IntermediateBuildFilesPath/Pods.build/Release-iphoneos/LibYAML.build/DerivedSources -F/Users/runner/work/_temp/build/DerivedData/Build/Intermediates.noindex/ArchiveIntermediates/Potatso/BuildProductsPath/Release-iphoneos/LibYAML -DHAVE_CONFIG_H

WriteAuxiliaryFile /Users/runner/work/_temp/build/DerivedData/Build/Intermediates.noindex/ArchiveIntermediates/Potatso/IntermediateBuildFilesPath/Pods.build/Release-iphoneos/LibYAML.build/DerivedSources/LibYAML_vers.c (in target 'LibYAML' from project 'Pods')
    cd /Users/runner/work/Potatso/Potatso/Pods
    write-file /Users/runner/work/_temp/build/DerivedData/Build/Intermediates.noindex/ArchiveIntermediates/Potatso/IntermediateBuildFilesPath/Pods.build/Release-iphoneos/LibYAML.build/DerivedSources/LibYAML_vers.c

WriteAuxiliaryFile /Users/runner/work/_temp/build/DerivedData/Build/Intermediates.noindex/ArchiveIntermediates/Potatso/IntermediateBuildFilesPath/Pods.build/Release-iphoneos/YAML-Framework.build/YAML_Framework.hmap (in target 'YAML-Framework' from project 'Pods')
    cd /Users/runner/work/Potatso/Potatso/Pods
    write-file /Users/runner/work/_temp/build/DerivedData/Build/Intermediates.noindex/ArchiveIntermediates/Potatso/IntermediateBuildFilesPath/Pods.build/Release-iphoneos/YAML-Framework.build/YAML_Framework.hmap

WriteAuxiliaryFile /Users/runner/work/_temp/build/DerivedData/Build/Intermediates.noindex/ArchiveIntermediates/Potatso/IntermediateBuildFilesPath/Pods.build/Release-iphoneos/YAML-Framework.build/all-product-headers.yaml (in target 'YAML-Framework' from project 'Pods')
    cd /Users/runner/work/Potatso/Potatso/Pods
    write-file /Users/runner/work/_temp/build/DerivedData/Build/Intermediates.noindex/ArchiveIntermediates/Potatso/IntermediateBuildFilesPath/Pods.build/Release-iphoneos/YAML-Framework.build/all-product-headers.yaml

WriteAuxiliaryFile /Users/runner/work/_temp/build/DerivedData/Build/Intermediates.noindex/ArchiveIntermediates/Potatso/IntermediateBuildFilesPath/Pods.build/Release-iphoneos/YAML-Framework.build/YAML_Framework-project-headers.hmap (in target 'YAML-Framework' from project 'Pods')
    cd /Users/runner/work/Potatso/Potatso/Pods
    write-file /Users/runner/work/_temp/build/DerivedData/Build/Intermediates.noindex/ArchiveIntermediates/Potatso/IntermediateBuildFilesPath/Pods.build/Release-iphoneos/YAML-Framework.build/YAML_Framework-project-headers.hmap

WriteAuxiliaryFile /Users/runner/work/_temp/build/DerivedData/Build/Intermediates.noindex/ArchiveIntermediates/Potatso/IntermediateBuildFilesPath/Pods.build/Release-iphoneos/YAML-Framework.build/YAML_Framework-own-target-headers.hmap (in target 'YAML-Framework' from project 'Pods')
    cd /Users/runner/work/Potatso/Potatso/Pods
    write-file /Users/runner/work/_temp/build/DerivedData/Build/Intermediates.noindex/ArchiveIntermediates/Potatso/IntermediateBuildFilesPath/Pods.build/Release-iphoneos/YAML-Framework.build/YAML_Framework-own-target-headers.hmap

WriteAuxiliaryFile /Users/runner/work/_temp/build/DerivedData/Build/Intermediates.noindex/ArchiveIntermediates/Potatso/IntermediateBuildFilesPath/Pods.build/Release-iphoneos/YAML-Framework.build/YAML_Framework-generated-files.hmap (in target 'YAML-Framework' from project 'Pods')
    cd /Users/runner/work/Potatso/Potatso/Pods
    write-file /Users/runner/work/_temp/build/DerivedData/Build/Intermediates.noindex/ArchiveIntermediates/Potatso/IntermediateBuildFilesPath/Pods.build/Release-iphoneos/YAML-Framework.build/YAML_Framework-generated-files.hmap

WriteAuxiliaryFile /Users/runner/work/_temp/build/DerivedData/Build/Intermediates.noindex/ArchiveIntermediates/Potatso/IntermediateBuildFilesPath/Pods.build/Release-iphoneos/YAML-Framework.build/YAML_Framework-all-target-headers.hmap (in target 'YAML-Framework' from project 'Pods')
    cd /Users/runner/work/Potatso/Potatso/Pods
    write-file /Users/runner/work/_temp/build/DerivedData/Build/Intermediates.noindex/ArchiveIntermediates/Potatso/IntermediateBuildFilesPath/Pods.build/Release-iphoneos/YAML-Framework.build/YAML_Framework-all-target-headers.hmap

WriteAuxiliaryFile /Users/runner/work/_temp/build/DerivedData/Build/Intermediates.noindex/ArchiveIntermediates/Potatso/IntermediateBuildFilesPath/Pods.build/Release-iphoneos/YAML-Framework.build/YAML_Framework-all-non-framework-target-headers.hmap (in target 'YAML-Framework' from project 'Pods')
    cd /Users/runner/work/Potatso/Potatso/Pods
    write-file /Users/runner/work/_temp/build/DerivedData/Build/Intermediates.noindex/ArchiveIntermediates/Potatso/IntermediateBuildFilesPath/Pods.build/Release-iphoneos/YAML-Framework.build/YAML_Framework-all-non-framework-target-headers.hmap

CpHeader /Users/runner/work/_temp/build/DerivedData/Build/Intermediates.noindex/ArchiveIntermediates/Potatso/IntermediateBuildFilesPath/UninstalledProducts/iphoneos/KissXML.framework/PrivateHeaders/DDXMLPrivate.h /Users/runner/work/Potatso/Potatso/Pods/KissXML/KissXML/Private/DDXMLPrivate.h (in target 'KissXML' from project 'Pods')
    cd /Users/runner/work/Potatso/Potatso/Pods
    builtin-copy -exclude .DS_Store -exclude CVS -exclude .svn -exclude .git -exclude .hg -resolve-src-symlinks /Users/runner/work/Potatso/Potatso/Pods/KissXML/KissXML/Private/DDXMLPrivate.h /Users/runner/work/_temp/build/DerivedData/Build/Intermediates.noindex/ArchiveIntermediates/Potatso/IntermediateBuildFilesPath/UninstalledProducts/iphoneos/KissXML.framework/PrivateHeaders

CpHeader /Users/runner/work/_temp/build/DerivedData/Build/Intermediates.noindex/ArchiveIntermediates/Potatso/IntermediateBuildFilesPath/UninstalledProducts/iphoneos/KissXML.framework/Headers/NSString+DDXML.h /Users/runner/work/Potatso/Potatso/Pods/KissXML/KissXML/Categories/NSString+DDXML.h (in target 'KissXML' from project 'Pods')
    cd /Users/runner/work/Potatso/Potatso/Pods
    builtin-copy -exclude .DS_Store -exclude CVS -exclude .svn -exclude .git -exclude .hg -resolve-src-symlinks /Users/runner/work/Potatso/Potatso/Pods/KissXML/KissXML/Categories/NSString+DDXML.h /Users/runner/work/_temp/build/DerivedData/Build/Intermediates.noindex/ArchiveIntermediates/Potatso/IntermediateBuildFilesPath/UninstalledProducts/iphoneos/KissXML.framework/Headers

CpHeader /Users/runner/work/_temp/build/DerivedData/Build/Intermediates.noindex/ArchiveIntermediates/Potatso/IntermediateBuildFilesPath/UninstalledProducts/iphoneos/KissXML.framework/Headers/KissXML.h /Users/runner/work/Potatso/Potatso/Pods/KissXML/KissXML/KissXML.h (in target 'KissXML' from project 'Pods')
    cd /Users/runner/work/Potatso/Potatso/Pods
    builtin-copy -exclude .DS_Store -exclude CVS -exclude .svn -exclude .git -exclude .hg -resolve-src-symlinks /Users/runner/work/Potatso/Potatso/Pods/KissXML/KissXML/KissXML.h /Users/runner/work/_temp/build/DerivedData/Build/Intermediates.noindex/ArchiveIntermediates/Potatso/IntermediateBuildFilesPath/UninstalledProducts/iphoneos/KissXML.framework/Headers

CpHeader /Users/runner/work/_temp/build/DerivedData/Build/Intermediates.noindex/ArchiveIntermediates/Potatso/IntermediateBuildFilesPath/UninstalledProducts/iphoneos/KissXML.framework/Headers/KissXML-umbrella.h /Users/runner/work/Potatso/Potatso/Pods/Target\ Support\ Files/KissXML/KissXML-umbrella.h (in target 'KissXML' from project 'Pods')
    cd /Users/runner/work/Potatso/Potatso/Pods
    builtin-copy -exclude .DS_Store -exclude CVS -exclude .svn -exclude .git -exclude .hg -resolve-src-symlinks /Users/runner/work/Potatso/Potatso/Pods/Target\ Support\ Files/KissXML/KissXML-umbrella.h /Users/runner/work/_temp/build/DerivedData/Build/Intermediates.noindex/ArchiveIntermediates/Potatso/IntermediateBuildFilesPath/UninstalledProducts/iphoneos/KissXML.framework/Headers

CpHeader /Users/runner/work/_temp/build/DerivedData/Build/Intermediates.noindex/ArchiveIntermediates/Potatso/IntermediateBuildFilesPath/UninstalledProducts/iphoneos/KissXML.framework/Headers/DDXMLNode.h /Users/runner/work/Potatso/Potatso/Pods/KissXML/KissXML/DDXMLNode.h (in target 'KissXML' from project 'Pods')
    cd /Users/runner/work/Potatso/Potatso/Pods
    builtin-copy -exclude .DS_Store -exclude CVS -exclude .svn -exclude .git -exclude .hg -resolve-src-symlinks /Users/runner/work/Potatso/Potatso/Pods/KissXML/KissXML/DDXMLNode.h /Users/runner/work/_temp/build/DerivedData/Build/Intermediates.noindex/ArchiveIntermediates/Potatso/IntermediateBuildFilesPath/UninstalledProducts/iphoneos/KissXML.framework/Headers

CpHeader /Users/runner/work/_temp/build/DerivedData/Build/Intermediates.noindex/ArchiveIntermediates/Potatso/IntermediateBuildFilesPath/UninstalledProducts/iphoneos/KissXML.framework/Headers/DDXMLElementAdditions.h /Users/runner/work/Potatso/Potatso/Pods/KissXML/KissXML/Additions/DDXMLElementAdditions.h (in target 'KissXML' from project 'Pods')
    cd /Users/runner/work/Potatso/Potatso/Pods
    builtin-copy -exclude .DS_Store -exclude CVS -exclude .svn -exclude .git -exclude .hg -resolve-src-symlinks /Users/runner/work/Potatso/Potatso/Pods/KissXML/KissXML/Additions/DDXMLElementAdditions.h /Users/runner/work/_temp/build/DerivedData/Build/Intermediates.noindex/ArchiveIntermediates/Potatso/IntermediateBuildFilesPath/UninstalledProducts/iphoneos/KissXML.framework/Headers

CpHeader /Users/runner/work/_temp/build/DerivedData/Build/Intermediates.noindex/ArchiveIntermediates/Potatso/IntermediateBuildFilesPath/UninstalledProducts/iphoneos/KissXML.framework/Headers/DDXMLElement.h /Users/runner/work/Potatso/Potatso/Pods/KissXML/KissXML/DDXMLElement.h (in target 'KissXML' from project 'Pods')
    cd /Users/runner/work/Potatso/Potatso/Pods
    builtin-copy -exclude .DS_Store -exclude CVS -exclude .svn -exclude .git -exclude .hg -resolve-src-symlinks /Users/runner/work/Potatso/Potatso/Pods/KissXML/KissXML/DDXMLElement.h /Users/runner/work/_temp/build/DerivedData/Build/Intermediates.noindex/ArchiveIntermediates/Potatso/IntermediateBuildFilesPath/UninstalledProducts/iphoneos/KissXML.framework/Headers

CpHeader /Users/runner/work/_temp/build/DerivedData/Build/Intermediates.noindex/ArchiveIntermediates/Potatso/IntermediateBuildFilesPath/UninstalledProducts/iphoneos/KissXML.framework/Headers/DDXMLDocument.h /Users/runner/work/Potatso/Potatso/Pods/KissXML/KissXML/DDXMLDocument.h (in target 'KissXML' from project 'Pods')
    cd /Users/runner/work/Potatso/Potatso/Pods
    builtin-copy -exclude .DS_Store -exclude CVS -exclude .svn -exclude .git -exclude .hg -resolve-src-symlinks /Users/runner/work/Potatso/Potatso/Pods/KissXML/KissXML/DDXMLDocument.h /Users/runner/work/_temp/build/DerivedData/Build/Intermediates.noindex/ArchiveIntermediates/Potatso/IntermediateBuildFilesPath/UninstalledProducts/iphoneos/KissXML.framework/Headers

CpHeader /Users/runner/work/_temp/build/DerivedData/Build/Intermediates.noindex/ArchiveIntermediates/Potatso/IntermediateBuildFilesPath/UninstalledProducts/iphoneos/KissXML.framework/Headers/DDXML.h /Users/runner/work/Potatso/Potatso/Pods/KissXML/KissXML/DDXML.h (in target 'KissXML' from project 'Pods')
    cd /Users/runner/work/Potatso/Potatso/Pods
    builtin-copy -exclude .DS_Store -exclude CVS -exclude .svn -exclude .git -exclude .hg -resolve-src-symlinks /Users/runner/work/Potatso/Potatso/Pods/KissXML/KissXML/DDXML.h /Users/runner/work/_temp/build/DerivedData/Build/Intermediates.noindex/ArchiveIntermediates/Potatso/IntermediateBuildFilesPath/UninstalledProducts/iphoneos/KissXML.framework/Headers

ProcessInfoPlistFile /Users/runner/work/_temp/build/DerivedData/Build/Intermediates.noindex/ArchiveIntermediates/Potatso/IntermediateBuildFilesPath/UninstalledProducts/iphoneos/KissXML.framework/Info.plist /Users/runner/work/Potatso/Potatso/Pods/Target\ Support\ Files/KissXML/KissXML-Info.plist (in target 'KissXML' from project 'Pods')
    cd /Users/runner/work/Potatso/Potatso/Pods
    builtin-infoPlistUtility /Users/runner/work/Potatso/Potatso/Pods/Target\ Support\ Files/KissXML/KissXML-Info.plist -producttype com.apple.product-type.framework -expandbuildsettings -format binary -platform iphoneos -requiredArchitecture arm64 -o /Users/runner/work/_temp/build/DerivedData/Build/Intermediates.noindex/ArchiveIntermediates/Potatso/IntermediateBuildFilesPath/UninstalledProducts/iphoneos/KissXML.framework/Info.plist

WriteAuxiliaryFile /Users/runner/work/_temp/build/DerivedData/Build/Intermediates.noindex/ArchiveIntermediates/Potatso/IntermediateBuildFilesPath/Pods.build/Release-iphoneos/YAML-Framework.build/module.modulemap (in target 'YAML-Framework' from project 'Pods')
    cd /Users/runner/work/Potatso/Potatso/Pods
    write-file /Users/runner/work/_temp/build/DerivedData/Build/Intermediates.noindex/ArchiveIntermediates/Potatso/IntermediateBuildFilesPath/Pods.build/Release-iphoneos/YAML-Framework.build/module.modulemap

WriteAuxiliaryFile /Users/runner/work/_temp/build/DerivedData/Build/Intermediates.noindex/ArchiveIntermediates/Potatso/IntermediateBuildFilesPath/Pods.build/Release-iphoneos/KissXML.build/Objects-normal/arm64/KissXML.LinkFileList (in target 'KissXML' from project 'Pods')
    cd /Users/runner/work/Potatso/Potatso/Pods
    write-file /Users/runner/work/_temp/build/DerivedData/Build/Intermediates.noindex/ArchiveIntermediates/Potatso/IntermediateBuildFilesPath/Pods.build/Release-iphoneos/KissXML.build/Objects-normal/arm64/KissXML.LinkFileList

Copy /Users/runner/work/_temp/build/DerivedData/Build/Intermediates.noindex/ArchiveIntermediates/Potatso/IntermediateBuildFilesPath/UninstalledProducts/iphoneos/YAML_Framework.framework/Modules/module.modulemap /Users/runner/work/_temp/build/DerivedData/Build/Intermediates.noindex/ArchiveIntermediates/Potatso/IntermediateBuildFilesPath/Pods.build/Release-iphoneos/YAML-Framework.build/module.modulemap (in target 'YAML-Framework' from project 'Pods')
    cd /Users/runner/work/Potatso/Potatso/Pods
    builtin-copy -exclude .DS_Store -exclude CVS -exclude .svn -exclude .git -exclude .hg -resolve-src-symlinks /Users/runner/work/_temp/build/DerivedData/Build/Intermediates.noindex/ArchiveIntermediates/Potatso/IntermediateBuildFilesPath/Pods.build/Release-iphoneos/YAML-Framework.build/module.modulemap /Users/runner/work/_temp/build/DerivedData/Build/Intermediates.noindex/ArchiveIntermediates/Potatso/IntermediateBuildFilesPath/UninstalledProducts/iphoneos/YAML_Framework.framework/Modules

WriteAuxiliaryFile /Users/runner/work/_temp/build/DerivedData/Build/Intermediates.noindex/ArchiveIntermediates/Potatso/IntermediateBuildFilesPath/Pods.build/Release-iphoneos/KissXML.build/Objects-normal/arm64/e6072d4f65d7061329687fe24e3d63a7-common-args.resp (in target 'KissXML' from project 'Pods')
    cd /Users/runner/work/Potatso/Potatso/Pods
    write-file /Users/runner/work/_temp/build/DerivedData/Build/Intermediates.noindex/ArchiveIntermediates/Potatso/IntermediateBuildFilesPath/Pods.build/Release-iphoneos/KissXML.build/Objects-normal/arm64/e6072d4f65d7061329687fe24e3d63a7-common-args.resp
-target arm64-apple-ios12.0 '-std=gnu11' -fobjc-arc -fobjc-weak -fmodules -gmodules '-fmodules-cache-path=/Users/runner/work/_temp/build/DerivedData/ModuleCache.noindex' '-fmodule-name=KissXML' -fapplication-extension -fpascal-strings -Os -fno-common '-DPOD_CONFIGURATION_RELEASE=1' '-DCOCOAPODS=1' '-DNS_BLOCK_ASSERTIONS=1' '-DOBJC_OLD_DISPATCH_PROTOTYPES=0' -isysroot /Applications/Xcode_15.4.app/Contents/Developer/Platforms/iPhoneOS.platform/Developer/SDKs/iPhoneOS17.5.sdk -g -iquote /Users/runner/work/_temp/build/DerivedData/Build/Intermediates.noindex/ArchiveIntermediates/Potatso/IntermediateBuildFilesPath/Pods.build/Release-iphoneos/KissXML.build/KissXML-generated-files.hmap -I/Users/runner/work/_temp/build/DerivedData/Build/Intermediates.noindex/ArchiveIntermediates/Potatso/IntermediateBuildFilesPath/Pods.build/Release-iphoneos/KissXML.build/KissXML-own-target-headers.hmap -I/Users/runner/work/_temp/build/DerivedData/Build/Intermediates.noindex/ArchiveIntermediates/Potatso/IntermediateBuildFilesPath/Pods.build/Release-iphoneos/KissXML.build/KissXML-all-non-framework-target-headers.hmap -ivfsoverlay /Users/runner/work/_temp/build/DerivedData/Build/Intermediates.noindex/ArchiveIntermediates/Potatso/IntermediateBuildFilesPath/Pods.build/Release-iphoneos/KissXML.build/all-product-headers.yaml -iquote /Users/runner/work/_temp/build/DerivedData/Build/Intermediates.noindex/ArchiveIntermediates/Potatso/IntermediateBuildFilesPath/Pods.build/Release-iphoneos/KissXML.build/KissXML-project-headers.hmap -I/Users/runner/work/_temp/build/DerivedData/Build/Intermediates.noindex/ArchiveIntermediates/Potatso/BuildProductsPath/Release-iphoneos/KissXML/include -I/Applications/Xcode_15.4.app/Contents/Developer/Platforms/iPhoneOS.platform/Developer/SDKs/iPhoneOS17.5.sdk/usr/include/libxml2 -I/Users/runner/work/_temp/build/DerivedData/Build/Intermediates.noindex/ArchiveIntermediates/Potatso/IntermediateBuildFilesPath/Pods.build/Release-iphoneos/KissXML.build/DerivedSources-normal/arm64 -I/Users/runner/work/_temp/build/DerivedData/Build/Intermediates.noindex/ArchiveIntermediates/Potatso/IntermediateBuildFilesPath/Pods.build/Release-iphoneos/KissXML.build/DerivedSources/arm64 -I/Users/runner/work/_temp/build/DerivedData/Build/Intermediates.noindex/ArchiveIntermediates/Potatso/IntermediateBuildFilesPath/Pods.build/Release-iphoneos/KissXML.build/DerivedSources -F/Users/runner/work/_temp/build/DerivedData/Build/Intermediates.noindex/ArchiveIntermediates/Potatso/BuildProductsPath/Release-iphoneos/KissXML

WriteAuxiliaryFile /Users/runner/work/_temp/build/DerivedData/Build/Intermediates.noindex/ArchiveIntermediates/Potatso/IntermediateBuildFilesPath/Pods.build/Release-iphoneos/KissXML.build/Objects-normal/arm64/KissXML_const_extract_protocols.json (in target 'KissXML' from project 'Pods')
    cd /Users/runner/work/Potatso/Potatso/Pods
    write-file /Users/runner/work/_temp/build/DerivedData/Build/Intermediates.noindex/ArchiveIntermediates/Potatso/IntermediateBuildFilesPath/Pods.build/Release-iphoneos/KissXML.build/Objects-normal/arm64/KissXML_const_extract_protocols.json

WriteAuxiliaryFile /Users/runner/work/_temp/build/DerivedData/Build/Intermediates.noindex/ArchiveIntermediates/Potatso/IntermediateBuildFilesPath/Pods.build/Release-iphoneos/KissXML.build/Objects-normal/arm64/KissXML.SwiftFileList (in target 'KissXML' from project 'Pods')
    cd /Users/runner/work/Potatso/Potatso/Pods
    write-file /Users/runner/work/_temp/build/DerivedData/Build/Intermediates.noindex/ArchiveIntermediates/Potatso/IntermediateBuildFilesPath/Pods.build/Release-iphoneos/KissXML.build/Objects-normal/arm64/KissXML.SwiftFileList

WriteAuxiliaryFile /Users/runner/work/_temp/build/DerivedData/Build/Intermediates.noindex/ArchiveIntermediates/Potatso/IntermediateBuildFilesPath/Pods.build/Release-iphoneos/KissXML.build/Objects-normal/arm64/KissXML-OutputFileMap.json (in target 'KissXML' from project 'Pods')
    cd /Users/runner/work/Potatso/Potatso/Pods
    write-file /Users/runner/work/_temp/build/DerivedData/Build/Intermediates.noindex/ArchiveIntermediates/Potatso/IntermediateBuildFilesPath/Pods.build/Release-iphoneos/KissXML.build/Objects-normal/arm64/KissXML-OutputFileMap.json

WriteAuxiliaryFile /Users/runner/work/_temp/build/DerivedData/Build/Intermediates.noindex/ArchiveIntermediates/Potatso/IntermediateBuildFilesPath/Pods.build/Release-iphoneos/KissXML.build/Objects-normal/arm64/7187679823f38a2a940e0043cdf9d637-common-args.resp (in target 'KissXML' from project 'Pods')
    cd /Users/runner/work/Potatso/Potatso/Pods
    write-file /Users/runner/work/_temp/build/DerivedData/Build/Intermediates.noindex/ArchiveIntermediates/Potatso/IntermediateBuildFilesPath/Pods.build/Release-iphoneos/KissXML.build/Objects-normal/arm64/7187679823f38a2a940e0043cdf9d637-common-args.resp
-target arm64-apple-ios12.0 '-std=gnu11' -fmodules -gmodules '-fmodules-cache-path=/Users/runner/work/_temp/build/DerivedData/ModuleCache.noindex' '-fmodule-name=KissXML' -fapplication-extension -fpascal-strings -Os -fno-common '-DPOD_CONFIGURATION_RELEASE=1' '-DCOCOAPODS=1' -isysroot /Applications/Xcode_15.4.app/Contents/Developer/Platforms/iPhoneOS.platform/Developer/SDKs/iPhoneOS17.5.sdk -g -iquote /Users/runner/work/_temp/build/DerivedData/Build/Intermediates.noindex/ArchiveIntermediates/Potatso/IntermediateBuildFilesPath/Pods.build/Release-iphoneos/KissXML.build/KissXML-generated-files.hmap -I/Users/runner/work/_temp/build/DerivedData/Build/Intermediates.noindex/ArchiveIntermediates/Potatso/IntermediateBuildFilesPath/Pods.build/Release-iphoneos/KissXML.build/KissXML-own-target-headers.hmap -I/Users/runner/work/_temp/build/DerivedData/Build/Intermediates.noindex/ArchiveIntermediates/Potatso/IntermediateBuildFilesPath/Pods.build/Release-iphoneos/KissXML.build/KissXML-all-non-framework-target-headers.hmap -ivfsoverlay /Users/runner/work/_temp/build/DerivedData/Build/Intermediates.noindex/ArchiveIntermediates/Potatso/IntermediateBuildFilesPath/Pods.build/Release-iphoneos/KissXML.build/all-product-headers.yaml -iquote /Users/runner/work/_temp/build/DerivedData/Build/Intermediates.noindex/ArchiveIntermediates/Potatso/IntermediateBuildFilesPath/Pods.build/Release-iphoneos/KissXML.build/KissXML-project-headers.hmap -I/Users/runner/work/_temp/build/DerivedData/Build/Intermediates.noindex/ArchiveIntermediates/Potatso/BuildProductsPath/Release-iphoneos/KissXML/include -I/Applications/Xcode_15.4.app/Contents/Developer/Platforms/iPhoneOS.platform/Developer/SDKs/iPhoneOS17.5.sdk/usr/include/libxml2 -I/Users/runner/work/_temp/build/DerivedData/Build/Intermediates.noindex/ArchiveIntermediates/Potatso/IntermediateBuildFilesPath/Pods.build/Release-iphoneos/KissXML.build/DerivedSources-normal/arm64 -I/Users/runner/work/_temp/build/DerivedData/Build/Intermediates.noindex/ArchiveIntermediates/Potatso/IntermediateBuildFilesPath/Pods.build/Release-iphoneos/KissXML.build/DerivedSources/arm64 -I/Users/runner/work/_temp/build/DerivedData/Build/Intermediates.noindex/ArchiveIntermediates/Potatso/IntermediateBuildFilesPath/Pods.build/Release-iphoneos/KissXML.build/DerivedSources -F/Users/runner/work/_temp/build/DerivedData/Build/Intermediates.noindex/ArchiveIntermediates/Potatso/BuildProductsPath/Release-iphoneos/KissXML

WriteAuxiliaryFile /Users/runner/work/_temp/build/DerivedData/Build/Intermediates.noindex/ArchiveIntermediates/Potatso/IntermediateBuildFilesPath/Pods.build/Release-iphoneos/KissXML.build/DerivedSources/KissXML_vers.c (in target 'KissXML' from project 'Pods')
    cd /Users/runner/work/Potatso/Potatso/Pods
    write-file /Users/runner/work/_temp/build/DerivedData/Build/Intermediates.noindex/ArchiveIntermediates/Potatso/IntermediateBuildFilesPath/Pods.build/Release-iphoneos/KissXML.build/DerivedSources/KissXML_vers.c

CpHeader /Users/runner/work/_temp/build/DerivedData/Build/Intermediates.noindex/ArchiveIntermediates/Potatso/IntermediateBuildFilesPath/UninstalledProducts/iphoneos/YAML_Framework.framework/Headers/YAMLSerialization.h /Users/runner/work/Potatso/Potatso/Library/YAML-Framework/YAMLSerialization.h (in target 'YAML-Framework' from project 'Pods')
    cd /Users/runner/work/Potatso/Potatso/Pods
    builtin-copy -exclude .DS_Store -exclude CVS -exclude .svn -exclude .git -exclude .hg -resolve-src-symlinks /Users/runner/work/Potatso/Potatso/Library/YAML-Framework/YAMLSerialization.h /Users/runner/work/_temp/build/DerivedData/Build/Intermediates.noindex/ArchiveIntermediates/Potatso/IntermediateBuildFilesPath/UninstalledProducts/iphoneos/YAML_Framework.framework/Headers

CpHeader /Users/runner/work/_temp/build/DerivedData/Build/Intermediates.noindex/ArchiveIntermediates/Potatso/IntermediateBuildFilesPath/UninstalledProducts/iphoneos/YAML_Framework.framework/Headers/YAML-Framework-umbrella.h /Users/runner/work/Potatso/Potatso/Pods/Target\ Support\ Files/YAML-Framework/YAML-Framework-umbrella.h (in target 'YAML-Framework' from project 'Pods')
    cd /Users/runner/work/Potatso/Potatso/Pods
    builtin-copy -exclude .DS_Store -exclude CVS -exclude .svn -exclude .git -exclude .hg -resolve-src-symlinks /Users/runner/work/Potatso/Potatso/Pods/Target\ Support\ Files/YAML-Framework/YAML-Framework-umbrella.h /Users/runner/work/_temp/build/DerivedData/Build/Intermediates.noindex/ArchiveIntermediates/Potatso/IntermediateBuildFilesPath/UninstalledProducts/iphoneos/YAML_Framework.framework/Headers

WriteAuxiliaryFile /Users/runner/work/_temp/build/DerivedData/Build/Intermediates.noindex/ArchiveIntermediates/Potatso/IntermediateBuildFilesPath/Pods.build/Release-iphoneos/YAML-Framework.build/Objects-normal/arm64/e6072d4f65d7061329687fe24e3d63a7-common-args.resp (in target 'YAML-Framework' from project 'Pods')
    cd /Users/runner/work/Potatso/Potatso/Pods
    write-file /Users/runner/work/_temp/build/DerivedData/Build/Intermediates.noindex/ArchiveIntermediates/Potatso/IntermediateBuildFilesPath/Pods.build/Release-iphoneos/YAML-Framework.build/Objects-normal/arm64/e6072d4f65d7061329687fe24e3d63a7-common-args.resp
-target arm64-apple-ios12.0 '-std=gnu11' -fobjc-arc -fobjc-weak -fmodules -gmodules '-fmodules-cache-path=/Users/runner/work/_temp/build/DerivedData/ModuleCache.noindex' '-fmodule-name=YAML_Framework' -fapplication-extension -fpascal-strings -Os -fno-common '-DPOD_CONFIGURATION_RELEASE=1' '-DCOCOAPODS=1' '-DNS_BLOCK_ASSERTIONS=1' '-DOBJC_OLD_DISPATCH_PROTOTYPES=0' -isysroot /Applications/Xcode_15.4.app/Contents/Developer/Platforms/iPhoneOS.platform/Developer/SDKs/iPhoneOS17.5.sdk -g -iquote /Users/runner/work/_temp/build/DerivedData/Build/Intermediates.noindex/ArchiveIntermediates/Potatso/IntermediateBuildFilesPath/Pods.build/Release-iphoneos/YAML-Framework.build/YAML_Framework-generated-files.hmap -I/Users/runner/work/_temp/build/DerivedData/Build/Intermediates.noindex/ArchiveIntermediates/Potatso/IntermediateBuildFilesPath/Pods.build/Release-iphoneos/YAML-Framework.build/YAML_Framework-own-target-headers.hmap -I/Users/runner/work/_temp/build/DerivedData/Build/Intermediates.noindex/ArchiveIntermediates/Potatso/IntermediateBuildFilesPath/Pods.build/Release-iphoneos/YAML-Framework.build/YAML_Framework-all-non-framework-target-headers.hmap -ivfsoverlay /Users/runner/work/_temp/build/DerivedData/Build/Intermediates.noindex/ArchiveIntermediates/Potatso/IntermediateBuildFilesPath/Pods.build/Release-iphoneos/YAML-Framework.build/all-product-headers.yaml -iquote /Users/runner/work/_temp/build/DerivedData/Build/Intermediates.noindex/ArchiveIntermediates/Potatso/IntermediateBuildFilesPath/Pods.build/Release-iphoneos/YAML-Framework.build/YAML_Framework-project-headers.hmap -I/Users/runner/work/_temp/build/DerivedData/Build/Intermediates.noindex/ArchiveIntermediates/Potatso/BuildProductsPath/Release-iphoneos/YAML-Framework/include -I/Users/runner/work/_temp/build/DerivedData/Build/Intermediates.noindex/ArchiveIntermediates/Potatso/IntermediateBuildFilesPath/Pods.build/Release-iphoneos/YAML-Framework.build/DerivedSources-normal/arm64 -I/Users/runner/work/_temp/build/DerivedData/Build/Intermediates.noindex/ArchiveIntermediates/Potatso/IntermediateBuildFilesPath/Pods.build/Release-iphoneos/YAML-Framework.build/DerivedSources/arm64 -I/Users/runner/work/_temp/build/DerivedData/Build/Intermediates.noindex/ArchiveIntermediates/Potatso/IntermediateBuildFilesPath/Pods.build/Release-iphoneos/YAML-Framework.build/DerivedSources -F/Users/runner/work/_temp/build/DerivedData/Build/Intermediates.noindex/ArchiveIntermediates/Potatso/BuildProductsPath/Release-iphoneos/YAML-Framework -F/Users/runner/work/_temp/build/DerivedData/Build/Intermediates.noindex/ArchiveIntermediates/Potatso/BuildProductsPath/Release-iphoneos/LibYAML

WriteAuxiliaryFile /Users/runner/work/_temp/build/DerivedData/Build/Intermediates.noindex/ArchiveIntermediates/Potatso/IntermediateBuildFilesPath/Pods.build/Release-iphoneos/YAML-Framework.build/Objects-normal/arm64/7187679823f38a2a940e0043cdf9d637-common-args.resp (in target 'YAML-Framework' from project 'Pods')
    cd /Users/runner/work/Potatso/Potatso/Pods
    write-file /Users/runner/work/_temp/build/DerivedData/Build/Intermediates.noindex/ArchiveIntermediates/Potatso/IntermediateBuildFilesPath/Pods.build/Release-iphoneos/YAML-Framework.build/Objects-normal/arm64/7187679823f38a2a940e0043cdf9d637-common-args.resp
-target arm64-apple-ios12.0 '-std=gnu11' -fmodules -gmodules '-fmodules-cache-path=/Users/runner/work/_temp/build/DerivedData/ModuleCache.noindex' '-fmodule-name=YAML_Framework' -fapplication-extension -fpascal-strings -Os -fno-common '-DPOD_CONFIGURATION_RELEASE=1' '-DCOCOAPODS=1' -isysroot /Applications/Xcode_15.4.app/Contents/Developer/Platforms/iPhoneOS.platform/Developer/SDKs/iPhoneOS17.5.sdk -g -iquote /Users/runner/work/_temp/build/DerivedData/Build/Intermediates.noindex/ArchiveIntermediates/Potatso/IntermediateBuildFilesPath/Pods.build/Release-iphoneos/YAML-Framework.build/YAML_Framework-generated-files.hmap -I/Users/runner/work/_temp/build/DerivedData/Build/Intermediates.noindex/ArchiveIntermediates/Potatso/IntermediateBuildFilesPath/Pods.build/Release-iphoneos/YAML-Framework.build/YAML_Framework-own-target-headers.hmap -I/Users/runner/work/_temp/build/DerivedData/Build/Intermediates.noindex/ArchiveIntermediates/Potatso/IntermediateBuildFilesPath/Pods.build/Release-iphoneos/YAML-Framework.build/YAML_Framework-all-non-framework-target-headers.hmap -ivfsoverlay /Users/runner/work/_temp/build/DerivedData/Build/Intermediates.noindex/ArchiveIntermediates/Potatso/IntermediateBuildFilesPath/Pods.build/Release-iphoneos/YAML-Framework.build/all-product-headers.yaml -iquote /Users/runner/work/_temp/build/DerivedData/Build/Intermediates.noindex/ArchiveIntermediates/Potatso/IntermediateBuildFilesPath/Pods.build/Release-iphoneos/YAML-Framework.build/YAML_Framework-project-headers.hmap -I/Users/runner/work/_temp/build/DerivedData/Build/Intermediates.noindex/ArchiveIntermediates/Potatso/BuildProductsPath/Release-iphoneos/YAML-Framework/include -I/Users/runner/work/_temp/build/DerivedData/Build/Intermediates.noindex/ArchiveIntermediates/Potatso/IntermediateBuildFilesPath/Pods.build/Release-iphoneos/YAML-Framework.build/DerivedSources-normal/arm64 -I/Users/runner/work/_temp/build/DerivedData/Build/Intermediates.noindex/ArchiveIntermediates/Potatso/IntermediateBuildFilesPath/Pods.build/Release-iphoneos/YAML-Framework.build/DerivedSources/arm64 -I/Users/runner/work/_temp/build/DerivedData/Build/Intermediates.noindex/ArchiveIntermediates/Potatso/IntermediateBuildFilesPath/Pods.build/Release-iphoneos/YAML-Framework.build/DerivedSources -F/Users/runner/work/_temp/build/DerivedData/Build/Intermediates.noindex/ArchiveIntermediates/Potatso/BuildProductsPath/Release-iphoneos/YAML-Framework -F/Users/runner/work/_temp/build/DerivedData/Build/Intermediates.noindex/ArchiveIntermediates/Potatso/BuildProductsPath/Release-iphoneos/LibYAML

WriteAuxiliaryFile /Users/runner/work/_temp/build/DerivedData/Build/Intermediates.noindex/ArchiveIntermediates/Potatso/IntermediateBuildFilesPath/Pods.build/Release-iphoneos/YAML-Framework.build/DerivedSources/YAML_Framework_vers.c (in target 'YAML-Framework' from project 'Pods')
    cd /Users/runner/work/Potatso/Potatso/Pods
    write-file /Users/runner/work/_temp/build/DerivedData/Build/Intermediates.noindex/ArchiveIntermediates/Potatso/IntermediateBuildFilesPath/Pods.build/Release-iphoneos/YAML-Framework.build/DerivedSources/YAML_Framework_vers.c

CreateBuildDirectory /Users/runner/work/_temp/build/DerivedData/Build/Intermediates.noindex/ArchiveIntermediates/Potatso/BuildProductsPath/Release-iphoneos/ISO8601DateFormatter
    cd /Users/runner/work/Potatso/Potatso
    builtin-create-build-directory /Users/runner/work/_temp/build/DerivedData/Build/Intermediates.noindex/ArchiveIntermediates/Potatso/BuildProductsPath/Release-iphoneos/ISO8601DateFormatter

CreateBuildDirectory /Users/runner/work/_temp/build/DerivedData/Build/Intermediates.noindex/ArchiveIntermediates/Potatso/BuildProductsPath/Release-iphoneos/ICSPullToRefresh
    cd /Users/runner/work/Potatso/Potatso
    builtin-create-build-directory /Users/runner/work/_temp/build/DerivedData/Build/Intermediates.noindex/ArchiveIntermediates/Potatso/BuildProductsPath/Release-iphoneos/ICSPullToRefresh

WriteAuxiliaryFile /Users/runner/work/_temp/build/DerivedData/Build/Intermediates.noindex/ArchiveIntermediates/Potatso/IntermediateBuildFilesPath/Pods.build/Release-iphoneos/KeychainAccess.build/KeychainAccess.hmap (in target 'KeychainAccess' from project 'Pods')
    cd /Users/runner/work/Potatso/Potatso/Pods
    write-file /Users/runner/work/_temp/build/DerivedData/Build/Intermediates.noindex/ArchiveIntermediates/Potatso/IntermediateBuildFilesPath/Pods.build/Release-iphoneos/KeychainAccess.build/KeychainAccess.hmap

WriteAuxiliaryFile /Users/runner/work/_temp/build/DerivedData/Build/Intermediates.noindex/ArchiveIntermediates/Potatso/IntermediateBuildFilesPath/Pods.build/Release-iphoneos/KeychainAccess.build/all-product-headers.yaml (in target 'KeychainAccess' from project 'Pods')
    cd /Users/runner/work/Potatso/Potatso/Pods
    write-file /Users/runner/work/_temp/build/DerivedData/Build/Intermediates.noindex/ArchiveIntermediates/Potatso/IntermediateBuildFilesPath/Pods.build/Release-iphoneos/KeychainAccess.build/all-product-headers.yaml

WriteAuxiliaryFile /Users/runner/work/_temp/build/DerivedData/Build/Intermediates.noindex/ArchiveIntermediates/Potatso/IntermediateBuildFilesPath/Pods.build/Release-iphoneos/KeychainAccess.build/KeychainAccess-project-headers.hmap (in target 'KeychainAccess' from project 'Pods')
    cd /Users/runner/work/Potatso/Potatso/Pods
    write-file /Users/runner/work/_temp/build/DerivedData/Build/Intermediates.noindex/ArchiveIntermediates/Potatso/IntermediateBuildFilesPath/Pods.build/Release-iphoneos/KeychainAccess.build/KeychainAccess-project-headers.hmap

WriteAuxiliaryFile /Users/runner/work/_temp/build/DerivedData/Build/Intermediates.noindex/ArchiveIntermediates/Potatso/IntermediateBuildFilesPath/Pods.build/Release-iphoneos/KeychainAccess.build/KeychainAccess-own-target-headers.hmap (in target 'KeychainAccess' from project 'Pods')
    cd /Users/runner/work/Potatso/Potatso/Pods
    write-file /Users/runner/work/_temp/build/DerivedData/Build/Intermediates.noindex/ArchiveIntermediates/Potatso/IntermediateBuildFilesPath/Pods.build/Release-iphoneos/KeychainAccess.build/KeychainAccess-own-target-headers.hmap

WriteAuxiliaryFile /Users/runner/work/_temp/build/DerivedData/Build/Intermediates.noindex/ArchiveIntermediates/Potatso/IntermediateBuildFilesPath/Pods.build/Release-iphoneos/KeychainAccess.build/KeychainAccess-generated-files.hmap (in target 'KeychainAccess' from project 'Pods')
    cd /Users/runner/work/Potatso/Potatso/Pods
    write-file /Users/runner/work/_temp/build/DerivedData/Build/Intermediates.noindex/ArchiveIntermediates/Potatso/IntermediateBuildFilesPath/Pods.build/Release-iphoneos/KeychainAccess.build/KeychainAccess-generated-files.hmap

WriteAuxiliaryFile /Users/runner/work/_temp/build/DerivedData/Build/Intermediates.noindex/ArchiveIntermediates/Potatso/IntermediateBuildFilesPath/Pods.build/Release-iphoneos/KeychainAccess.build/KeychainAccess-all-target-headers.hmap (in target 'KeychainAccess' from project 'Pods')
    cd /Users/runner/work/Potatso/Potatso/Pods
    write-file /Users/runner/work/_temp/build/DerivedData/Build/Intermediates.noindex/ArchiveIntermediates/Potatso/IntermediateBuildFilesPath/Pods.build/Release-iphoneos/KeychainAccess.build/KeychainAccess-all-target-headers.hmap

WriteAuxiliaryFile /Users/runner/work/_temp/build/DerivedData/Build/Intermediates.noindex/ArchiveIntermediates/Potatso/IntermediateBuildFilesPath/Pods.build/Release-iphoneos/KeychainAccess.build/KeychainAccess-all-non-framework-target-headers.hmap (in target 'KeychainAccess' from project 'Pods')
    cd /Users/runner/work/Potatso/Potatso/Pods
    write-file /Users/runner/work/_temp/build/DerivedData/Build/Intermediates.noindex/ArchiveIntermediates/Potatso/IntermediateBuildFilesPath/Pods.build/Release-iphoneos/KeychainAccess.build/KeychainAccess-all-non-framework-target-headers.hmap

SymLink /Users/runner/work/_temp/build/DerivedData/Build/Intermediates.noindex/ArchiveIntermediates/Potatso/BuildProductsPath/Release-iphoneos/ISO8601DateFormatter/ISO8601DateFormatter.framework ../../../IntermediateBuildFilesPath/UninstalledProducts/iphoneos/ISO8601DateFormatter.framework (in target 'ISO8601DateFormatter' from project 'Pods')
    cd /Users/runner/work/Potatso/Potatso/Pods
    /bin/ln -sfh ../../../IntermediateBuildFilesPath/UninstalledProducts/iphoneos/ISO8601DateFormatter.framework /Users/runner/work/_temp/build/DerivedData/Build/Intermediates.noindex/ArchiveIntermediates/Potatso/BuildProductsPath/Release-iphoneos/ISO8601DateFormatter/ISO8601DateFormatter.framework

MkDir /Users/runner/work/_temp/build/DerivedData/Build/Intermediates.noindex/ArchiveIntermediates/Potatso/IntermediateBuildFilesPath/UninstalledProducts/iphoneos/ISO8601DateFormatter.framework/Headers (in target 'ISO8601DateFormatter' from project 'Pods')
    cd /Users/runner/work/Potatso/Potatso/Pods
    /bin/mkdir -p /Users/runner/work/_temp/build/DerivedData/Build/Intermediates.noindex/ArchiveIntermediates/Potatso/IntermediateBuildFilesPath/UninstalledProducts/iphoneos/ISO8601DateFormatter.framework/Headers

MkDir /Users/runner/work/_temp/build/DerivedData/Build/Intermediates.noindex/ArchiveIntermediates/Potatso/IntermediateBuildFilesPath/UninstalledProducts/iphoneos/ISO8601DateFormatter.framework (in target 'ISO8601DateFormatter' from project 'Pods')
    cd /Users/runner/work/Potatso/Potatso/Pods
    /bin/mkdir -p /Users/runner/work/_temp/build/DerivedData/Build/Intermediates.noindex/ArchiveIntermediates/Potatso/IntermediateBuildFilesPath/UninstalledProducts/iphoneos/ISO8601DateFormatter.framework

SymLink /Users/runner/work/_temp/build/DerivedData/Build/Intermediates.noindex/ArchiveIntermediates/Potatso/BuildProductsPath/Release-iphoneos/ICSPullToRefresh/ICSPullToRefresh.framework ../../../IntermediateBuildFilesPath/UninstalledProducts/iphoneos/ICSPullToRefresh.framework (in target 'ICSPullToRefresh' from project 'Pods')
    cd /Users/runner/work/Potatso/Potatso/Pods
    /bin/ln -sfh ../../../IntermediateBuildFilesPath/UninstalledProducts/iphoneos/ICSPullToRefresh.framework /Users/runner/work/_temp/build/DerivedData/Build/Intermediates.noindex/ArchiveIntermediates/Potatso/BuildProductsPath/Release-iphoneos/ICSPullToRefresh/ICSPullToRefresh.framework

MkDir /Users/runner/work/_temp/build/DerivedData/Build/Intermediates.noindex/ArchiveIntermediates/Potatso/IntermediateBuildFilesPath/UninstalledProducts/iphoneos/ICSPullToRefresh.framework/Headers (in target 'ICSPullToRefresh' from project 'Pods')
    cd /Users/runner/work/Potatso/Potatso/Pods
    /bin/mkdir -p /Users/runner/work/_temp/build/DerivedData/Build/Intermediates.noindex/ArchiveIntermediates/Potatso/IntermediateBuildFilesPath/UninstalledProducts/iphoneos/ICSPullToRefresh.framework/Headers

WriteAuxiliaryFile /Users/runner/work/_temp/build/DerivedData/Build/Intermediates.noindex/ArchiveIntermediates/Potatso/IntermediateBuildFilesPath/Pods.build/Release-iphoneos/KeychainAccess.build/unextended-module.modulemap (in target 'KeychainAccess' from project 'Pods')
    cd /Users/runner/work/Potatso/Potatso/Pods
    write-file /Users/runner/work/_temp/build/DerivedData/Build/Intermediates.noindex/ArchiveIntermediates/Potatso/IntermediateBuildFilesPath/Pods.build/Release-iphoneos/KeychainAccess.build/unextended-module.modulemap

WriteAuxiliaryFile /Users/runner/work/_temp/build/DerivedData/Build/Intermediates.noindex/ArchiveIntermediates/Potatso/IntermediateBuildFilesPath/Pods.build/Release-iphoneos/KeychainAccess.build/unextended-module-overlay.yaml (in target 'KeychainAccess' from project 'Pods')
    cd /Users/runner/work/Potatso/Potatso/Pods
    write-file /Users/runner/work/_temp/build/DerivedData/Build/Intermediates.noindex/ArchiveIntermediates/Potatso/IntermediateBuildFilesPath/Pods.build/Release-iphoneos/KeychainAccess.build/unextended-module-overlay.yaml

WriteAuxiliaryFile /Users/runner/work/_temp/build/DerivedData/Build/Intermediates.noindex/ArchiveIntermediates/Potatso/IntermediateBuildFilesPath/Pods.build/Release-iphoneos/KeychainAccess.build/module.modulemap (in target 'KeychainAccess' from project 'Pods')
    cd /Users/runner/work/Potatso/Potatso/Pods
    write-file /Users/runner/work/_temp/build/DerivedData/Build/Intermediates.noindex/ArchiveIntermediates/Potatso/IntermediateBuildFilesPath/Pods.build/Release-iphoneos/KeychainAccess.build/module.modulemap

MkDir /Users/runner/work/_temp/build/DerivedData/Build/Intermediates.noindex/ArchiveIntermediates/Potatso/IntermediateBuildFilesPath/UninstalledProducts/iphoneos/ICSPullToRefresh.framework (in target 'ICSPullToRefresh' from project 'Pods')
    cd /Users/runner/work/Potatso/Potatso/Pods
    /bin/mkdir -p /Users/runner/work/_temp/build/DerivedData/Build/Intermediates.noindex/ArchiveIntermediates/Potatso/IntermediateBuildFilesPath/UninstalledProducts/iphoneos/ICSPullToRefresh.framework

Copy /Users/runner/work/_temp/build/DerivedData/Build/Intermediates.noindex/ArchiveIntermediates/Potatso/IntermediateBuildFilesPath/UninstalledProducts/iphoneos/KeychainAccess.framework/Modules/module.modulemap /Users/runner/work/_temp/build/DerivedData/Build/Intermediates.noindex/ArchiveIntermediates/Potatso/IntermediateBuildFilesPath/Pods.build/Release-iphoneos/KeychainAccess.build/module.modulemap (in target 'KeychainAccess' from project 'Pods')
    cd /Users/runner/work/Potatso/Potatso/Pods
    builtin-copy -exclude .DS_Store -exclude CVS -exclude .svn -exclude .git -exclude .hg -resolve-src-symlinks /Users/runner/work/_temp/build/DerivedData/Build/Intermediates.noindex/ArchiveIntermediates/Potatso/IntermediateBuildFilesPath/Pods.build/Release-iphoneos/KeychainAccess.build/module.modulemap /Users/runner/work/_temp/build/DerivedData/Build/Intermediates.noindex/ArchiveIntermediates/Potatso/IntermediateBuildFilesPath/UninstalledProducts/iphoneos/KeychainAccess.framework/Modules

WriteAuxiliaryFile /Users/runner/work/_temp/build/DerivedData/Build/Intermediates.noindex/ArchiveIntermediates/Potatso/IntermediateBuildFilesPath/Pods.build/Release-iphoneos/ISO8601DateFormatter.build/all-product-headers.yaml (in target 'ISO8601DateFormatter' from project 'Pods')
    cd /Users/runner/work/Potatso/Potatso/Pods
    write-file /Users/runner/work/_temp/build/DerivedData/Build/Intermediates.noindex/ArchiveIntermediates/Potatso/IntermediateBuildFilesPath/Pods.build/Release-iphoneos/ISO8601DateFormatter.build/all-product-headers.yaml

WriteAuxiliaryFile /Users/runner/work/_temp/build/DerivedData/Build/Intermediates.noindex/ArchiveIntermediates/Potatso/IntermediateBuildFilesPath/Pods.build/Release-iphoneos/ISO8601DateFormatter.build/ISO8601DateFormatter.hmap (in target 'ISO8601DateFormatter' from project 'Pods')
    cd /Users/runner/work/Potatso/Potatso/Pods
    write-file /Users/runner/work/_temp/build/DerivedData/Build/Intermediates.noindex/ArchiveIntermediates/Potatso/IntermediateBuildFilesPath/Pods.build/Release-iphoneos/ISO8601DateFormatter.build/ISO8601DateFormatter.hmap

WriteAuxiliaryFile /Users/runner/work/_temp/build/DerivedData/Build/Intermediates.noindex/ArchiveIntermediates/Potatso/IntermediateBuildFilesPath/Pods.build/Release-iphoneos/ISO8601DateFormatter.build/ISO8601DateFormatter-project-headers.hmap (in target 'ISO8601DateFormatter' from project 'Pods')
    cd /Users/runner/work/Potatso/Potatso/Pods
    write-file /Users/runner/work/_temp/build/DerivedData/Build/Intermediates.noindex/ArchiveIntermediates/Potatso/IntermediateBuildFilesPath/Pods.build/Release-iphoneos/ISO8601DateFormatter.build/ISO8601DateFormatter-project-headers.hmap

WriteAuxiliaryFile /Users/runner/work/_temp/build/DerivedData/Build/Intermediates.noindex/ArchiveIntermediates/Potatso/IntermediateBuildFilesPath/Pods.build/Release-iphoneos/ISO8601DateFormatter.build/ISO8601DateFormatter-own-target-headers.hmap (in target 'ISO8601DateFormatter' from project 'Pods')
    cd /Users/runner/work/Potatso/Potatso/Pods
    write-file /Users/runner/work/_temp/build/DerivedData/Build/Intermediates.noindex/ArchiveIntermediates/Potatso/IntermediateBuildFilesPath/Pods.build/Release-iphoneos/ISO8601DateFormatter.build/ISO8601DateFormatter-own-target-headers.hmap

WriteAuxiliaryFile /Users/runner/work/_temp/build/DerivedData/Build/Intermediates.noindex/ArchiveIntermediates/Potatso/IntermediateBuildFilesPath/Pods.build/Release-iphoneos/ISO8601DateFormatter.build/ISO8601DateFormatter-generated-files.hmap (in target 'ISO8601DateFormatter' from project 'Pods')
    cd /Users/runner/work/Potatso/Potatso/Pods
    write-file /Users/runner/work/_temp/build/DerivedData/Build/Intermediates.noindex/ArchiveIntermediates/Potatso/IntermediateBuildFilesPath/Pods.build/Release-iphoneos/ISO8601DateFormatter.build/ISO8601DateFormatter-generated-files.hmap

WriteAuxiliaryFile /Users/runner/work/_temp/build/DerivedData/Build/Intermediates.noindex/ArchiveIntermediates/Potatso/IntermediateBuildFilesPath/Pods.build/Release-iphoneos/ISO8601DateFormatter.build/ISO8601DateFormatter-all-target-headers.hmap (in target 'ISO8601DateFormatter' from project 'Pods')
    cd /Users/runner/work/Potatso/Potatso/Pods
    write-file /Users/runner/work/_temp/build/DerivedData/Build/Intermediates.noindex/ArchiveIntermediates/Potatso/IntermediateBuildFilesPath/Pods.build/Release-iphoneos/ISO8601DateFormatter.build/ISO8601DateFormatter-all-target-headers.hmap

WriteAuxiliaryFile /Users/runner/work/_temp/build/DerivedData/Build/Intermediates.noindex/ArchiveIntermediates/Potatso/IntermediateBuildFilesPath/Pods.build/Release-iphoneos/ISO8601DateFormatter.build/ISO8601DateFormatter-all-non-framework-target-headers.hmap (in target 'ISO8601DateFormatter' from project 'Pods')
    cd /Users/runner/work/Potatso/Potatso/Pods
    write-file /Users/runner/work/_temp/build/DerivedData/Build/Intermediates.noindex/ArchiveIntermediates/Potatso/IntermediateBuildFilesPath/Pods.build/Release-iphoneos/ISO8601DateFormatter.build/ISO8601DateFormatter-all-non-framework-target-headers.hmap

CreateBuildDirectory /Users/runner/work/_temp/build/DerivedData/Build/Intermediates.noindex/ArchiveIntermediates/Potatso/BuildProductsPath/Release-iphoneos/ICSMainFramework
    cd /Users/runner/work/Potatso/Potatso
    builtin-create-build-directory /Users/runner/work/_temp/build/DerivedData/Build/Intermediates.noindex/ArchiveIntermediates/Potatso/BuildProductsPath/Release-iphoneos/ICSMainFramework

CpHeader /Users/runner/work/_temp/build/DerivedData/Build/Intermediates.noindex/ArchiveIntermediates/Potatso/IntermediateBuildFilesPath/UninstalledProducts/iphoneos/KeychainAccess.framework/Headers/KeychainAccess-umbrella.h /Users/runner/work/Potatso/Potatso/Pods/Target\ Support\ Files/KeychainAccess/KeychainAccess-umbrella.h (in target 'KeychainAccess' from project 'Pods')
    cd /Users/runner/work/Potatso/Potatso/Pods
    builtin-copy -exclude .DS_Store -exclude CVS -exclude .svn -exclude .git -exclude .hg -resolve-src-symlinks /Users/runner/work/Potatso/Potatso/Pods/Target\ Support\ Files/KeychainAccess/KeychainAccess-umbrella.h /Users/runner/work/_temp/build/DerivedData/Build/Intermediates.noindex/ArchiveIntermediates/Potatso/IntermediateBuildFilesPath/UninstalledProducts/iphoneos/KeychainAccess.framework/Headers

ProcessInfoPlistFile /Users/runner/work/_temp/build/DerivedData/Build/Intermediates.noindex/ArchiveIntermediates/Potatso/IntermediateBuildFilesPath/UninstalledProducts/iphoneos/KeychainAccess.framework/Info.plist /Users/runner/work/Potatso/Potatso/Pods/Target\ Support\ Files/KeychainAccess/KeychainAccess-Info.plist (in target 'KeychainAccess' from project 'Pods')
    cd /Users/runner/work/Potatso/Potatso/Pods
    builtin-infoPlistUtility /Users/runner/work/Potatso/Potatso/Pods/Target\ Support\ Files/KeychainAccess/KeychainAccess-Info.plist -producttype com.apple.product-type.framework -expandbuildsettings -format binary -platform iphoneos -requiredArchitecture arm64 -o /Users/runner/work/_temp/build/DerivedData/Build/Intermediates.noindex/ArchiveIntermediates/Potatso/IntermediateBuildFilesPath/UninstalledProducts/iphoneos/KeychainAccess.framework/Info.plist

WriteAuxiliaryFile /Users/runner/work/_temp/build/DerivedData/Build/Intermediates.noindex/ArchiveIntermediates/Potatso/IntermediateBuildFilesPath/Pods.build/Release-iphoneos/ISO8601DateFormatter.build/module.modulemap (in target 'ISO8601DateFormatter' from project 'Pods')
    cd /Users/runner/work/Potatso/Potatso/Pods
    write-file /Users/runner/work/_temp/build/DerivedData/Build/Intermediates.noindex/ArchiveIntermediates/Potatso/IntermediateBuildFilesPath/Pods.build/Release-iphoneos/ISO8601DateFormatter.build/module.modulemap

SymLink /Users/runner/work/_temp/build/DerivedData/Build/Intermediates.noindex/ArchiveIntermediates/Potatso/BuildProductsPath/Release-iphoneos/ICSMainFramework/ICSMainFramework.framework ../../../IntermediateBuildFilesPath/UninstalledProducts/iphoneos/ICSMainFramework.framework (in target 'ICSMainFramework' from project 'Pods')
    cd /Users/runner/work/Potatso/Potatso/Pods
    /bin/ln -sfh ../../../IntermediateBuildFilesPath/UninstalledProducts/iphoneos/ICSMainFramework.framework /Users/runner/work/_temp/build/DerivedData/Build/Intermediates.noindex/ArchiveIntermediates/Potatso/BuildProductsPath/Release-iphoneos/ICSMainFramework/ICSMainFramework.framework

WriteAuxiliaryFile /Users/runner/work/_temp/build/DerivedData/Build/Intermediates.noindex/ArchiveIntermediates/Potatso/IntermediateBuildFilesPath/Pods.build/Release-iphoneos/KeychainAccess.build/Objects-normal/arm64/KeychainAccess.LinkFileList (in target 'KeychainAccess' from project 'Pods')
    cd /Users/runner/work/Potatso/Potatso/Pods
    write-file /Users/runner/work/_temp/build/DerivedData/Build/Intermediates.noindex/ArchiveIntermediates/Potatso/IntermediateBuildFilesPath/Pods.build/Release-iphoneos/KeychainAccess.build/Objects-normal/arm64/KeychainAccess.LinkFileList

Copy /Users/runner/work/_temp/build/DerivedData/Build/Intermediates.noindex/ArchiveIntermediates/Potatso/IntermediateBuildFilesPath/UninstalledProducts/iphoneos/ISO8601DateFormatter.framework/Modules/module.modulemap /Users/runner/work/_temp/build/DerivedData/Build/Intermediates.noindex/ArchiveIntermediates/Potatso/IntermediateBuildFilesPath/Pods.build/Release-iphoneos/ISO8601DateFormatter.build/module.modulemap (in target 'ISO8601DateFormatter' from project 'Pods')
    cd /Users/runner/work/Potatso/Potatso/Pods
    builtin-copy -exclude .DS_Store -exclude CVS -exclude .svn -exclude .git -exclude .hg -resolve-src-symlinks /Users/runner/work/_temp/build/DerivedData/Build/Intermediates.noindex/ArchiveIntermediates/Potatso/IntermediateBuildFilesPath/Pods.build/Release-iphoneos/ISO8601DateFormatter.build/module.modulemap /Users/runner/work/_temp/build/DerivedData/Build/Intermediates.noindex/ArchiveIntermediates/Potatso/IntermediateBuildFilesPath/UninstalledProducts/iphoneos/ISO8601DateFormatter.framework/Modules

WriteAuxiliaryFile /Users/runner/work/_temp/build/DerivedData/Build/Intermediates.noindex/ArchiveIntermediates/Potatso/IntermediateBuildFilesPath/Pods.build/Release-iphoneos/KeychainAccess.build/Objects-normal/arm64/e6072d4f65d7061329687fe24e3d63a7-common-args.resp (in target 'KeychainAccess' from project 'Pods')
    cd /Users/runner/work/Potatso/Potatso/Pods
    write-file /Users/runner/work/_temp/build/DerivedData/Build/Intermediates.noindex/ArchiveIntermediates/Potatso/IntermediateBuildFilesPath/Pods.build/Release-iphoneos/KeychainAccess.build/Objects-normal/arm64/e6072d4f65d7061329687fe24e3d63a7-common-args.resp
-target arm64-apple-ios12.0 '-std=gnu11' -fobjc-arc -fobjc-weak -fmodules -gmodules '-fmodules-cache-path=/Users/runner/work/_temp/build/DerivedData/ModuleCache.noindex' '-fmodule-name=KeychainAccess' -fapplication-extension -fpascal-strings -Os -fno-common '-DPOD_CONFIGURATION_RELEASE=1' '-DCOCOAPODS=1' '-DNS_BLOCK_ASSERTIONS=1' '-DOBJC_OLD_DISPATCH_PROTOTYPES=0' -isysroot /Applications/Xcode_15.4.app/Contents/Developer/Platforms/iPhoneOS.platform/Developer/SDKs/iPhoneOS17.5.sdk -g -iquote /Users/runner/work/_temp/build/DerivedData/Build/Intermediates.noindex/ArchiveIntermediates/Potatso/IntermediateBuildFilesPath/Pods.build/Release-iphoneos/KeychainAccess.build/KeychainAccess-generated-files.hmap -I/Users/runner/work/_temp/build/DerivedData/Build/Intermediates.noindex/ArchiveIntermediates/Potatso/IntermediateBuildFilesPath/Pods.build/Release-iphoneos/KeychainAccess.build/KeychainAccess-own-target-headers.hmap -I/Users/runner/work/_temp/build/DerivedData/Build/Intermediates.noindex/ArchiveIntermediates/Potatso/IntermediateBuildFilesPath/Pods.build/Release-iphoneos/KeychainAccess.build/KeychainAccess-all-non-framework-target-headers.hmap -ivfsoverlay /Users/runner/work/_temp/build/DerivedData/Build/Intermediates.noindex/ArchiveIntermediates/Potatso/IntermediateBuildFilesPath/Pods.build/Release-iphoneos/KeychainAccess.build/all-product-headers.yaml -iquote /Users/runner/work/_temp/build/DerivedData/Build/Intermediates.noindex/ArchiveIntermediates/Potatso/IntermediateBuildFilesPath/Pods.build/Release-iphoneos/KeychainAccess.build/KeychainAccess-project-headers.hmap -I/Users/runner/work/_temp/build/DerivedData/Build/Intermediates.noindex/ArchiveIntermediates/Potatso/BuildProductsPath/Release-iphoneos/KeychainAccess/include -I/Users/runner/work/_temp/build/DerivedData/Build/Intermediates.noindex/ArchiveIntermediates/Potatso/IntermediateBuildFilesPath/Pods.build/Release-iphoneos/KeychainAccess.build/DerivedSources-normal/arm64 -I/Users/runner/work/_temp/build/DerivedData/Build/Intermediates.noindex/ArchiveIntermediates/Potatso/IntermediateBuildFilesPath/Pods.build/Release-iphoneos/KeychainAccess.build/DerivedSources/arm64 -I/Users/runner/work/_temp/build/DerivedData/Build/Intermediates.noindex/ArchiveIntermediates/Potatso/IntermediateBuildFilesPath/Pods.build/Release-iphoneos/KeychainAccess.build/DerivedSources -F/Users/runner/work/_temp/build/DerivedData/Build/Intermediates.noindex/ArchiveIntermediates/Potatso/BuildProductsPath/Release-iphoneos/KeychainAccess

WriteAuxiliaryFile /Users/runner/work/_temp/build/DerivedData/Build/Intermediates.noindex/ArchiveIntermediates/Potatso/IntermediateBuildFilesPath/Pods.build/Release-iphoneos/KeychainAccess.build/Objects-normal/arm64/KeychainAccess_const_extract_protocols.json (in target 'KeychainAccess' from project 'Pods')
    cd /Users/runner/work/Potatso/Potatso/Pods
    write-file /Users/runner/work/_temp/build/DerivedData/Build/Intermediates.noindex/ArchiveIntermediates/Potatso/IntermediateBuildFilesPath/Pods.build/Release-iphoneos/KeychainAccess.build/Objects-normal/arm64/KeychainAccess_const_extract_protocols.json

WriteAuxiliaryFile /Users/runner/work/_temp/build/DerivedData/Build/Intermediates.noindex/ArchiveIntermediates/Potatso/IntermediateBuildFilesPath/Pods.build/Release-iphoneos/KeychainAccess.build/Objects-normal/arm64/KeychainAccess.SwiftFileList (in target 'KeychainAccess' from project 'Pods')
    cd /Users/runner/work/Potatso/Potatso/Pods
    write-file /Users/runner/work/_temp/build/DerivedData/Build/Intermediates.noindex/ArchiveIntermediates/Potatso/IntermediateBuildFilesPath/Pods.build/Release-iphoneos/KeychainAccess.build/Objects-normal/arm64/KeychainAccess.SwiftFileList

WriteAuxiliaryFile /Users/runner/work/_temp/build/DerivedData/Build/Intermediates.noindex/ArchiveIntermediates/Potatso/IntermediateBuildFilesPath/Pods.build/Release-iphoneos/KeychainAccess.build/Objects-normal/arm64/KeychainAccess-OutputFileMap.json (in target 'KeychainAccess' from project 'Pods')
    cd /Users/runner/work/Potatso/Potatso/Pods
    write-file /Users/runner/work/_temp/build/DerivedData/Build/Intermediates.noindex/ArchiveIntermediates/Potatso/IntermediateBuildFilesPath/Pods.build/Release-iphoneos/KeychainAccess.build/Objects-normal/arm64/KeychainAccess-OutputFileMap.json

WriteAuxiliaryFile /Users/runner/work/_temp/build/DerivedData/Build/Intermediates.noindex/ArchiveIntermediates/Potatso/IntermediateBuildFilesPath/Pods.build/Release-iphoneos/KeychainAccess.build/Objects-normal/arm64/7187679823f38a2a940e0043cdf9d637-common-args.resp (in target 'KeychainAccess' from project 'Pods')
    cd /Users/runner/work/Potatso/Potatso/Pods
    write-file /Users/runner/work/_temp/build/DerivedData/Build/Intermediates.noindex/ArchiveIntermediates/Potatso/IntermediateBuildFilesPath/Pods.build/Release-iphoneos/KeychainAccess.build/Objects-normal/arm64/7187679823f38a2a940e0043cdf9d637-common-args.resp
-target arm64-apple-ios12.0 '-std=gnu11' -fmodules -gmodules '-fmodules-cache-path=/Users/runner/work/_temp/build/DerivedData/ModuleCache.noindex' '-fmodule-name=KeychainAccess' -fapplication-extension -fpascal-strings -Os -fno-common '-DPOD_CONFIGURATION_RELEASE=1' '-DCOCOAPODS=1' -isysroot /Applications/Xcode_15.4.app/Contents/Developer/Platforms/iPhoneOS.platform/Developer/SDKs/iPhoneOS17.5.sdk -g -iquote /Users/runner/work/_temp/build/DerivedData/Build/Intermediates.noindex/ArchiveIntermediates/Potatso/IntermediateBuildFilesPath/Pods.build/Release-iphoneos/KeychainAccess.build/KeychainAccess-generated-files.hmap -I/Users/runner/work/_temp/build/DerivedData/Build/Intermediates.noindex/ArchiveIntermediates/Potatso/IntermediateBuildFilesPath/Pods.build/Release-iphoneos/KeychainAccess.build/KeychainAccess-own-target-headers.hmap -I/Users/runner/work/_temp/build/DerivedData/Build/Intermediates.noindex/ArchiveIntermediates/Potatso/IntermediateBuildFilesPath/Pods.build/Release-iphoneos/KeychainAccess.build/KeychainAccess-all-non-framework-target-headers.hmap -ivfsoverlay /Users/runner/work/_temp/build/DerivedData/Build/Intermediates.noindex/ArchiveIntermediates/Potatso/IntermediateBuildFilesPath/Pods.build/Release-iphoneos/KeychainAccess.build/all-product-headers.yaml -iquote /Users/runner/work/_temp/build/DerivedData/Build/Intermediates.noindex/ArchiveIntermediates/Potatso/IntermediateBuildFilesPath/Pods.build/Release-iphoneos/KeychainAccess.build/KeychainAccess-project-headers.hmap -I/Users/runner/work/_temp/build/DerivedData/Build/Intermediates.noindex/ArchiveIntermediates/Potatso/BuildProductsPath/Release-iphoneos/KeychainAccess/include -I/Users/runner/work/_temp/build/DerivedData/Build/Intermediates.noindex/ArchiveIntermediates/Potatso/IntermediateBuildFilesPath/Pods.build/Release-iphoneos/KeychainAccess.build/DerivedSources-normal/arm64 -I/Users/runner/work/_temp/build/DerivedData/Build/Intermediates.noindex/ArchiveIntermediates/Potatso/IntermediateBuildFilesPath/Pods.build/Release-iphoneos/KeychainAccess.build/DerivedSources/arm64 -I/Users/runner/work/_temp/build/DerivedData/Build/Intermediates.noindex/ArchiveIntermediates/Potatso/IntermediateBuildFilesPath/Pods.build/Release-iphoneos/KeychainAccess.build/DerivedSources -F/Users/runner/work/_temp/build/DerivedData/Build/Intermediates.noindex/ArchiveIntermediates/Potatso/BuildProductsPath/Release-iphoneos/KeychainAccess

WriteAuxiliaryFile /Users/runner/work/_temp/build/DerivedData/Build/Intermediates.noindex/ArchiveIntermediates/Potatso/IntermediateBuildFilesPath/Pods.build/Release-iphoneos/KeychainAccess.build/DerivedSources/KeychainAccess_vers.c (in target 'KeychainAccess' from project 'Pods')
    cd /Users/runner/work/Potatso/Potatso/Pods
    write-file /Users/runner/work/_temp/build/DerivedData/Build/Intermediates.noindex/ArchiveIntermediates/Potatso/IntermediateBuildFilesPath/Pods.build/Release-iphoneos/KeychainAccess.build/DerivedSources/KeychainAccess_vers.c

MkDir /Users/runner/work/_temp/build/DerivedData/Build/Intermediates.noindex/ArchiveIntermediates/Potatso/IntermediateBuildFilesPath/UninstalledProducts/iphoneos/ICSMainFramework.framework/Headers (in target 'ICSMainFramework' from project 'Pods')
    cd /Users/runner/work/Potatso/Potatso/Pods
    /bin/mkdir -p /Users/runner/work/_temp/build/DerivedData/Build/Intermediates.noindex/ArchiveIntermediates/Potatso/IntermediateBuildFilesPath/UninstalledProducts/iphoneos/ICSMainFramework.framework/Headers

MkDir /Users/runner/work/_temp/build/DerivedData/Build/Intermediates.noindex/ArchiveIntermediates/Potatso/IntermediateBuildFilesPath/UninstalledProducts/iphoneos/ICSMainFramework.framework (in target 'ICSMainFramework' from project 'Pods')
    cd /Users/runner/work/Potatso/Potatso/Pods
    /bin/mkdir -p /Users/runner/work/_temp/build/DerivedData/Build/Intermediates.noindex/ArchiveIntermediates/Potatso/IntermediateBuildFilesPath/UninstalledProducts/iphoneos/ICSMainFramework.framework

WriteAuxiliaryFile /Users/runner/work/_temp/build/DerivedData/Build/Intermediates.noindex/ArchiveIntermediates/Potatso/IntermediateBuildFilesPath/Pods.build/Release-iphoneos/ICSPullToRefresh.build/all-product-headers.yaml (in target 'ICSPullToRefresh' from project 'Pods')
    cd /Users/runner/work/Potatso/Potatso/Pods
    write-file /Users/runner/work/_temp/build/DerivedData/Build/Intermediates.noindex/ArchiveIntermediates/Potatso/IntermediateBuildFilesPath/Pods.build/Release-iphoneos/ICSPullToRefresh.build/all-product-headers.yaml

WriteAuxiliaryFile /Users/runner/work/_temp/build/DerivedData/Build/Intermediates.noindex/ArchiveIntermediates/Potatso/IntermediateBuildFilesPath/Pods.build/Release-iphoneos/ICSPullToRefresh.build/ICSPullToRefresh.hmap (in target 'ICSPullToRefresh' from project 'Pods')
    cd /Users/runner/work/Potatso/Potatso/Pods
    write-file /Users/runner/work/_temp/build/DerivedData/Build/Intermediates.noindex/ArchiveIntermediates/Potatso/IntermediateBuildFilesPath/Pods.build/Release-iphoneos/ICSPullToRefresh.build/ICSPullToRefresh.hmap

WriteAuxiliaryFile /Users/runner/work/_temp/build/DerivedData/Build/Intermediates.noindex/ArchiveIntermediates/Potatso/IntermediateBuildFilesPath/Pods.build/Release-iphoneos/ICSPullToRefresh.build/ICSPullToRefresh-project-headers.hmap (in target 'ICSPullToRefresh' from project 'Pods')
    cd /Users/runner/work/Potatso/Potatso/Pods
    write-file /Users/runner/work/_temp/build/DerivedData/Build/Intermediates.noindex/ArchiveIntermediates/Potatso/IntermediateBuildFilesPath/Pods.build/Release-iphoneos/ICSPullToRefresh.build/ICSPullToRefresh-project-headers.hmap

WriteAuxiliaryFile /Users/runner/work/_temp/build/DerivedData/Build/Intermediates.noindex/ArchiveIntermediates/Potatso/IntermediateBuildFilesPath/Pods.build/Release-iphoneos/ICSPullToRefresh.build/ICSPullToRefresh-own-target-headers.hmap (in target 'ICSPullToRefresh' from project 'Pods')
    cd /Users/runner/work/Potatso/Potatso/Pods
    write-file /Users/runner/work/_temp/build/DerivedData/Build/Intermediates.noindex/ArchiveIntermediates/Potatso/IntermediateBuildFilesPath/Pods.build/Release-iphoneos/ICSPullToRefresh.build/ICSPullToRefresh-own-target-headers.hmap

WriteAuxiliaryFile /Users/runner/work/_temp/build/DerivedData/Build/Intermediates.noindex/ArchiveIntermediates/Potatso/IntermediateBuildFilesPath/Pods.build/Release-iphoneos/ICSPullToRefresh.build/ICSPullToRefresh-generated-files.hmap (in target 'ICSPullToRefresh' from project 'Pods')
    cd /Users/runner/work/Potatso/Potatso/Pods
    write-file /Users/runner/work/_temp/build/DerivedData/Build/Intermediates.noindex/ArchiveIntermediates/Potatso/IntermediateBuildFilesPath/Pods.build/Release-iphoneos/ICSPullToRefresh.build/ICSPullToRefresh-generated-files.hmap

WriteAuxiliaryFile /Users/runner/work/_temp/build/DerivedData/Build/Intermediates.noindex/ArchiveIntermediates/Potatso/IntermediateBuildFilesPath/Pods.build/Release-iphoneos/ICSPullToRefresh.build/ICSPullToRefresh-all-target-headers.hmap (in target 'ICSPullToRefresh' from project 'Pods')
    cd /Users/runner/work/Potatso/Potatso/Pods
    write-file /Users/runner/work/_temp/build/DerivedData/Build/Intermediates.noindex/ArchiveIntermediates/Potatso/IntermediateBuildFilesPath/Pods.build/Release-iphoneos/ICSPullToRefresh.build/ICSPullToRefresh-all-target-headers.hmap

WriteAuxiliaryFile /Users/runner/work/_temp/build/DerivedData/Build/Intermediates.noindex/ArchiveIntermediates/Potatso/IntermediateBuildFilesPath/Pods.build/Release-iphoneos/ICSPullToRefresh.build/ICSPullToRefresh-all-non-framework-target-headers.hmap (in target 'ICSPullToRefresh' from project 'Pods')
    cd /Users/runner/work/Potatso/Potatso/Pods
    write-file /Users/runner/work/_temp/build/DerivedData/Build/Intermediates.noindex/ArchiveIntermediates/Potatso/IntermediateBuildFilesPath/Pods.build/Release-iphoneos/ICSPullToRefresh.build/ICSPullToRefresh-all-non-framework-target-headers.hmap

CreateBuildDirectory /Users/runner/work/_temp/build/DerivedData/Build/Intermediates.noindex/ArchiveIntermediates/Potatso/BuildProductsPath/Release-iphoneos/ICDMaterialActivityIndicatorView
    cd /Users/runner/work/Potatso/Potatso
    builtin-create-build-directory /Users/runner/work/_temp/build/DerivedData/Build/Intermediates.noindex/ArchiveIntermediates/Potatso/BuildProductsPath/Release-iphoneos/ICDMaterialActivityIndicatorView

CpHeader /Users/runner/work/_temp/build/DerivedData/Build/Intermediates.noindex/ArchiveIntermediates/Potatso/IntermediateBuildFilesPath/UninstalledProducts/iphoneos/ISO8601DateFormatter.framework/Headers/ISO8601DateFormatter.h /Users/runner/work/Potatso/Potatso/Pods/ISO8601DateFormatter/ISO8601DateFormatter.h (in target 'ISO8601DateFormatter' from project 'Pods')
    cd /Users/runner/work/Potatso/Potatso/Pods
    builtin-copy -exclude .DS_Store -exclude CVS -exclude .svn -exclude .git -exclude .hg -resolve-src-symlinks /Users/runner/work/Potatso/Potatso/Pods/ISO8601DateFormatter/ISO8601DateFormatter.h /Users/runner/work/_temp/build/DerivedData/Build/Intermediates.noindex/ArchiveIntermediates/Potatso/IntermediateBuildFilesPath/UninstalledProducts/iphoneos/ISO8601DateFormatter.framework/Headers

CpHeader /Users/runner/work/_temp/build/DerivedData/Build/Intermediates.noindex/ArchiveIntermediates/Potatso/IntermediateBuildFilesPath/UninstalledProducts/iphoneos/ISO8601DateFormatter.framework/Headers/ISO8601DateFormatter-umbrella.h /Users/runner/work/Potatso/Potatso/Pods/Target\ Support\ Files/ISO8601DateFormatter/ISO8601DateFormatter-umbrella.h (in target 'ISO8601DateFormatter' from project 'Pods')
    cd /Users/runner/work/Potatso/Potatso/Pods
    builtin-copy -exclude .DS_Store -exclude CVS -exclude .svn -exclude .git -exclude .hg -resolve-src-symlinks /Users/runner/work/Potatso/Potatso/Pods/Target\ Support\ Files/ISO8601DateFormatter/ISO8601DateFormatter-umbrella.h /Users/runner/work/_temp/build/DerivedData/Build/Intermediates.noindex/ArchiveIntermediates/Potatso/IntermediateBuildFilesPath/UninstalledProducts/iphoneos/ISO8601DateFormatter.framework/Headers

ProcessInfoPlistFile /Users/runner/work/_temp/build/DerivedData/Build/Intermediates.noindex/ArchiveIntermediates/Potatso/IntermediateBuildFilesPath/UninstalledProducts/iphoneos/ISO8601DateFormatter.framework/Info.plist /Users/runner/work/Potatso/Potatso/Pods/Target\ Support\ Files/ISO8601DateFormatter/ISO8601DateFormatter-Info.plist (in target 'ISO8601DateFormatter' from project 'Pods')
    cd /Users/runner/work/Potatso/Potatso/Pods
    builtin-infoPlistUtility /Users/runner/work/Potatso/Potatso/Pods/Target\ Support\ Files/ISO8601DateFormatter/ISO8601DateFormatter-Info.plist -producttype com.apple.product-type.framework -expandbuildsettings -format binary -platform iphoneos -requiredArchitecture arm64 -o /Users/runner/work/_temp/build/DerivedData/Build/Intermediates.noindex/ArchiveIntermediates/Potatso/IntermediateBuildFilesPath/UninstalledProducts/iphoneos/ISO8601DateFormatter.framework/Info.plist

SymLink /Users/runner/work/_temp/build/DerivedData/Build/Intermediates.noindex/ArchiveIntermediates/Potatso/BuildProductsPath/Release-iphoneos/ICDMaterialActivityIndicatorView/ICDMaterialActivityIndicatorView.framework ../../../IntermediateBuildFilesPath/UninstalledProducts/iphoneos/ICDMaterialActivityIndicatorView.framework (in target 'ICDMaterialActivityIndicatorView' from project 'Pods')
    cd /Users/runner/work/Potatso/Potatso/Pods
    /bin/ln -sfh ../../../IntermediateBuildFilesPath/UninstalledProducts/iphoneos/ICDMaterialActivityIndicatorView.framework /Users/runner/work/_temp/build/DerivedData/Build/Intermediates.noindex/ArchiveIntermediates/Potatso/BuildProductsPath/Release-iphoneos/ICDMaterialActivityIndicatorView/ICDMaterialActivityIndicatorView.framework

MkDir /Users/runner/work/_temp/build/DerivedData/Build/Intermediates.noindex/ArchiveIntermediates/Potatso/IntermediateBuildFilesPath/UninstalledProducts/iphoneos/ICDMaterialActivityIndicatorView.framework/Headers (in target 'ICDMaterialActivityIndicatorView' from project 'Pods')
    cd /Users/runner/work/Potatso/Potatso/Pods
    /bin/mkdir -p /Users/runner/work/_temp/build/DerivedData/Build/Intermediates.noindex/ArchiveIntermediates/Potatso/IntermediateBuildFilesPath/UninstalledProducts/iphoneos/ICDMaterialActivityIndicatorView.framework/Headers

MkDir /Users/runner/work/_temp/build/DerivedData/Build/Intermediates.noindex/ArchiveIntermediates/Potatso/IntermediateBuildFilesPath/UninstalledProducts/iphoneos/ICDMaterialActivityIndicatorView.framework (in target 'ICDMaterialActivityIndicatorView' from project 'Pods')
    cd /Users/runner/work/Potatso/Potatso/Pods
    /bin/mkdir -p /Users/runner/work/_temp/build/DerivedData/Build/Intermediates.noindex/ArchiveIntermediates/Potatso/IntermediateBuildFilesPath/UninstalledProducts/iphoneos/ICDMaterialActivityIndicatorView.framework

WriteAuxiliaryFile /Users/runner/work/_temp/build/DerivedData/Build/Intermediates.noindex/ArchiveIntermediates/Potatso/IntermediateBuildFilesPath/Pods.build/Release-iphoneos/ISO8601DateFormatter.build/Objects-normal/arm64/ISO8601DateFormatter.LinkFileList (in target 'ISO8601DateFormatter' from project 'Pods')
    cd /Users/runner/work/Potatso/Potatso/Pods
    write-file /Users/runner/work/_temp/build/DerivedData/Build/Intermediates.noindex/ArchiveIntermediates/Potatso/IntermediateBuildFilesPath/Pods.build/Release-iphoneos/ISO8601DateFormatter.build/Objects-normal/arm64/ISO8601DateFormatter.LinkFileList

WriteAuxiliaryFile /Users/runner/work/_temp/build/DerivedData/Build/Intermediates.noindex/ArchiveIntermediates/Potatso/IntermediateBuildFilesPath/Pods.build/Release-iphoneos/ISO8601DateFormatter.build/Objects-normal/arm64/e6072d4f65d7061329687fe24e3d63a7-common-args.resp (in target 'ISO8601DateFormatter' from project 'Pods')
    cd /Users/runner/work/Potatso/Potatso/Pods
    write-file /Users/runner/work/_temp/build/DerivedData/Build/Intermediates.noindex/ArchiveIntermediates/Potatso/IntermediateBuildFilesPath/Pods.build/Release-iphoneos/ISO8601DateFormatter.build/Objects-normal/arm64/e6072d4f65d7061329687fe24e3d63a7-common-args.resp
-target arm64-apple-ios12.0 '-std=gnu11' -fobjc-arc -fobjc-weak -fmodules -gmodules '-fmodules-cache-path=/Users/runner/work/_temp/build/DerivedData/ModuleCache.noindex' '-fmodule-name=ISO8601DateFormatter' -fpascal-strings -Os -fno-common '-DPOD_CONFIGURATION_RELEASE=1' '-DCOCOAPODS=1' '-DNS_BLOCK_ASSERTIONS=1' '-DOBJC_OLD_DISPATCH_PROTOTYPES=0' -isysroot /Applications/Xcode_15.4.app/Contents/Developer/Platforms/iPhoneOS.platform/Developer/SDKs/iPhoneOS17.5.sdk -g -iquote /Users/runner/work/_temp/build/DerivedData/Build/Intermediates.noindex/ArchiveIntermediates/Potatso/IntermediateBuildFilesPath/Pods.build/Release-iphoneos/ISO8601DateFormatter.build/ISO8601DateFormatter-generated-files.hmap -I/Users/runner/work/_temp/build/DerivedData/Build/Intermediates.noindex/ArchiveIntermediates/Potatso/IntermediateBuildFilesPath/Pods.build/Release-iphoneos/ISO8601DateFormatter.build/ISO8601DateFormatter-own-target-headers.hmap -I/Users/runner/work/_temp/build/DerivedData/Build/Intermediates.noindex/ArchiveIntermediates/Potatso/IntermediateBuildFilesPath/Pods.build/Release-iphoneos/ISO8601DateFormatter.build/ISO8601DateFormatter-all-non-framework-target-headers.hmap -ivfsoverlay /Users/runner/work/_temp/build/DerivedData/Build/Intermediates.noindex/ArchiveIntermediates/Potatso/IntermediateBuildFilesPath/Pods.build/Release-iphoneos/ISO8601DateFormatter.build/all-product-headers.yaml -iquote /Users/runner/work/_temp/build/DerivedData/Build/Intermediates.noindex/ArchiveIntermediates/Potatso/IntermediateBuildFilesPath/Pods.build/Release-iphoneos/ISO8601DateFormatter.build/ISO8601DateFormatter-project-headers.hmap -I/Users/runner/work/_temp/build/DerivedData/Build/Intermediates.noindex/ArchiveIntermediates/Potatso/BuildProductsPath/Release-iphoneos/ISO8601DateFormatter/include -I/Users/runner/work/_temp/build/DerivedData/Build/Intermediates.noindex/ArchiveIntermediates/Potatso/IntermediateBuildFilesPath/Pods.build/Release-iphoneos/ISO8601DateFormatter.build/DerivedSources-normal/arm64 -I/Users/runner/work/_temp/build/DerivedData/Build/Intermediates.noindex/ArchiveIntermediates/Potatso/IntermediateBuildFilesPath/Pods.build/Release-iphoneos/ISO8601DateFormatter.build/DerivedSources/arm64 -I/Users/runner/work/_temp/build/DerivedData/Build/Intermediates.noindex/ArchiveIntermediates/Potatso/IntermediateBuildFilesPath/Pods.build/Release-iphoneos/ISO8601DateFormatter.build/DerivedSources -F/Users/runner/work/_temp/build/DerivedData/Build/Intermediates.noindex/ArchiveIntermediates/Potatso/BuildProductsPath/Release-iphoneos/ISO8601DateFormatter

WriteAuxiliaryFile /Users/runner/work/_temp/build/DerivedData/Build/Intermediates.noindex/ArchiveIntermediates/Potatso/IntermediateBuildFilesPath/Pods.build/Release-iphoneos/ISO8601DateFormatter.build/Objects-normal/arm64/7187679823f38a2a940e0043cdf9d637-common-args.resp (in target 'ISO8601DateFormatter' from project 'Pods')
    cd /Users/runner/work/Potatso/Potatso/Pods
    write-file /Users/runner/work/_temp/build/DerivedData/Build/Intermediates.noindex/ArchiveIntermediates/Potatso/IntermediateBuildFilesPath/Pods.build/Release-iphoneos/ISO8601DateFormatter.build/Objects-normal/arm64/7187679823f38a2a940e0043cdf9d637-common-args.resp
-target arm64-apple-ios12.0 '-std=gnu11' -fmodules -gmodules '-fmodules-cache-path=/Users/runner/work/_temp/build/DerivedData/ModuleCache.noindex' '-fmodule-name=ISO8601DateFormatter' -fpascal-strings -Os -fno-common '-DPOD_CONFIGURATION_RELEASE=1' '-DCOCOAPODS=1' -isysroot /Applications/Xcode_15.4.app/Contents/Developer/Platforms/iPhoneOS.platform/Developer/SDKs/iPhoneOS17.5.sdk -g -iquote /Users/runner/work/_temp/build/DerivedData/Build/Intermediates.noindex/ArchiveIntermediates/Potatso/IntermediateBuildFilesPath/Pods.build/Release-iphoneos/ISO8601DateFormatter.build/ISO8601DateFormatter-generated-files.hmap -I/Users/runner/work/_temp/build/DerivedData/Build/Intermediates.noindex/ArchiveIntermediates/Potatso/IntermediateBuildFilesPath/Pods.build/Release-iphoneos/ISO8601DateFormatter.build/ISO8601DateFormatter-own-target-headers.hmap -I/Users/runner/work/_temp/build/DerivedData/Build/Intermediates.noindex/ArchiveIntermediates/Potatso/IntermediateBuildFilesPath/Pods.build/Release-iphoneos/ISO8601DateFormatter.build/ISO8601DateFormatter-all-non-framework-target-headers.hmap -ivfsoverlay /Users/runner/work/_temp/build/DerivedData/Build/Intermediates.noindex/ArchiveIntermediates/Potatso/IntermediateBuildFilesPath/Pods.build/Release-iphoneos/ISO8601DateFormatter.build/all-product-headers.yaml -iquote /Users/runner/work/_temp/build/DerivedData/Build/Intermediates.noindex/ArchiveIntermediates/Potatso/IntermediateBuildFilesPath/Pods.build/Release-iphoneos/ISO8601DateFormatter.build/ISO8601DateFormatter-project-headers.hmap -I/Users/runner/work/_temp/build/DerivedData/Build/Intermediates.noindex/ArchiveIntermediates/Potatso/BuildProductsPath/Release-iphoneos/ISO8601DateFormatter/include -I/Users/runner/work/_temp/build/DerivedData/Build/Intermediates.noindex/ArchiveIntermediates/Potatso/IntermediateBuildFilesPath/Pods.build/Release-iphoneos/ISO8601DateFormatter.build/DerivedSources-normal/arm64 -I/Users/runner/work/_temp/build/DerivedData/Build/Intermediates.noindex/ArchiveIntermediates/Potatso/IntermediateBuildFilesPath/Pods.build/Release-iphoneos/ISO8601DateFormatter.build/DerivedSources/arm64 -I/Users/runner/work/_temp/build/DerivedData/Build/Intermediates.noindex/ArchiveIntermediates/Potatso/IntermediateBuildFilesPath/Pods.build/Release-iphoneos/ISO8601DateFormatter.build/DerivedSources -F/Users/runner/work/_temp/build/DerivedData/Build/Intermediates.noindex/ArchiveIntermediates/Potatso/BuildProductsPath/Release-iphoneos/ISO8601DateFormatter

WriteAuxiliaryFile /Users/runner/work/_temp/build/DerivedData/Build/Intermediates.noindex/ArchiveIntermediates/Potatso/IntermediateBuildFilesPath/Pods.build/Release-iphoneos/ISO8601DateFormatter.build/DerivedSources/ISO8601DateFormatter_vers.c (in target 'ISO8601DateFormatter' from project 'Pods')
    cd /Users/runner/work/Potatso/Potatso/Pods
    write-file /Users/runner/work/_temp/build/DerivedData/Build/Intermediates.noindex/ArchiveIntermediates/Potatso/IntermediateBuildFilesPath/Pods.build/Release-iphoneos/ISO8601DateFormatter.build/DerivedSources/ISO8601DateFormatter_vers.c

WriteAuxiliaryFile /Users/runner/work/_temp/build/DerivedData/Build/Intermediates.noindex/ArchiveIntermediates/Potatso/IntermediateBuildFilesPath/Pods.build/Release-iphoneos/ICSPullToRefresh.build/unextended-module.modulemap (in target 'ICSPullToRefresh' from project 'Pods')
    cd /Users/runner/work/Potatso/Potatso/Pods
    write-file /Users/runner/work/_temp/build/DerivedData/Build/Intermediates.noindex/ArchiveIntermediates/Potatso/IntermediateBuildFilesPath/Pods.build/Release-iphoneos/ICSPullToRefresh.build/unextended-module.modulemap

WriteAuxiliaryFile /Users/runner/work/_temp/build/DerivedData/Build/Intermediates.noindex/ArchiveIntermediates/Potatso/IntermediateBuildFilesPath/Pods.build/Release-iphoneos/ICSPullToRefresh.build/unextended-module-overlay.yaml (in target 'ICSPullToRefresh' from project 'Pods')
    cd /Users/runner/work/Potatso/Potatso/Pods
    write-file /Users/runner/work/_temp/build/DerivedData/Build/Intermediates.noindex/ArchiveIntermediates/Potatso/IntermediateBuildFilesPath/Pods.build/Release-iphoneos/ICSPullToRefresh.build/unextended-module-overlay.yaml

WriteAuxiliaryFile /Users/runner/work/_temp/build/DerivedData/Build/Intermediates.noindex/ArchiveIntermediates/Potatso/IntermediateBuildFilesPath/Pods.build/Release-iphoneos/ICSPullToRefresh.build/module.modulemap (in target 'ICSPullToRefresh' from project 'Pods')
    cd /Users/runner/work/Potatso/Potatso/Pods
    write-file /Users/runner/work/_temp/build/DerivedData/Build/Intermediates.noindex/ArchiveIntermediates/Potatso/IntermediateBuildFilesPath/Pods.build/Release-iphoneos/ICSPullToRefresh.build/module.modulemap

WriteAuxiliaryFile /Users/runner/work/_temp/build/DerivedData/Build/Intermediates.noindex/ArchiveIntermediates/Potatso/IntermediateBuildFilesPath/Pods.build/Release-iphoneos/ICSMainFramework.build/all-product-headers.yaml (in target 'ICSMainFramework' from project 'Pods')
    cd /Users/runner/work/Potatso/Potatso/Pods
    write-file /Users/runner/work/_temp/build/DerivedData/Build/Intermediates.noindex/ArchiveIntermediates/Potatso/IntermediateBuildFilesPath/Pods.build/Release-iphoneos/ICSMainFramework.build/all-product-headers.yaml

WriteAuxiliaryFile /Users/runner/work/_temp/build/DerivedData/Build/Intermediates.noindex/ArchiveIntermediates/Potatso/IntermediateBuildFilesPath/Pods.build/Release-iphoneos/ICSMainFramework.build/ICSMainFramework.hmap (in target 'ICSMainFramework' from project 'Pods')
    cd /Users/runner/work/Potatso/Potatso/Pods
    write-file /Users/runner/work/_temp/build/DerivedData/Build/Intermediates.noindex/ArchiveIntermediates/Potatso/IntermediateBuildFilesPath/Pods.build/Release-iphoneos/ICSMainFramework.build/ICSMainFramework.hmap

Copy /Users/runner/work/_temp/build/DerivedData/Build/Intermediates.noindex/ArchiveIntermediates/Potatso/IntermediateBuildFilesPath/UninstalledProducts/iphoneos/ICSPullToRefresh.framework/Modules/module.modulemap /Users/runner/work/_temp/build/DerivedData/Build/Intermediates.noindex/ArchiveIntermediates/Potatso/IntermediateBuildFilesPath/Pods.build/Release-iphoneos/ICSPullToRefresh.build/module.modulemap (in target 'ICSPullToRefresh' from project 'Pods')
    cd /Users/runner/work/Potatso/Potatso/Pods
    builtin-copy -exclude .DS_Store -exclude CVS -exclude .svn -exclude .git -exclude .hg -resolve-src-symlinks /Users/runner/work/_temp/build/DerivedData/Build/Intermediates.noindex/ArchiveIntermediates/Potatso/IntermediateBuildFilesPath/Pods.build/Release-iphoneos/ICSPullToRefresh.build/module.modulemap /Users/runner/work/_temp/build/DerivedData/Build/Intermediates.noindex/ArchiveIntermediates/Potatso/IntermediateBuildFilesPath/UninstalledProducts/iphoneos/ICSPullToRefresh.framework/Modules

WriteAuxiliaryFile /Users/runner/work/_temp/build/DerivedData/Build/Intermediates.noindex/ArchiveIntermediates/Potatso/IntermediateBuildFilesPath/Pods.build/Release-iphoneos/ICSMainFramework.build/ICSMainFramework-project-headers.hmap (in target 'ICSMainFramework' from project 'Pods')
    cd /Users/runner/work/Potatso/Potatso/Pods
    write-file /Users/runner/work/_temp/build/DerivedData/Build/Intermediates.noindex/ArchiveIntermediates/Potatso/IntermediateBuildFilesPath/Pods.build/Release-iphoneos/ICSMainFramework.build/ICSMainFramework-project-headers.hmap

WriteAuxiliaryFile /Users/runner/work/_temp/build/DerivedData/Build/Intermediates.noindex/ArchiveIntermediates/Potatso/IntermediateBuildFilesPath/Pods.build/Release-iphoneos/ICSMainFramework.build/ICSMainFramework-own-target-headers.hmap (in target 'ICSMainFramework' from project 'Pods')
    cd /Users/runner/work/Potatso/Potatso/Pods
    write-file /Users/runner/work/_temp/build/DerivedData/Build/Intermediates.noindex/ArchiveIntermediates/Potatso/IntermediateBuildFilesPath/Pods.build/Release-iphoneos/ICSMainFramework.build/ICSMainFramework-own-target-headers.hmap

WriteAuxiliaryFile /Users/runner/work/_temp/build/DerivedData/Build/Intermediates.noindex/ArchiveIntermediates/Potatso/IntermediateBuildFilesPath/Pods.build/Release-iphoneos/ICSMainFramework.build/ICSMainFramework-generated-files.hmap (in target 'ICSMainFramework' from project 'Pods')
    cd /Users/runner/work/Potatso/Potatso/Pods
    write-file /Users/runner/work/_temp/build/DerivedData/Build/Intermediates.noindex/ArchiveIntermediates/Potatso/IntermediateBuildFilesPath/Pods.build/Release-iphoneos/ICSMainFramework.build/ICSMainFramework-generated-files.hmap

WriteAuxiliaryFile /Users/runner/work/_temp/build/DerivedData/Build/Intermediates.noindex/ArchiveIntermediates/Potatso/IntermediateBuildFilesPath/Pods.build/Release-iphoneos/ICSMainFramework.build/ICSMainFramework-all-target-headers.hmap (in target 'ICSMainFramework' from project 'Pods')
    cd /Users/runner/work/Potatso/Potatso/Pods
    write-file /Users/runner/work/_temp/build/DerivedData/Build/Intermediates.noindex/ArchiveIntermediates/Potatso/IntermediateBuildFilesPath/Pods.build/Release-iphoneos/ICSMainFramework.build/ICSMainFramework-all-target-headers.hmap

WriteAuxiliaryFile /Users/runner/work/_temp/build/DerivedData/Build/Intermediates.noindex/ArchiveIntermediates/Potatso/IntermediateBuildFilesPath/Pods.build/Release-iphoneos/ICSMainFramework.build/ICSMainFramework-all-non-framework-target-headers.hmap (in target 'ICSMainFramework' from project 'Pods')
    cd /Users/runner/work/Potatso/Potatso/Pods
    write-file /Users/runner/work/_temp/build/DerivedData/Build/Intermediates.noindex/ArchiveIntermediates/Potatso/IntermediateBuildFilesPath/Pods.build/Release-iphoneos/ICSMainFramework.build/ICSMainFramework-all-non-framework-target-headers.hmap

CpHeader /Users/runner/work/_temp/build/DerivedData/Build/Intermediates.noindex/ArchiveIntermediates/Potatso/IntermediateBuildFilesPath/UninstalledProducts/iphoneos/ICSPullToRefresh.framework/Headers/ICSPullToRefresh.h /Users/runner/work/Potatso/Potatso/Pods/ICSPullToRefresh/ICSPullToRefresh/ICSPullToRefresh.h (in target 'ICSPullToRefresh' from project 'Pods')
    cd /Users/runner/work/Potatso/Potatso/Pods
    builtin-copy -exclude .DS_Store -exclude CVS -exclude .svn -exclude .git -exclude .hg -resolve-src-symlinks /Users/runner/work/Potatso/Potatso/Pods/ICSPullToRefresh/ICSPullToRefresh/ICSPullToRefresh.h /Users/runner/work/_temp/build/DerivedData/Build/Intermediates.noindex/ArchiveIntermediates/Potatso/IntermediateBuildFilesPath/UninstalledProducts/iphoneos/ICSPullToRefresh.framework/Headers

CpHeader /Users/runner/work/_temp/build/DerivedData/Build/Intermediates.noindex/ArchiveIntermediates/Potatso/IntermediateBuildFilesPath/UninstalledProducts/iphoneos/ICSPullToRefresh.framework/Headers/ICSPullToRefresh-umbrella.h /Users/runner/work/Potatso/Potatso/Pods/Target\ Support\ Files/ICSPullToRefresh/ICSPullToRefresh-umbrella.h (in target 'ICSPullToRefresh' from project 'Pods')
    cd /Users/runner/work/Potatso/Potatso/Pods
    builtin-copy -exclude .DS_Store -exclude CVS -exclude .svn -exclude .git -exclude .hg -resolve-src-symlinks /Users/runner/work/Potatso/Potatso/Pods/Target\ Support\ Files/ICSPullToRefresh/ICSPullToRefresh-umbrella.h /Users/runner/work/_temp/build/DerivedData/Build/Intermediates.noindex/ArchiveIntermediates/Potatso/IntermediateBuildFilesPath/UninstalledProducts/iphoneos/ICSPullToRefresh.framework/Headers

ProcessInfoPlistFile /Users/runner/work/_temp/build/DerivedData/Build/Intermediates.noindex/ArchiveIntermediates/Potatso/IntermediateBuildFilesPath/UninstalledProducts/iphoneos/ICSPullToRefresh.framework/Info.plist /Users/runner/work/Potatso/Potatso/Pods/Target\ Support\ Files/ICSPullToRefresh/ICSPullToRefresh-Info.plist (in target 'ICSPullToRefresh' from project 'Pods')
    cd /Users/runner/work/Potatso/Potatso/Pods
    builtin-infoPlistUtility /Users/runner/work/Potatso/Potatso/Pods/Target\ Support\ Files/ICSPullToRefresh/ICSPullToRefresh-Info.plist -producttype com.apple.product-type.framework -expandbuildsettings -format binary -platform iphoneos -requiredArchitecture arm64 -o /Users/runner/work/_temp/build/DerivedData/Build/Intermediates.noindex/ArchiveIntermediates/Potatso/IntermediateBuildFilesPath/UninstalledProducts/iphoneos/ICSPullToRefresh.framework/Info.plist

WriteAuxiliaryFile /Users/runner/work/_temp/build/DerivedData/Build/Intermediates.noindex/ArchiveIntermediates/Potatso/IntermediateBuildFilesPath/Pods.build/Release-iphoneos/ICSPullToRefresh.build/Objects-normal/arm64/ICSPullToRefresh.LinkFileList (in target 'ICSPullToRefresh' from project 'Pods')
    cd /Users/runner/work/Potatso/Potatso/Pods
    write-file /Users/runner/work/_temp/build/DerivedData/Build/Intermediates.noindex/ArchiveIntermediates/Potatso/IntermediateBuildFilesPath/Pods.build/Release-iphoneos/ICSPullToRefresh.build/Objects-normal/arm64/ICSPullToRefresh.LinkFileList

WriteAuxiliaryFile /Users/runner/work/_temp/build/DerivedData/Build/Intermediates.noindex/ArchiveIntermediates/Potatso/IntermediateBuildFilesPath/Pods.build/Release-iphoneos/ICSPullToRefresh.build/Objects-normal/arm64/e6072d4f65d7061329687fe24e3d63a7-common-args.resp (in target 'ICSPullToRefresh' from project 'Pods')
    cd /Users/runner/work/Potatso/Potatso/Pods
    write-file /Users/runner/work/_temp/build/DerivedData/Build/Intermediates.noindex/ArchiveIntermediates/Potatso/IntermediateBuildFilesPath/Pods.build/Release-iphoneos/ICSPullToRefresh.build/Objects-normal/arm64/e6072d4f65d7061329687fe24e3d63a7-common-args.resp
-target arm64-apple-ios12.0 '-std=gnu11' -fobjc-arc -fobjc-weak -fmodules -gmodules '-fmodules-cache-path=/Users/runner/work/_temp/build/DerivedData/ModuleCache.noindex' '-fmodule-name=ICSPullToRefresh' -fpascal-strings -Os -fno-common '-DPOD_CONFIGURATION_RELEASE=1' '-DCOCOAPODS=1' '-DNS_BLOCK_ASSERTIONS=1' '-DOBJC_OLD_DISPATCH_PROTOTYPES=0' -isysroot /Applications/Xcode_15.4.app/Contents/Developer/Platforms/iPhoneOS.platform/Developer/SDKs/iPhoneOS17.5.sdk -g -iquote /Users/runner/work/_temp/build/DerivedData/Build/Intermediates.noindex/ArchiveIntermediates/Potatso/IntermediateBuildFilesPath/Pods.build/Release-iphoneos/ICSPullToRefresh.build/ICSPullToRefresh-generated-files.hmap -I/Users/runner/work/_temp/build/DerivedData/Build/Intermediates.noindex/ArchiveIntermediates/Potatso/IntermediateBuildFilesPath/Pods.build/Release-iphoneos/ICSPullToRefresh.build/ICSPullToRefresh-own-target-headers.hmap -I/Users/runner/work/_temp/build/DerivedData/Build/Intermediates.noindex/ArchiveIntermediates/Potatso/IntermediateBuildFilesPath/Pods.build/Release-iphoneos/ICSPullToRefresh.build/ICSPullToRefresh-all-non-framework-target-headers.hmap -ivfsoverlay /Users/runner/work/_temp/build/DerivedData/Build/Intermediates.noindex/ArchiveIntermediates/Potatso/IntermediateBuildFilesPath/Pods.build/Release-iphoneos/ICSPullToRefresh.build/all-product-headers.yaml -iquote /Users/runner/work/_temp/build/DerivedData/Build/Intermediates.noindex/ArchiveIntermediates/Potatso/IntermediateBuildFilesPath/Pods.build/Release-iphoneos/ICSPullToRefresh.build/ICSPullToRefresh-project-headers.hmap -I/Users/runner/work/_temp/build/DerivedData/Build/Intermediates.noindex/ArchiveIntermediates/Potatso/BuildProductsPath/Release-iphoneos/ICSPullToRefresh/include -I/Users/runner/work/_temp/build/DerivedData/Build/Intermediates.noindex/ArchiveIntermediates/Potatso/IntermediateBuildFilesPath/Pods.build/Release-iphoneos/ICSPullToRefresh.build/DerivedSources-normal/arm64 -I/Users/runner/work/_temp/build/DerivedData/Build/Intermediates.noindex/ArchiveIntermediates/Potatso/IntermediateBuildFilesPath/Pods.build/Release-iphoneos/ICSPullToRefresh.build/DerivedSources/arm64 -I/Users/runner/work/_temp/build/DerivedData/Build/Intermediates.noindex/ArchiveIntermediates/Potatso/IntermediateBuildFilesPath/Pods.build/Release-iphoneos/ICSPullToRefresh.build/DerivedSources -F/Users/runner/work/_temp/build/DerivedData/Build/Intermediates.noindex/ArchiveIntermediates/Potatso/BuildProductsPath/Release-iphoneos/ICSPullToRefresh

WriteAuxiliaryFile /Users/runner/work/_temp/build/DerivedData/Build/Intermediates.noindex/ArchiveIntermediates/Potatso/IntermediateBuildFilesPath/Pods.build/Release-iphoneos/ICSPullToRefresh.build/Objects-normal/arm64/ICSPullToRefresh_const_extract_protocols.json (in target 'ICSPullToRefresh' from project 'Pods')
    cd /Users/runner/work/Potatso/Potatso/Pods
    write-file /Users/runner/work/_temp/build/DerivedData/Build/Intermediates.noindex/ArchiveIntermediates/Potatso/IntermediateBuildFilesPath/Pods.build/Release-iphoneos/ICSPullToRefresh.build/Objects-normal/arm64/ICSPullToRefresh_const_extract_protocols.json

WriteAuxiliaryFile /Users/runner/work/_temp/build/DerivedData/Build/Intermediates.noindex/ArchiveIntermediates/Potatso/IntermediateBuildFilesPath/Pods.build/Release-iphoneos/ICSPullToRefresh.build/Objects-normal/arm64/ICSPullToRefresh.SwiftFileList (in target 'ICSPullToRefresh' from project 'Pods')
    cd /Users/runner/work/Potatso/Potatso/Pods
    write-file /Users/runner/work/_temp/build/DerivedData/Build/Intermediates.noindex/ArchiveIntermediates/Potatso/IntermediateBuildFilesPath/Pods.build/Release-iphoneos/ICSPullToRefresh.build/Objects-normal/arm64/ICSPullToRefresh.SwiftFileList

WriteAuxiliaryFile /Users/runner/work/_temp/build/DerivedData/Build/Intermediates.noindex/ArchiveIntermediates/Potatso/IntermediateBuildFilesPath/Pods.build/Release-iphoneos/ICSPullToRefresh.build/Objects-normal/arm64/ICSPullToRefresh-OutputFileMap.json (in target 'ICSPullToRefresh' from project 'Pods')
    cd /Users/runner/work/Potatso/Potatso/Pods
    write-file /Users/runner/work/_temp/build/DerivedData/Build/Intermediates.noindex/ArchiveIntermediates/Potatso/IntermediateBuildFilesPath/Pods.build/Release-iphoneos/ICSPullToRefresh.build/Objects-normal/arm64/ICSPullToRefresh-OutputFileMap.json

WriteAuxiliaryFile /Users/runner/work/_temp/build/DerivedData/Build/Intermediates.noindex/ArchiveIntermediates/Potatso/IntermediateBuildFilesPath/Pods.build/Release-iphoneos/ICSPullToRefresh.build/Objects-normal/arm64/7187679823f38a2a940e0043cdf9d637-common-args.resp (in target 'ICSPullToRefresh' from project 'Pods')
    cd /Users/runner/work/Potatso/Potatso/Pods
    write-file /Users/runner/work/_temp/build/DerivedData/Build/Intermediates.noindex/ArchiveIntermediates/Potatso/IntermediateBuildFilesPath/Pods.build/Release-iphoneos/ICSPullToRefresh.build/Objects-normal/arm64/7187679823f38a2a940e0043cdf9d637-common-args.resp
-target arm64-apple-ios12.0 '-std=gnu11' -fmodules -gmodules '-fmodules-cache-path=/Users/runner/work/_temp/build/DerivedData/ModuleCache.noindex' '-fmodule-name=ICSPullToRefresh' -fpascal-strings -Os -fno-common '-DPOD_CONFIGURATION_RELEASE=1' '-DCOCOAPODS=1' -isysroot /Applications/Xcode_15.4.app/Contents/Developer/Platforms/iPhoneOS.platform/Developer/SDKs/iPhoneOS17.5.sdk -g -iquote /Users/runner/work/_temp/build/DerivedData/Build/Intermediates.noindex/ArchiveIntermediates/Potatso/IntermediateBuildFilesPath/Pods.build/Release-iphoneos/ICSPullToRefresh.build/ICSPullToRefresh-generated-files.hmap -I/Users/runner/work/_temp/build/DerivedData/Build/Intermediates.noindex/ArchiveIntermediates/Potatso/IntermediateBuildFilesPath/Pods.build/Release-iphoneos/ICSPullToRefresh.build/ICSPullToRefresh-own-target-headers.hmap -I/Users/runner/work/_temp/build/DerivedData/Build/Intermediates.noindex/ArchiveIntermediates/Potatso/IntermediateBuildFilesPath/Pods.build/Release-iphoneos/ICSPullToRefresh.build/ICSPullToRefresh-all-non-framework-target-headers.hmap -ivfsoverlay /Users/runner/work/_temp/build/DerivedData/Build/Intermediates.noindex/ArchiveIntermediates/Potatso/IntermediateBuildFilesPath/Pods.build/Release-iphoneos/ICSPullToRefresh.build/all-product-headers.yaml -iquote /Users/runner/work/_temp/build/DerivedData/Build/Intermediates.noindex/ArchiveIntermediates/Potatso/IntermediateBuildFilesPath/Pods.build/Release-iphoneos/ICSPullToRefresh.build/ICSPullToRefresh-project-headers.hmap -I/Users/runner/work/_temp/build/DerivedData/Build/Intermediates.noindex/ArchiveIntermediates/Potatso/BuildProductsPath/Release-iphoneos/ICSPullToRefresh/include -I/Users/runner/work/_temp/build/DerivedData/Build/Intermediates.noindex/ArchiveIntermediates/Potatso/IntermediateBuildFilesPath/Pods.build/Release-iphoneos/ICSPullToRefresh.build/DerivedSources-normal/arm64 -I/Users/runner/work/_temp/build/DerivedData/Build/Intermediates.noindex/ArchiveIntermediates/Potatso/IntermediateBuildFilesPath/Pods.build/Release-iphoneos/ICSPullToRefresh.build/DerivedSources/arm64 -I/Users/runner/work/_temp/build/DerivedData/Build/Intermediates.noindex/ArchiveIntermediates/Potatso/IntermediateBuildFilesPath/Pods.build/Release-iphoneos/ICSPullToRefresh.build/DerivedSources -F/Users/runner/work/_temp/build/DerivedData/Build/Intermediates.noindex/ArchiveIntermediates/Potatso/BuildProductsPath/Release-iphoneos/ICSPullToRefresh

WriteAuxiliaryFile /Users/runner/work/_temp/build/DerivedData/Build/Intermediates.noindex/ArchiveIntermediates/Potatso/IntermediateBuildFilesPath/Pods.build/Release-iphoneos/ICSPullToRefresh.build/DerivedSources/ICSPullToRefresh_vers.c (in target 'ICSPullToRefresh' from project 'Pods')
    cd /Users/runner/work/Potatso/Potatso/Pods
    write-file /Users/runner/work/_temp/build/DerivedData/Build/Intermediates.noindex/ArchiveIntermediates/Potatso/IntermediateBuildFilesPath/Pods.build/Release-iphoneos/ICSPullToRefresh.build/DerivedSources/ICSPullToRefresh_vers.c

CreateBuildDirectory /Users/runner/work/_temp/build/DerivedData/Build/Intermediates.noindex/ArchiveIntermediates/Potatso/BuildProductsPath/Release-iphoneos/Eureka
    cd /Users/runner/work/Potatso/Potatso
    builtin-create-build-directory /Users/runner/work/_temp/build/DerivedData/Build/Intermediates.noindex/ArchiveIntermediates/Potatso/BuildProductsPath/Release-iphoneos/Eureka

CreateBuildDirectory /Users/runner/work/_temp/build/DerivedData/Build/Intermediates.noindex/ArchiveIntermediates/Potatso/BuildProductsPath/Release-iphoneos/CocoaLumberjack
    cd /Users/runner/work/Potatso/Potatso
    builtin-create-build-directory /Users/runner/work/_temp/build/DerivedData/Build/Intermediates.noindex/ArchiveIntermediates/Potatso/BuildProductsPath/Release-iphoneos/CocoaLumberjack

WriteAuxiliaryFile /Users/runner/work/_temp/build/DerivedData/Build/Intermediates.noindex/ArchiveIntermediates/Potatso/IntermediateBuildFilesPath/Pods.build/Release-iphoneos/ICSMainFramework.build/unextended-module.modulemap (in target 'ICSMainFramework' from project 'Pods')
    cd /Users/runner/work/Potatso/Potatso/Pods
    write-file /Users/runner/work/_temp/build/DerivedData/Build/Intermediates.noindex/ArchiveIntermediates/Potatso/IntermediateBuildFilesPath/Pods.build/Release-iphoneos/ICSMainFramework.build/unextended-module.modulemap

WriteAuxiliaryFile /Users/runner/work/_temp/build/DerivedData/Build/Intermediates.noindex/ArchiveIntermediates/Potatso/IntermediateBuildFilesPath/Pods.build/Release-iphoneos/ICSMainFramework.build/unextended-module-overlay.yaml (in target 'ICSMainFramework' from project 'Pods')
    cd /Users/runner/work/Potatso/Potatso/Pods
    write-file /Users/runner/work/_temp/build/DerivedData/Build/Intermediates.noindex/ArchiveIntermediates/Potatso/IntermediateBuildFilesPath/Pods.build/Release-iphoneos/ICSMainFramework.build/unextended-module-overlay.yaml

WriteAuxiliaryFile /Users/runner/work/_temp/build/DerivedData/Build/Intermediates.noindex/ArchiveIntermediates/Potatso/IntermediateBuildFilesPath/Pods.build/Release-iphoneos/ICSMainFramework.build/module.modulemap (in target 'ICSMainFramework' from project 'Pods')
    cd /Users/runner/work/Potatso/Potatso/Pods
    write-file /Users/runner/work/_temp/build/DerivedData/Build/Intermediates.noindex/ArchiveIntermediates/Potatso/IntermediateBuildFilesPath/Pods.build/Release-iphoneos/ICSMainFramework.build/module.modulemap

SymLink /Users/runner/work/_temp/build/DerivedData/Build/Intermediates.noindex/ArchiveIntermediates/Potatso/BuildProductsPath/Release-iphoneos/Eureka/Eureka.framework ../../../IntermediateBuildFilesPath/UninstalledProducts/iphoneos/Eureka.framework (in target 'Eureka' from project 'Pods')
    cd /Users/runner/work/Potatso/Potatso/Pods
    /bin/ln -sfh ../../../IntermediateBuildFilesPath/UninstalledProducts/iphoneos/Eureka.framework /Users/runner/work/_temp/build/DerivedData/Build/Intermediates.noindex/ArchiveIntermediates/Potatso/BuildProductsPath/Release-iphoneos/Eureka/Eureka.framework

MkDir /Users/runner/work/_temp/build/DerivedData/Build/Intermediates.noindex/ArchiveIntermediates/Potatso/IntermediateBuildFilesPath/UninstalledProducts/iphoneos/Eureka.framework/Headers (in target 'Eureka' from project 'Pods')
    cd /Users/runner/work/Potatso/Potatso/Pods
    /bin/mkdir -p /Users/runner/work/_temp/build/DerivedData/Build/Intermediates.noindex/ArchiveIntermediates/Potatso/IntermediateBuildFilesPath/UninstalledProducts/iphoneos/Eureka.framework/Headers

Copy /Users/runner/work/_temp/build/DerivedData/Build/Intermediates.noindex/ArchiveIntermediates/Potatso/IntermediateBuildFilesPath/UninstalledProducts/iphoneos/ICSMainFramework.framework/Modules/module.modulemap /Users/runner/work/_temp/build/DerivedData/Build/Intermediates.noindex/ArchiveIntermediates/Potatso/IntermediateBuildFilesPath/Pods.build/Release-iphoneos/ICSMainFramework.build/module.modulemap (in target 'ICSMainFramework' from project 'Pods')
    cd /Users/runner/work/Potatso/Potatso/Pods
    builtin-copy -exclude .DS_Store -exclude CVS -exclude .svn -exclude .git -exclude .hg -resolve-src-symlinks /Users/runner/work/_temp/build/DerivedData/Build/Intermediates.noindex/ArchiveIntermediates/Potatso/IntermediateBuildFilesPath/Pods.build/Release-iphoneos/ICSMainFramework.build/module.modulemap /Users/runner/work/_temp/build/DerivedData/Build/Intermediates.noindex/ArchiveIntermediates/Potatso/IntermediateBuildFilesPath/UninstalledProducts/iphoneos/ICSMainFramework.framework/Modules

MkDir /Users/runner/work/_temp/build/DerivedData/Build/Intermediates.noindex/ArchiveIntermediates/Potatso/IntermediateBuildFilesPath/UninstalledProducts/iphoneos/Eureka.framework (in target 'Eureka' from project 'Pods')
    cd /Users/runner/work/Potatso/Potatso/Pods
    /bin/mkdir -p /Users/runner/work/_temp/build/DerivedData/Build/Intermediates.noindex/ArchiveIntermediates/Potatso/IntermediateBuildFilesPath/UninstalledProducts/iphoneos/Eureka.framework

SymLink /Users/runner/work/_temp/build/DerivedData/Build/Intermediates.noindex/ArchiveIntermediates/Potatso/BuildProductsPath/Release-iphoneos/CocoaLumberjack/CocoaLumberjack.framework ../../../IntermediateBuildFilesPath/UninstalledProducts/iphoneos/CocoaLumberjack.framework (in target 'CocoaLumberjack' from project 'Pods')
    cd /Users/runner/work/Potatso/Potatso/Pods
    /bin/ln -sfh ../../../IntermediateBuildFilesPath/UninstalledProducts/iphoneos/CocoaLumberjack.framework /Users/runner/work/_temp/build/DerivedData/Build/Intermediates.noindex/ArchiveIntermediates/Potatso/BuildProductsPath/Release-iphoneos/CocoaLumberjack/CocoaLumberjack.framework

MkDir /Users/runner/work/_temp/build/DerivedData/Build/Intermediates.noindex/ArchiveIntermediates/Potatso/IntermediateBuildFilesPath/UninstalledProducts/iphoneos/CocoaLumberjack.framework/Headers (in target 'CocoaLumberjack' from project 'Pods')
    cd /Users/runner/work/Potatso/Potatso/Pods
    /bin/mkdir -p /Users/runner/work/_temp/build/DerivedData/Build/Intermediates.noindex/ArchiveIntermediates/Potatso/IntermediateBuildFilesPath/UninstalledProducts/iphoneos/CocoaLumberjack.framework/Headers

MkDir /Users/runner/work/_temp/build/DerivedData/Build/Intermediates.noindex/ArchiveIntermediates/Potatso/IntermediateBuildFilesPath/UninstalledProducts/iphoneos/CocoaLumberjack.framework (in target 'CocoaLumberjack' from project 'Pods')
    cd /Users/runner/work/Potatso/Potatso/Pods
    /bin/mkdir -p /Users/runner/work/_temp/build/DerivedData/Build/Intermediates.noindex/ArchiveIntermediates/Potatso/IntermediateBuildFilesPath/UninstalledProducts/iphoneos/CocoaLumberjack.framework

WriteAuxiliaryFile /Users/runner/work/_temp/build/DerivedData/Build/Intermediates.noindex/ArchiveIntermediates/Potatso/IntermediateBuildFilesPath/Pods.build/Release-iphoneos/ICDMaterialActivityIndicatorView.build/all-product-headers.yaml (in target 'ICDMaterialActivityIndicatorView' from project 'Pods')
    cd /Users/runner/work/Potatso/Potatso/Pods
    write-file /Users/runner/work/_temp/build/DerivedData/Build/Intermediates.noindex/ArchiveIntermediates/Potatso/IntermediateBuildFilesPath/Pods.build/Release-iphoneos/ICDMaterialActivityIndicatorView.build/all-product-headers.yaml

WriteAuxiliaryFile /Users/runner/work/_temp/build/DerivedData/Build/Intermediates.noindex/ArchiveIntermediates/Potatso/IntermediateBuildFilesPath/Pods.build/Release-iphoneos/ICDMaterialActivityIndicatorView.build/ICDMaterialActivityIndicatorView.hmap (in target 'ICDMaterialActivityIndicatorView' from project 'Pods')
    cd /Users/runner/work/Potatso/Potatso/Pods
    write-file /Users/runner/work/_temp/build/DerivedData/Build/Intermediates.noindex/ArchiveIntermediates/Potatso/IntermediateBuildFilesPath/Pods.build/Release-iphoneos/ICDMaterialActivityIndicatorView.build/ICDMaterialActivityIndicatorView.hmap

WriteAuxiliaryFile /Users/runner/work/_temp/build/DerivedData/Build/Intermediates.noindex/ArchiveIntermediates/Potatso/IntermediateBuildFilesPath/Pods.build/Release-iphoneos/ICDMaterialActivityIndicatorView.build/ICDMaterialActivityIndicatorView-project-headers.hmap (in target 'ICDMaterialActivityIndicatorView' from project 'Pods')
    cd /Users/runner/work/Potatso/Potatso/Pods
    write-file /Users/runner/work/_temp/build/DerivedData/Build/Intermediates.noindex/ArchiveIntermediates/Potatso/IntermediateBuildFilesPath/Pods.build/Release-iphoneos/ICDMaterialActivityIndicatorView.build/ICDMaterialActivityIndicatorView-project-headers.hmap

WriteAuxiliaryFile /Users/runner/work/_temp/build/DerivedData/Build/Intermediates.noindex/ArchiveIntermediates/Potatso/IntermediateBuildFilesPath/Pods.build/Release-iphoneos/ICDMaterialActivityIndicatorView.build/ICDMaterialActivityIndicatorView-own-target-headers.hmap (in target 'ICDMaterialActivityIndicatorView' from project 'Pods')
    cd /Users/runner/work/Potatso/Potatso/Pods
    write-file /Users/runner/work/_temp/build/DerivedData/Build/Intermediates.noindex/ArchiveIntermediates/Potatso/IntermediateBuildFilesPath/Pods.build/Release-iphoneos/ICDMaterialActivityIndicatorView.build/ICDMaterialActivityIndicatorView-own-target-headers.hmap

WriteAuxiliaryFile /Users/runner/work/_temp/build/DerivedData/Build/Intermediates.noindex/ArchiveIntermediates/Potatso/IntermediateBuildFilesPath/Pods.build/Release-iphoneos/ICDMaterialActivityIndicatorView.build/ICDMaterialActivityIndicatorView-generated-files.hmap (in target 'ICDMaterialActivityIndicatorView' from project 'Pods')
    cd /Users/runner/work/Potatso/Potatso/Pods
    write-file /Users/runner/work/_temp/build/DerivedData/Build/Intermediates.noindex/ArchiveIntermediates/Potatso/IntermediateBuildFilesPath/Pods.build/Release-iphoneos/ICDMaterialActivityIndicatorView.build/ICDMaterialActivityIndicatorView-generated-files.hmap

WriteAuxiliaryFile /Users/runner/work/_temp/build/DerivedData/Build/Intermediates.noindex/ArchiveIntermediates/Potatso/IntermediateBuildFilesPath/Pods.build/Release-iphoneos/ICDMaterialActivityIndicatorView.build/ICDMaterialActivityIndicatorView-all-target-headers.hmap (in target 'ICDMaterialActivityIndicatorView' from project 'Pods')
    cd /Users/runner/work/Potatso/Potatso/Pods
    write-file /Users/runner/work/_temp/build/DerivedData/Build/Intermediates.noindex/ArchiveIntermediates/Potatso/IntermediateBuildFilesPath/Pods.build/Release-iphoneos/ICDMaterialActivityIndicatorView.build/ICDMaterialActivityIndicatorView-all-target-headers.hmap

WriteAuxiliaryFile /Users/runner/work/_temp/build/DerivedData/Build/Intermediates.noindex/ArchiveIntermediates/Potatso/IntermediateBuildFilesPath/Pods.build/Release-iphoneos/ICDMaterialActivityIndicatorView.build/ICDMaterialActivityIndicatorView-all-non-framework-target-headers.hmap (in target 'ICDMaterialActivityIndicatorView' from project 'Pods')
    cd /Users/runner/work/Potatso/Potatso/Pods
    write-file /Users/runner/work/_temp/build/DerivedData/Build/Intermediates.noindex/ArchiveIntermediates/Potatso/IntermediateBuildFilesPath/Pods.build/Release-iphoneos/ICDMaterialActivityIndicatorView.build/ICDMaterialActivityIndicatorView-all-non-framework-target-headers.hmap

CpHeader /Users/runner/work/_temp/build/DerivedData/Build/Intermediates.noindex/ArchiveIntermediates/Potatso/IntermediateBuildFilesPath/UninstalledProducts/iphoneos/ICSMainFramework.framework/Headers/OBJCObjectFactory.h /Users/runner/work/Potatso/Potatso/Library/ICSMainFramework/ICSMainFramework/OBJCObjectFactory.h (in target 'ICSMainFramework' from project 'Pods')
    cd /Users/runner/work/Potatso/Potatso/Pods
    builtin-copy -exclude .DS_Store -exclude CVS -exclude .svn -exclude .git -exclude .hg -resolve-src-symlinks /Users/runner/work/Potatso/Potatso/Library/ICSMainFramework/ICSMainFramework/OBJCObjectFactory.h /Users/runner/work/_temp/build/DerivedData/Build/Intermediates.noindex/ArchiveIntermediates/Potatso/IntermediateBuildFilesPath/UninstalledProducts/iphoneos/ICSMainFramework.framework/Headers

CpHeader /Users/runner/work/_temp/build/DerivedData/Build/Intermediates.noindex/ArchiveIntermediates/Potatso/IntermediateBuildFilesPath/UninstalledProducts/iphoneos/ICSMainFramework.framework/Headers/ICSMainFramework.h /Users/runner/work/Potatso/Potatso/Library/ICSMainFramework/ICSMainFramework/ICSMainFramework.h (in target 'ICSMainFramework' from project 'Pods')
    cd /Users/runner/work/Potatso/Potatso/Pods
    builtin-copy -exclude .DS_Store -exclude CVS -exclude .svn -exclude .git -exclude .hg -resolve-src-symlinks /Users/runner/work/Potatso/Potatso/Library/ICSMainFramework/ICSMainFramework/ICSMainFramework.h /Users/runner/work/_temp/build/DerivedData/Build/Intermediates.noindex/ArchiveIntermediates/Potatso/IntermediateBuildFilesPath/UninstalledProducts/iphoneos/ICSMainFramework.framework/Headers

CpHeader /Users/runner/work/_temp/build/DerivedData/Build/Intermediates.noindex/ArchiveIntermediates/Potatso/IntermediateBuildFilesPath/UninstalledProducts/iphoneos/ICSMainFramework.framework/Headers/ICSMainFramework-umbrella.h /Users/runner/work/Potatso/Potatso/Pods/Target\ Support\ Files/ICSMainFramework/ICSMainFramework-umbrella.h (in target 'ICSMainFramework' from project 'Pods')
    cd /Users/runner/work/Potatso/Potatso/Pods
    builtin-copy -exclude .DS_Store -exclude CVS -exclude .svn -exclude .git -exclude .hg -resolve-src-symlinks /Users/runner/work/Potatso/Potatso/Pods/Target\ Support\ Files/ICSMainFramework/ICSMainFramework-umbrella.h /Users/runner/work/_temp/build/DerivedData/Build/Intermediates.noindex/ArchiveIntermediates/Potatso/IntermediateBuildFilesPath/UninstalledProducts/iphoneos/ICSMainFramework.framework/Headers

ProcessInfoPlistFile /Users/runner/work/_temp/build/DerivedData/Build/Intermediates.noindex/ArchiveIntermediates/Potatso/IntermediateBuildFilesPath/UninstalledProducts/iphoneos/ICSMainFramework.framework/Info.plist /Users/runner/work/Potatso/Potatso/Pods/Target\ Support\ Files/ICSMainFramework/ICSMainFramework-Info.plist (in target 'ICSMainFramework' from project 'Pods')
    cd /Users/runner/work/Potatso/Potatso/Pods
    builtin-infoPlistUtility /Users/runner/work/Potatso/Potatso/Pods/Target\ Support\ Files/ICSMainFramework/ICSMainFramework-Info.plist -producttype com.apple.product-type.framework -expandbuildsettings -format binary -platform iphoneos -requiredArchitecture arm64 -o /Users/runner/work/_temp/build/DerivedData/Build/Intermediates.noindex/ArchiveIntermediates/Potatso/IntermediateBuildFilesPath/UninstalledProducts/iphoneos/ICSMainFramework.framework/Info.plist

WriteAuxiliaryFile /Users/runner/work/_temp/build/DerivedData/Build/Intermediates.noindex/ArchiveIntermediates/Potatso/IntermediateBuildFilesPath/Pods.build/Release-iphoneos/ICSMainFramework.build/Objects-normal/arm64/ICSMainFramework.LinkFileList (in target 'ICSMainFramework' from project 'Pods')
    cd /Users/runner/work/Potatso/Potatso/Pods
    write-file /Users/runner/work/_temp/build/DerivedData/Build/Intermediates.noindex/ArchiveIntermediates/Potatso/IntermediateBuildFilesPath/Pods.build/Release-iphoneos/ICSMainFramework.build/Objects-normal/arm64/ICSMainFramework.LinkFileList

WriteAuxiliaryFile /Users/runner/work/_temp/build/DerivedData/Build/Intermediates.noindex/ArchiveIntermediates/Potatso/IntermediateBuildFilesPath/Pods.build/Release-iphoneos/ICSMainFramework.build/Objects-normal/arm64/e6072d4f65d7061329687fe24e3d63a7-common-args.resp (in target 'ICSMainFramework' from project 'Pods')
    cd /Users/runner/work/Potatso/Potatso/Pods
    write-file /Users/runner/work/_temp/build/DerivedData/Build/Intermediates.noindex/ArchiveIntermediates/Potatso/IntermediateBuildFilesPath/Pods.build/Release-iphoneos/ICSMainFramework.build/Objects-normal/arm64/e6072d4f65d7061329687fe24e3d63a7-common-args.resp
-target arm64-apple-ios12.0 '-std=gnu11' -fobjc-arc -fobjc-weak -fmodules -gmodules '-fmodules-cache-path=/Users/runner/work/_temp/build/DerivedData/ModuleCache.noindex' '-fmodule-name=ICSMainFramework' -fapplication-extension -fpascal-strings -Os -fno-common '-DPOD_CONFIGURATION_RELEASE=1' '-DCOCOAPODS=1' '-DNS_BLOCK_ASSERTIONS=1' '-DOBJC_OLD_DISPATCH_PROTOTYPES=0' -isysroot /Applications/Xcode_15.4.app/Contents/Developer/Platforms/iPhoneOS.platform/Developer/SDKs/iPhoneOS17.5.sdk -g -iquote /Users/runner/work/_temp/build/DerivedData/Build/Intermediates.noindex/ArchiveIntermediates/Potatso/IntermediateBuildFilesPath/Pods.build/Release-iphoneos/ICSMainFramework.build/ICSMainFramework-generated-files.hmap -I/Users/runner/work/_temp/build/DerivedData/Build/Intermediates.noindex/ArchiveIntermediates/Potatso/IntermediateBuildFilesPath/Pods.build/Release-iphoneos/ICSMainFramework.build/ICSMainFramework-own-target-headers.hmap -I/Users/runner/work/_temp/build/DerivedData/Build/Intermediates.noindex/ArchiveIntermediates/Potatso/IntermediateBuildFilesPath/Pods.build/Release-iphoneos/ICSMainFramework.build/ICSMainFramework-all-non-framework-target-headers.hmap -ivfsoverlay /Users/runner/work/_temp/build/DerivedData/Build/Intermediates.noindex/ArchiveIntermediates/Potatso/IntermediateBuildFilesPath/Pods.build/Release-iphoneos/ICSMainFramework.build/all-product-headers.yaml -iquote /Users/runner/work/_temp/build/DerivedData/Build/Intermediates.noindex/ArchiveIntermediates/Potatso/IntermediateBuildFilesPath/Pods.build/Release-iphoneos/ICSMainFramework.build/ICSMainFramework-project-headers.hmap -I/Users/runner/work/_temp/build/DerivedData/Build/Intermediates.noindex/ArchiveIntermediates/Potatso/BuildProductsPath/Release-iphoneos/ICSMainFramework/include -I/Users/runner/work/_temp/build/DerivedData/Build/Intermediates.noindex/ArchiveIntermediates/Potatso/IntermediateBuildFilesPath/Pods.build/Release-iphoneos/ICSMainFramework.build/DerivedSources-normal/arm64 -I/Users/runner/work/_temp/build/DerivedData/Build/Intermediates.noindex/ArchiveIntermediates/Potatso/IntermediateBuildFilesPath/Pods.build/Release-iphoneos/ICSMainFramework.build/DerivedSources/arm64 -I/Users/runner/work/_temp/build/DerivedData/Build/Intermediates.noindex/ArchiveIntermediates/Potatso/IntermediateBuildFilesPath/Pods.build/Release-iphoneos/ICSMainFramework.build/DerivedSources -F/Users/runner/work/_temp/build/DerivedData/Build/Intermediates.noindex/ArchiveIntermediates/Potatso/BuildProductsPath/Release-iphoneos/ICSMainFramework

WriteAuxiliaryFile /Users/runner/work/_temp/build/DerivedData/Build/Intermediates.noindex/ArchiveIntermediates/Potatso/IntermediateBuildFilesPath/Pods.build/Release-iphoneos/ICSMainFramework.build/Objects-normal/arm64/ICSMainFramework_const_extract_protocols.json (in target 'ICSMainFramework' from project 'Pods')
    cd /Users/runner/work/Potatso/Potatso/Pods
    write-file /Users/runner/work/_temp/build/DerivedData/Build/Intermediates.noindex/ArchiveIntermediates/Potatso/IntermediateBuildFilesPath/Pods.build/Release-iphoneos/ICSMainFramework.build/Objects-normal/arm64/ICSMainFramework_const_extract_protocols.json

WriteAuxiliaryFile /Users/runner/work/_temp/build/DerivedData/Build/Intermediates.noindex/ArchiveIntermediates/Potatso/IntermediateBuildFilesPath/Pods.build/Release-iphoneos/ICSMainFramework.build/Objects-normal/arm64/ICSMainFramework.SwiftFileList (in target 'ICSMainFramework' from project 'Pods')
    cd /Users/runner/work/Potatso/Potatso/Pods
    write-file /Users/runner/work/_temp/build/DerivedData/Build/Intermediates.noindex/ArchiveIntermediates/Potatso/IntermediateBuildFilesPath/Pods.build/Release-iphoneos/ICSMainFramework.build/Objects-normal/arm64/ICSMainFramework.SwiftFileList

WriteAuxiliaryFile /Users/runner/work/_temp/build/DerivedData/Build/Intermediates.noindex/ArchiveIntermediates/Potatso/IntermediateBuildFilesPath/Pods.build/Release-iphoneos/ICSMainFramework.build/Objects-normal/arm64/ICSMainFramework-OutputFileMap.json (in target 'ICSMainFramework' from project 'Pods')
    cd /Users/runner/work/Potatso/Potatso/Pods
    write-file /Users/runner/work/_temp/build/DerivedData/Build/Intermediates.noindex/ArchiveIntermediates/Potatso/IntermediateBuildFilesPath/Pods.build/Release-iphoneos/ICSMainFramework.build/Objects-normal/arm64/ICSMainFramework-OutputFileMap.json

WriteAuxiliaryFile /Users/runner/work/_temp/build/DerivedData/Build/Intermediates.noindex/ArchiveIntermediates/Potatso/IntermediateBuildFilesPath/Pods.build/Release-iphoneos/ICSMainFramework.build/Objects-normal/arm64/7187679823f38a2a940e0043cdf9d637-common-args.resp (in target 'ICSMainFramework' from project 'Pods')
    cd /Users/runner/work/Potatso/Potatso/Pods
    write-file /Users/runner/work/_temp/build/DerivedData/Build/Intermediates.noindex/ArchiveIntermediates/Potatso/IntermediateBuildFilesPath/Pods.build/Release-iphoneos/ICSMainFramework.build/Objects-normal/arm64/7187679823f38a2a940e0043cdf9d637-common-args.resp
-target arm64-apple-ios12.0 '-std=gnu11' -fmodules -gmodules '-fmodules-cache-path=/Users/runner/work/_temp/build/DerivedData/ModuleCache.noindex' '-fmodule-name=ICSMainFramework' -fapplication-extension -fpascal-strings -Os -fno-common '-DPOD_CONFIGURATION_RELEASE=1' '-DCOCOAPODS=1' -isysroot /Applications/Xcode_15.4.app/Contents/Developer/Platforms/iPhoneOS.platform/Developer/SDKs/iPhoneOS17.5.sdk -g -iquote /Users/runner/work/_temp/build/DerivedData/Build/Intermediates.noindex/ArchiveIntermediates/Potatso/IntermediateBuildFilesPath/Pods.build/Release-iphoneos/ICSMainFramework.build/ICSMainFramework-generated-files.hmap -I/Users/runner/work/_temp/build/DerivedData/Build/Intermediates.noindex/ArchiveIntermediates/Potatso/IntermediateBuildFilesPath/Pods.build/Release-iphoneos/ICSMainFramework.build/ICSMainFramework-own-target-headers.hmap -I/Users/runner/work/_temp/build/DerivedData/Build/Intermediates.noindex/ArchiveIntermediates/Potatso/IntermediateBuildFilesPath/Pods.build/Release-iphoneos/ICSMainFramework.build/ICSMainFramework-all-non-framework-target-headers.hmap -ivfsoverlay /Users/runner/work/_temp/build/DerivedData/Build/Intermediates.noindex/ArchiveIntermediates/Potatso/IntermediateBuildFilesPath/Pods.build/Release-iphoneos/ICSMainFramework.build/all-product-headers.yaml -iquote /Users/runner/work/_temp/build/DerivedData/Build/Intermediates.noindex/ArchiveIntermediates/Potatso/IntermediateBuildFilesPath/Pods.build/Release-iphoneos/ICSMainFramework.build/ICSMainFramework-project-headers.hmap -I/Users/runner/work/_temp/build/DerivedData/Build/Intermediates.noindex/ArchiveIntermediates/Potatso/BuildProductsPath/Release-iphoneos/ICSMainFramework/include -I/Users/runner/work/_temp/build/DerivedData/Build/Intermediates.noindex/ArchiveIntermediates/Potatso/IntermediateBuildFilesPath/Pods.build/Release-iphoneos/ICSMainFramework.build/DerivedSources-normal/arm64 -I/Users/runner/work/_temp/build/DerivedData/Build/Intermediates.noindex/ArchiveIntermediates/Potatso/IntermediateBuildFilesPath/Pods.build/Release-iphoneos/ICSMainFramework.build/DerivedSources/arm64 -I/Users/runner/work/_temp/build/DerivedData/Build/Intermediates.noindex/ArchiveIntermediates/Potatso/IntermediateBuildFilesPath/Pods.build/Release-iphoneos/ICSMainFramework.build/DerivedSources -F/Users/runner/work/_temp/build/DerivedData/Build/Intermediates.noindex/ArchiveIntermediates/Potatso/BuildProductsPath/Release-iphoneos/ICSMainFramework

WriteAuxiliaryFile /Users/runner/work/_temp/build/DerivedData/Build/Intermediates.noindex/ArchiveIntermediates/Potatso/IntermediateBuildFilesPath/Pods.build/Release-iphoneos/ICSMainFramework.build/DerivedSources/ICSMainFramework_vers.c (in target 'ICSMainFramework' from project 'Pods')
    cd /Users/runner/work/Potatso/Potatso/Pods
    write-file /Users/runner/work/_temp/build/DerivedData/Build/Intermediates.noindex/ArchiveIntermediates/Potatso/IntermediateBuildFilesPath/Pods.build/Release-iphoneos/ICSMainFramework.build/DerivedSources/ICSMainFramework_vers.c

WriteAuxiliaryFile /Users/runner/work/_temp/build/DerivedData/Build/Intermediates.noindex/ArchiveIntermediates/Potatso/IntermediateBuildFilesPath/Pods.build/Release-iphoneos/ICDMaterialActivityIndicatorView.build/module.modulemap (in target 'ICDMaterialActivityIndicatorView' from project 'Pods')
    cd /Users/runner/work/Potatso/Potatso/Pods
    write-file /Users/runner/work/_temp/build/DerivedData/Build/Intermediates.noindex/ArchiveIntermediates/Potatso/IntermediateBuildFilesPath/Pods.build/Release-iphoneos/ICDMaterialActivityIndicatorView.build/module.modulemap

WriteAuxiliaryFile /Users/runner/work/_temp/build/DerivedData/Build/Intermediates.noindex/ArchiveIntermediates/Potatso/IntermediateBuildFilesPath/Pods.build/Release-iphoneos/Eureka.build/all-product-headers.yaml (in target 'Eureka' from project 'Pods')
    cd /Users/runner/work/Potatso/Potatso/Pods
    write-file /Users/runner/work/_temp/build/DerivedData/Build/Intermediates.noindex/ArchiveIntermediates/Potatso/IntermediateBuildFilesPath/Pods.build/Release-iphoneos/Eureka.build/all-product-headers.yaml

WriteAuxiliaryFile /Users/runner/work/_temp/build/DerivedData/Build/Intermediates.noindex/ArchiveIntermediates/Potatso/IntermediateBuildFilesPath/Pods.build/Release-iphoneos/Eureka.build/Eureka.hmap (in target 'Eureka' from project 'Pods')
    cd /Users/runner/work/Potatso/Potatso/Pods
    write-file /Users/runner/work/_temp/build/DerivedData/Build/Intermediates.noindex/ArchiveIntermediates/Potatso/IntermediateBuildFilesPath/Pods.build/Release-iphoneos/Eureka.build/Eureka.hmap

Copy /Users/runner/work/_temp/build/DerivedData/Build/Intermediates.noindex/ArchiveIntermediates/Potatso/IntermediateBuildFilesPath/UninstalledProducts/iphoneos/ICDMaterialActivityIndicatorView.framework/Modules/module.modulemap /Users/runner/work/_temp/build/DerivedData/Build/Intermediates.noindex/ArchiveIntermediates/Potatso/IntermediateBuildFilesPath/Pods.build/Release-iphoneos/ICDMaterialActivityIndicatorView.build/module.modulemap (in target 'ICDMaterialActivityIndicatorView' from project 'Pods')
    cd /Users/runner/work/Potatso/Potatso/Pods
    builtin-copy -exclude .DS_Store -exclude CVS -exclude .svn -exclude .git -exclude .hg -resolve-src-symlinks /Users/runner/work/_temp/build/DerivedData/Build/Intermediates.noindex/ArchiveIntermediates/Potatso/IntermediateBuildFilesPath/Pods.build/Release-iphoneos/ICDMaterialActivityIndicatorView.build/module.modulemap /Users/runner/work/_temp/build/DerivedData/Build/Intermediates.noindex/ArchiveIntermediates/Potatso/IntermediateBuildFilesPath/UninstalledProducts/iphoneos/ICDMaterialActivityIndicatorView.framework/Modules

WriteAuxiliaryFile /Users/runner/work/_temp/build/DerivedData/Build/Intermediates.noindex/ArchiveIntermediates/Potatso/IntermediateBuildFilesPath/Pods.build/Release-iphoneos/Eureka.build/Eureka-project-headers.hmap (in target 'Eureka' from project 'Pods')
    cd /Users/runner/work/Potatso/Potatso/Pods
    write-file /Users/runner/work/_temp/build/DerivedData/Build/Intermediates.noindex/ArchiveIntermediates/Potatso/IntermediateBuildFilesPath/Pods.build/Release-iphoneos/Eureka.build/Eureka-project-headers.hmap

WriteAuxiliaryFile /Users/runner/work/_temp/build/DerivedData/Build/Intermediates.noindex/ArchiveIntermediates/Potatso/IntermediateBuildFilesPath/Pods.build/Release-iphoneos/Eureka.build/Eureka-own-target-headers.hmap (in target 'Eureka' from project 'Pods')
    cd /Users/runner/work/Potatso/Potatso/Pods
    write-file /Users/runner/work/_temp/build/DerivedData/Build/Intermediates.noindex/ArchiveIntermediates/Potatso/IntermediateBuildFilesPath/Pods.build/Release-iphoneos/Eureka.build/Eureka-own-target-headers.hmap

WriteAuxiliaryFile /Users/runner/work/_temp/build/DerivedData/Build/Intermediates.noindex/ArchiveIntermediates/Potatso/IntermediateBuildFilesPath/Pods.build/Release-iphoneos/Eureka.build/Eureka-generated-files.hmap (in target 'Eureka' from project 'Pods')
    cd /Users/runner/work/Potatso/Potatso/Pods
    write-file /Users/runner/work/_temp/build/DerivedData/Build/Intermediates.noindex/ArchiveIntermediates/Potatso/IntermediateBuildFilesPath/Pods.build/Release-iphoneos/Eureka.build/Eureka-generated-files.hmap

WriteAuxiliaryFile /Users/runner/work/_temp/build/DerivedData/Build/Intermediates.noindex/ArchiveIntermediates/Potatso/IntermediateBuildFilesPath/Pods.build/Release-iphoneos/Eureka.build/Eureka-all-target-headers.hmap (in target 'Eureka' from project 'Pods')
    cd /Users/runner/work/Potatso/Potatso/Pods
    write-file /Users/runner/work/_temp/build/DerivedData/Build/Intermediates.noindex/ArchiveIntermediates/Potatso/IntermediateBuildFilesPath/Pods.build/Release-iphoneos/Eureka.build/Eureka-all-target-headers.hmap

WriteAuxiliaryFile /Users/runner/work/_temp/build/DerivedData/Build/Intermediates.noindex/ArchiveIntermediates/Potatso/IntermediateBuildFilesPath/Pods.build/Release-iphoneos/Eureka.build/Eureka-all-non-framework-target-headers.hmap (in target 'Eureka' from project 'Pods')
    cd /Users/runner/work/Potatso/Potatso/Pods
    write-file /Users/runner/work/_temp/build/DerivedData/Build/Intermediates.noindex/ArchiveIntermediates/Potatso/IntermediateBuildFilesPath/Pods.build/Release-iphoneos/Eureka.build/Eureka-all-non-framework-target-headers.hmap

WriteAuxiliaryFile /Users/runner/work/_temp/build/DerivedData/Build/Intermediates.noindex/ArchiveIntermediates/Potatso/IntermediateBuildFilesPath/Pods.build/Release-iphoneos/CocoaLumberjack.build/all-product-headers.yaml (in target 'CocoaLumberjack' from project 'Pods')
    cd /Users/runner/work/Potatso/Potatso/Pods
    write-file /Users/runner/work/_temp/build/DerivedData/Build/Intermediates.noindex/ArchiveIntermediates/Potatso/IntermediateBuildFilesPath/Pods.build/Release-iphoneos/CocoaLumberjack.build/all-product-headers.yaml

CpHeader /Users/runner/work/_temp/build/DerivedData/Build/Intermediates.noindex/ArchiveIntermediates/Potatso/IntermediateBuildFilesPath/UninstalledProducts/iphoneos/ICDMaterialActivityIndicatorView.framework/Headers/ICDMaterialActivityIndicatorView.h /Users/runner/work/Potatso/Potatso/Pods/ICDMaterialActivityIndicatorView/Classes/ICDMaterialActivityIndicatorView.h (in target 'ICDMaterialActivityIndicatorView' from project 'Pods')
    cd /Users/runner/work/Potatso/Potatso/Pods
    builtin-copy -exclude .DS_Store -exclude CVS -exclude .svn -exclude .git -exclude .hg -resolve-src-symlinks /Users/runner/work/Potatso/Potatso/Pods/ICDMaterialActivityIndicatorView/Classes/ICDMaterialActivityIndicatorView.h /Users/runner/work/_temp/build/DerivedData/Build/Intermediates.noindex/ArchiveIntermediates/Potatso/IntermediateBuildFilesPath/UninstalledProducts/iphoneos/ICDMaterialActivityIndicatorView.framework/Headers

CpHeader /Users/runner/work/_temp/build/DerivedData/Build/Intermediates.noindex/ArchiveIntermediates/Potatso/IntermediateBuildFilesPath/UninstalledProducts/iphoneos/ICDMaterialActivityIndicatorView.framework/Headers/ICDMaterialActivityIndicatorView-umbrella.h /Users/runner/work/Potatso/Potatso/Pods/Target\ Support\ Files/ICDMaterialActivityIndicatorView/ICDMaterialActivityIndicatorView-umbrella.h (in target 'ICDMaterialActivityIndicatorView' from project 'Pods')
    cd /Users/runner/work/Potatso/Potatso/Pods
    builtin-copy -exclude .DS_Store -exclude CVS -exclude .svn -exclude .git -exclude .hg -resolve-src-symlinks /Users/runner/work/Potatso/Potatso/Pods/Target\ Support\ Files/ICDMaterialActivityIndicatorView/ICDMaterialActivityIndicatorView-umbrella.h /Users/runner/work/_temp/build/DerivedData/Build/Intermediates.noindex/ArchiveIntermediates/Potatso/IntermediateBuildFilesPath/UninstalledProducts/iphoneos/ICDMaterialActivityIndicatorView.framework/Headers

ProcessInfoPlistFile /Users/runner/work/_temp/build/DerivedData/Build/Intermediates.noindex/ArchiveIntermediates/Potatso/IntermediateBuildFilesPath/UninstalledProducts/iphoneos/ICDMaterialActivityIndicatorView.framework/Info.plist /Users/runner/work/Potatso/Potatso/Pods/Target\ Support\ Files/ICDMaterialActivityIndicatorView/ICDMaterialActivityIndicatorView-Info.plist (in target 'ICDMaterialActivityIndicatorView' from project 'Pods')
    cd /Users/runner/work/Potatso/Potatso/Pods
    builtin-infoPlistUtility /Users/runner/work/Potatso/Potatso/Pods/Target\ Support\ Files/ICDMaterialActivityIndicatorView/ICDMaterialActivityIndicatorView-Info.plist -producttype com.apple.product-type.framework -expandbuildsettings -format binary -platform iphoneos -requiredArchitecture arm64 -o /Users/runner/work/_temp/build/DerivedData/Build/Intermediates.noindex/ArchiveIntermediates/Potatso/IntermediateBuildFilesPath/UninstalledProducts/iphoneos/ICDMaterialActivityIndicatorView.framework/Info.plist

WriteAuxiliaryFile /Users/runner/work/_temp/build/DerivedData/Build/Intermediates.noindex/ArchiveIntermediates/Potatso/IntermediateBuildFilesPath/Pods.build/Release-iphoneos/CocoaLumberjack.build/CocoaLumberjack.hmap (in target 'CocoaLumberjack' from project 'Pods')
    cd /Users/runner/work/Potatso/Potatso/Pods
    write-file /Users/runner/work/_temp/build/DerivedData/Build/Intermediates.noindex/ArchiveIntermediates/Potatso/IntermediateBuildFilesPath/Pods.build/Release-iphoneos/CocoaLumberjack.build/CocoaLumberjack.hmap

WriteAuxiliaryFile /Users/runner/work/_temp/build/DerivedData/Build/Intermediates.noindex/ArchiveIntermediates/Potatso/IntermediateBuildFilesPath/Pods.build/Release-iphoneos/CocoaLumberjack.build/CocoaLumberjack-project-headers.hmap (in target 'CocoaLumberjack' from project 'Pods')
    cd /Users/runner/work/Potatso/Potatso/Pods
    write-file /Users/runner/work/_temp/build/DerivedData/Build/Intermediates.noindex/ArchiveIntermediates/Potatso/IntermediateBuildFilesPath/Pods.build/Release-iphoneos/CocoaLumberjack.build/CocoaLumberjack-project-headers.hmap

WriteAuxiliaryFile /Users/runner/work/_temp/build/DerivedData/Build/Intermediates.noindex/ArchiveIntermediates/Potatso/IntermediateBuildFilesPath/Pods.build/Release-iphoneos/CocoaLumberjack.build/CocoaLumberjack-own-target-headers.hmap (in target 'CocoaLumberjack' from project 'Pods')
    cd /Users/runner/work/Potatso/Potatso/Pods
    write-file /Users/runner/work/_temp/build/DerivedData/Build/Intermediates.noindex/ArchiveIntermediates/Potatso/IntermediateBuildFilesPath/Pods.build/Release-iphoneos/CocoaLumberjack.build/CocoaLumberjack-own-target-headers.hmap

WriteAuxiliaryFile /Users/runner/work/_temp/build/DerivedData/Build/Intermediates.noindex/ArchiveIntermediates/Potatso/IntermediateBuildFilesPath/Pods.build/Release-iphoneos/CocoaLumberjack.build/CocoaLumberjack-generated-files.hmap (in target 'CocoaLumberjack' from project 'Pods')
    cd /Users/runner/work/Potatso/Potatso/Pods
    write-file /Users/runner/work/_temp/build/DerivedData/Build/Intermediates.noindex/ArchiveIntermediates/Potatso/IntermediateBuildFilesPath/Pods.build/Release-iphoneos/CocoaLumberjack.build/CocoaLumberjack-generated-files.hmap

WriteAuxiliaryFile /Users/runner/work/_temp/build/DerivedData/Build/Intermediates.noindex/ArchiveIntermediates/Potatso/IntermediateBuildFilesPath/Pods.build/Release-iphoneos/CocoaLumberjack.build/CocoaLumberjack-all-target-headers.hmap (in target 'CocoaLumberjack' from project 'Pods')
    cd /Users/runner/work/Potatso/Potatso/Pods
    write-file /Users/runner/work/_temp/build/DerivedData/Build/Intermediates.noindex/ArchiveIntermediates/Potatso/IntermediateBuildFilesPath/Pods.build/Release-iphoneos/CocoaLumberjack.build/CocoaLumberjack-all-target-headers.hmap

WriteAuxiliaryFile /Users/runner/work/_temp/build/DerivedData/Build/Intermediates.noindex/ArchiveIntermediates/Potatso/IntermediateBuildFilesPath/Pods.build/Release-iphoneos/CocoaLumberjack.build/CocoaLumberjack-all-non-framework-target-headers.hmap (in target 'CocoaLumberjack' from project 'Pods')
    cd /Users/runner/work/Potatso/Potatso/Pods
    write-file /Users/runner/work/_temp/build/DerivedData/Build/Intermediates.noindex/ArchiveIntermediates/Potatso/IntermediateBuildFilesPath/Pods.build/Release-iphoneos/CocoaLumberjack.build/CocoaLumberjack-all-non-framework-target-headers.hmap

WriteAuxiliaryFile /Users/runner/work/_temp/build/DerivedData/Build/Intermediates.noindex/ArchiveIntermediates/Potatso/IntermediateBuildFilesPath/Pods.build/Release-iphoneos/ICDMaterialActivityIndicatorView.build/Objects-normal/arm64/ICDMaterialActivityIndicatorView.LinkFileList (in target 'ICDMaterialActivityIndicatorView' from project 'Pods')
    cd /Users/runner/work/Potatso/Potatso/Pods
    write-file /Users/runner/work/_temp/build/DerivedData/Build/Intermediates.noindex/ArchiveIntermediates/Potatso/IntermediateBuildFilesPath/Pods.build/Release-iphoneos/ICDMaterialActivityIndicatorView.build/Objects-normal/arm64/ICDMaterialActivityIndicatorView.LinkFileList

WriteAuxiliaryFile /Users/runner/work/_temp/build/DerivedData/Build/Intermediates.noindex/ArchiveIntermediates/Potatso/IntermediateBuildFilesPath/Pods.build/Release-iphoneos/ICDMaterialActivityIndicatorView.build/Objects-normal/arm64/e6072d4f65d7061329687fe24e3d63a7-common-args.resp (in target 'ICDMaterialActivityIndicatorView' from project 'Pods')
    cd /Users/runner/work/Potatso/Potatso/Pods
    write-file /Users/runner/work/_temp/build/DerivedData/Build/Intermediates.noindex/ArchiveIntermediates/Potatso/IntermediateBuildFilesPath/Pods.build/Release-iphoneos/ICDMaterialActivityIndicatorView.build/Objects-normal/arm64/e6072d4f65d7061329687fe24e3d63a7-common-args.resp
-target arm64-apple-ios12.0 '-std=gnu11' -fobjc-arc -fobjc-weak -fmodules -gmodules '-fmodules-cache-path=/Users/runner/work/_temp/build/DerivedData/ModuleCache.noindex' '-fmodule-name=ICDMaterialActivityIndicatorView' -fpascal-strings -Os -fno-common '-DPOD_CONFIGURATION_RELEASE=1' '-DCOCOAPODS=1' '-DNS_BLOCK_ASSERTIONS=1' '-DOBJC_OLD_DISPATCH_PROTOTYPES=0' -isysroot /Applications/Xcode_15.4.app/Contents/Developer/Platforms/iPhoneOS.platform/Developer/SDKs/iPhoneOS17.5.sdk -g -iquote /Users/runner/work/_temp/build/DerivedData/Build/Intermediates.noindex/ArchiveIntermediates/Potatso/IntermediateBuildFilesPath/Pods.build/Release-iphoneos/ICDMaterialActivityIndicatorView.build/ICDMaterialActivityIndicatorView-generated-files.hmap -I/Users/runner/work/_temp/build/DerivedData/Build/Intermediates.noindex/ArchiveIntermediates/Potatso/IntermediateBuildFilesPath/Pods.build/Release-iphoneos/ICDMaterialActivityIndicatorView.build/ICDMaterialActivityIndicatorView-own-target-headers.hmap -I/Users/runner/work/_temp/build/DerivedData/Build/Intermediates.noindex/ArchiveIntermediates/Potatso/IntermediateBuildFilesPath/Pods.build/Release-iphoneos/ICDMaterialActivityIndicatorView.build/ICDMaterialActivityIndicatorView-all-non-framework-target-headers.hmap -ivfsoverlay /Users/runner/work/_temp/build/DerivedData/Build/Intermediates.noindex/ArchiveIntermediates/Potatso/IntermediateBuildFilesPath/Pods.build/Release-iphoneos/ICDMaterialActivityIndicatorView.build/all-product-headers.yaml -iquote /Users/runner/work/_temp/build/DerivedData/Build/Intermediates.noindex/ArchiveIntermediates/Potatso/IntermediateBuildFilesPath/Pods.build/Release-iphoneos/ICDMaterialActivityIndicatorView.build/ICDMaterialActivityIndicatorView-project-headers.hmap -I/Users/runner/work/_temp/build/DerivedData/Build/Intermediates.noindex/ArchiveIntermediates/Potatso/BuildProductsPath/Release-iphoneos/ICDMaterialActivityIndicatorView/include -I/Users/runner/work/_temp/build/DerivedData/Build/Intermediates.noindex/ArchiveIntermediates/Potatso/IntermediateBuildFilesPath/Pods.build/Release-iphoneos/ICDMaterialActivityIndicatorView.build/DerivedSources-normal/arm64 -I/Users/runner/work/_temp/build/DerivedData/Build/Intermediates.noindex/ArchiveIntermediates/Potatso/IntermediateBuildFilesPath/Pods.build/Release-iphoneos/ICDMaterialActivityIndicatorView.build/DerivedSources/arm64 -I/Users/runner/work/_temp/build/DerivedData/Build/Intermediates.noindex/ArchiveIntermediates/Potatso/IntermediateBuildFilesPath/Pods.build/Release-iphoneos/ICDMaterialActivityIndicatorView.build/DerivedSources -F/Users/runner/work/_temp/build/DerivedData/Build/Intermediates.noindex/ArchiveIntermediates/Potatso/BuildProductsPath/Release-iphoneos/ICDMaterialActivityIndicatorView

WriteAuxiliaryFile /Users/runner/work/_temp/build/DerivedData/Build/Intermediates.noindex/ArchiveIntermediates/Potatso/IntermediateBuildFilesPath/Pods.build/Release-iphoneos/ICDMaterialActivityIndicatorView.build/Objects-normal/arm64/7187679823f38a2a940e0043cdf9d637-common-args.resp (in target 'ICDMaterialActivityIndicatorView' from project 'Pods')
    cd /Users/runner/work/Potatso/Potatso/Pods
    write-file /Users/runner/work/_temp/build/DerivedData/Build/Intermediates.noindex/ArchiveIntermediates/Potatso/IntermediateBuildFilesPath/Pods.build/Release-iphoneos/ICDMaterialActivityIndicatorView.build/Objects-normal/arm64/7187679823f38a2a940e0043cdf9d637-common-args.resp
-target arm64-apple-ios12.0 '-std=gnu11' -fmodules -gmodules '-fmodules-cache-path=/Users/runner/work/_temp/build/DerivedData/ModuleCache.noindex' '-fmodule-name=ICDMaterialActivityIndicatorView' -fpascal-strings -Os -fno-common '-DPOD_CONFIGURATION_RELEASE=1' '-DCOCOAPODS=1' -isysroot /Applications/Xcode_15.4.app/Contents/Developer/Platforms/iPhoneOS.platform/Developer/SDKs/iPhoneOS17.5.sdk -g -iquote /Users/runner/work/_temp/build/DerivedData/Build/Intermediates.noindex/ArchiveIntermediates/Potatso/IntermediateBuildFilesPath/Pods.build/Release-iphoneos/ICDMaterialActivityIndicatorView.build/ICDMaterialActivityIndicatorView-generated-files.hmap -I/Users/runner/work/_temp/build/DerivedData/Build/Intermediates.noindex/ArchiveIntermediates/Potatso/IntermediateBuildFilesPath/Pods.build/Release-iphoneos/ICDMaterialActivityIndicatorView.build/ICDMaterialActivityIndicatorView-own-target-headers.hmap -I/Users/runner/work/_temp/build/DerivedData/Build/Intermediates.noindex/ArchiveIntermediates/Potatso/IntermediateBuildFilesPath/Pods.build/Release-iphoneos/ICDMaterialActivityIndicatorView.build/ICDMaterialActivityIndicatorView-all-non-framework-target-headers.hmap -ivfsoverlay /Users/runner/work/_temp/build/DerivedData/Build/Intermediates.noindex/ArchiveIntermediates/Potatso/IntermediateBuildFilesPath/Pods.build/Release-iphoneos/ICDMaterialActivityIndicatorView.build/all-product-headers.yaml -iquote /Users/runner/work/_temp/build/DerivedData/Build/Intermediates.noindex/ArchiveIntermediates/Potatso/IntermediateBuildFilesPath/Pods.build/Release-iphoneos/ICDMaterialActivityIndicatorView.build/ICDMaterialActivityIndicatorView-project-headers.hmap -I/Users/runner/work/_temp/build/DerivedData/Build/Intermediates.noindex/ArchiveIntermediates/Potatso/BuildProductsPath/Release-iphoneos/ICDMaterialActivityIndicatorView/include -I/Users/runner/work/_temp/build/DerivedData/Build/Intermediates.noindex/ArchiveIntermediates/Potatso/IntermediateBuildFilesPath/Pods.build/Release-iphoneos/ICDMaterialActivityIndicatorView.build/DerivedSources-normal/arm64 -I/Users/runner/work/_temp/build/DerivedData/Build/Intermediates.noindex/ArchiveIntermediates/Potatso/IntermediateBuildFilesPath/Pods.build/Release-iphoneos/ICDMaterialActivityIndicatorView.build/DerivedSources/arm64 -I/Users/runner/work/_temp/build/DerivedData/Build/Intermediates.noindex/ArchiveIntermediates/Potatso/IntermediateBuildFilesPath/Pods.build/Release-iphoneos/ICDMaterialActivityIndicatorView.build/DerivedSources -F/Users/runner/work/_temp/build/DerivedData/Build/Intermediates.noindex/ArchiveIntermediates/Potatso/BuildProductsPath/Release-iphoneos/ICDMaterialActivityIndicatorView

WriteAuxiliaryFile /Users/runner/work/_temp/build/DerivedData/Build/Intermediates.noindex/ArchiveIntermediates/Potatso/IntermediateBuildFilesPath/Pods.build/Release-iphoneos/ICDMaterialActivityIndicatorView.build/DerivedSources/ICDMaterialActivityIndicatorView_vers.c (in target 'ICDMaterialActivityIndicatorView' from project 'Pods')
    cd /Users/runner/work/Potatso/Potatso/Pods
    write-file /Users/runner/work/_temp/build/DerivedData/Build/Intermediates.noindex/ArchiveIntermediates/Potatso/IntermediateBuildFilesPath/Pods.build/Release-iphoneos/ICDMaterialActivityIndicatorView.build/DerivedSources/ICDMaterialActivityIndicatorView_vers.c

CreateBuildDirectory /Users/runner/work/_temp/build/DerivedData/Build/Intermediates.noindex/ArchiveIntermediates/Potatso/BuildProductsPath/Release-iphoneos/CocoaAsyncSocket
    cd /Users/runner/work/Potatso/Potatso
    builtin-create-build-directory /Users/runner/work/_temp/build/DerivedData/Build/Intermediates.noindex/ArchiveIntermediates/Potatso/BuildProductsPath/Release-iphoneos/CocoaAsyncSocket

WriteAuxiliaryFile /Users/runner/work/_temp/build/DerivedData/Build/Intermediates.noindex/ArchiveIntermediates/Potatso/IntermediateBuildFilesPath/Pods.build/Release-iphoneos/Eureka.build/unextended-module.modulemap (in target 'Eureka' from project 'Pods')
    cd /Users/runner/work/Potatso/Potatso/Pods
    write-file /Users/runner/work/_temp/build/DerivedData/Build/Intermediates.noindex/ArchiveIntermediates/Potatso/IntermediateBuildFilesPath/Pods.build/Release-iphoneos/Eureka.build/unextended-module.modulemap

WriteAuxiliaryFile /Users/runner/work/_temp/build/DerivedData/Build/Intermediates.noindex/ArchiveIntermediates/Potatso/IntermediateBuildFilesPath/Pods.build/Release-iphoneos/Eureka.build/unextended-module-overlay.yaml (in target 'Eureka' from project 'Pods')
    cd /Users/runner/work/Potatso/Potatso/Pods
    write-file /Users/runner/work/_temp/build/DerivedData/Build/Intermediates.noindex/ArchiveIntermediates/Potatso/IntermediateBuildFilesPath/Pods.build/Release-iphoneos/Eureka.build/unextended-module-overlay.yaml

WriteAuxiliaryFile /Users/runner/work/_temp/build/DerivedData/Build/Intermediates.noindex/ArchiveIntermediates/Potatso/IntermediateBuildFilesPath/Pods.build/Release-iphoneos/Eureka.build/module.modulemap (in target 'Eureka' from project 'Pods')
    cd /Users/runner/work/Potatso/Potatso/Pods
    write-file /Users/runner/work/_temp/build/DerivedData/Build/Intermediates.noindex/ArchiveIntermediates/Potatso/IntermediateBuildFilesPath/Pods.build/Release-iphoneos/Eureka.build/module.modulemap

WriteAuxiliaryFile /Users/runner/work/_temp/build/DerivedData/Build/Intermediates.noindex/ArchiveIntermediates/Potatso/IntermediateBuildFilesPath/Pods.build/Release-iphoneos/CocoaLumberjack.build/unextended-module.modulemap (in target 'CocoaLumberjack' from project 'Pods')
    cd /Users/runner/work/Potatso/Potatso/Pods
    write-file /Users/runner/work/_temp/build/DerivedData/Build/Intermediates.noindex/ArchiveIntermediates/Potatso/IntermediateBuildFilesPath/Pods.build/Release-iphoneos/CocoaLumberjack.build/unextended-module.modulemap

WriteAuxiliaryFile /Users/runner/work/_temp/build/DerivedData/Build/Intermediates.noindex/ArchiveIntermediates/Potatso/IntermediateBuildFilesPath/Pods.build/Release-iphoneos/CocoaLumberjack.build/unextended-module-overlay.yaml (in target 'CocoaLumberjack' from project 'Pods')
    cd /Users/runner/work/Potatso/Potatso/Pods
    write-file /Users/runner/work/_temp/build/DerivedData/Build/Intermediates.noindex/ArchiveIntermediates/Potatso/IntermediateBuildFilesPath/Pods.build/Release-iphoneos/CocoaLumberjack.build/unextended-module-overlay.yaml

WriteAuxiliaryFile /Users/runner/work/_temp/build/DerivedData/Build/Intermediates.noindex/ArchiveIntermediates/Potatso/IntermediateBuildFilesPath/Pods.build/Release-iphoneos/CocoaLumberjack.build/module.modulemap (in target 'CocoaLumberjack' from project 'Pods')
    cd /Users/runner/work/Potatso/Potatso/Pods
    write-file /Users/runner/work/_temp/build/DerivedData/Build/Intermediates.noindex/ArchiveIntermediates/Potatso/IntermediateBuildFilesPath/Pods.build/Release-iphoneos/CocoaLumberjack.build/module.modulemap

Copy /Users/runner/work/_temp/build/DerivedData/Build/Intermediates.noindex/ArchiveIntermediates/Potatso/IntermediateBuildFilesPath/UninstalledProducts/iphoneos/Eureka.framework/Modules/module.modulemap /Users/runner/work/_temp/build/DerivedData/Build/Intermediates.noindex/ArchiveIntermediates/Potatso/IntermediateBuildFilesPath/Pods.build/Release-iphoneos/Eureka.build/module.modulemap (in target 'Eureka' from project 'Pods')
    cd /Users/runner/work/Potatso/Potatso/Pods
    builtin-copy -exclude .DS_Store -exclude CVS -exclude .svn -exclude .git -exclude .hg -resolve-src-symlinks /Users/runner/work/_temp/build/DerivedData/Build/Intermediates.noindex/ArchiveIntermediates/Potatso/IntermediateBuildFilesPath/Pods.build/Release-iphoneos/Eureka.build/module.modulemap /Users/runner/work/_temp/build/DerivedData/Build/Intermediates.noindex/ArchiveIntermediates/Potatso/IntermediateBuildFilesPath/UninstalledProducts/iphoneos/Eureka.framework/Modules

Copy /Users/runner/work/_temp/build/DerivedData/Build/Intermediates.noindex/ArchiveIntermediates/Potatso/IntermediateBuildFilesPath/UninstalledProducts/iphoneos/CocoaLumberjack.framework/Modules/module.modulemap /Users/runner/work/_temp/build/DerivedData/Build/Intermediates.noindex/ArchiveIntermediates/Potatso/IntermediateBuildFilesPath/Pods.build/Release-iphoneos/CocoaLumberjack.build/module.modulemap (in target 'CocoaLumberjack' from project 'Pods')
    cd /Users/runner/work/Potatso/Potatso/Pods
    builtin-copy -exclude .DS_Store -exclude CVS -exclude .svn -exclude .git -exclude .hg -resolve-src-symlinks /Users/runner/work/_temp/build/DerivedData/Build/Intermediates.noindex/ArchiveIntermediates/Potatso/IntermediateBuildFilesPath/Pods.build/Release-iphoneos/CocoaLumberjack.build/module.modulemap /Users/runner/work/_temp/build/DerivedData/Build/Intermediates.noindex/ArchiveIntermediates/Potatso/IntermediateBuildFilesPath/UninstalledProducts/iphoneos/CocoaLumberjack.framework/Modules

SymLink /Users/runner/work/_temp/build/DerivedData/Build/Intermediates.noindex/ArchiveIntermediates/Potatso/BuildProductsPath/Release-iphoneos/CocoaAsyncSocket/CocoaAsyncSocket.framework ../../../IntermediateBuildFilesPath/UninstalledProducts/iphoneos/CocoaAsyncSocket.framework (in target 'CocoaAsyncSocket' from project 'Pods')
    cd /Users/runner/work/Potatso/Potatso/Pods
    /bin/ln -sfh ../../../IntermediateBuildFilesPath/UninstalledProducts/iphoneos/CocoaAsyncSocket.framework /Users/runner/work/_temp/build/DerivedData/Build/Intermediates.noindex/ArchiveIntermediates/Potatso/BuildProductsPath/Release-iphoneos/CocoaAsyncSocket/CocoaAsyncSocket.framework

MkDir /Users/runner/work/_temp/build/DerivedData/Build/Intermediates.noindex/ArchiveIntermediates/Potatso/IntermediateBuildFilesPath/UninstalledProducts/iphoneos/CocoaAsyncSocket.framework/Headers (in target 'CocoaAsyncSocket' from project 'Pods')
    cd /Users/runner/work/Potatso/Potatso/Pods
    /bin/mkdir -p /Users/runner/work/_temp/build/DerivedData/Build/Intermediates.noindex/ArchiveIntermediates/Potatso/IntermediateBuildFilesPath/UninstalledProducts/iphoneos/CocoaAsyncSocket.framework/Headers

MkDir /Users/runner/work/_temp/build/DerivedData/Build/Intermediates.noindex/ArchiveIntermediates/Potatso/IntermediateBuildFilesPath/UninstalledProducts/iphoneos/CocoaAsyncSocket.framework (in target 'CocoaAsyncSocket' from project 'Pods')
    cd /Users/runner/work/Potatso/Potatso/Pods
    /bin/mkdir -p /Users/runner/work/_temp/build/DerivedData/Build/Intermediates.noindex/ArchiveIntermediates/Potatso/IntermediateBuildFilesPath/UninstalledProducts/iphoneos/CocoaAsyncSocket.framework

CreateBuildDirectory /Users/runner/work/_temp/build/DerivedData/Build/Intermediates.noindex/ArchiveIntermediates/Potatso/BuildProductsPath/Release-iphoneos/Cartography
    cd /Users/runner/work/Potatso/Potatso
    builtin-create-build-directory /Users/runner/work/_temp/build/DerivedData/Build/Intermediates.noindex/ArchiveIntermediates/Potatso/BuildProductsPath/Release-iphoneos/Cartography

CreateBuildDirectory /Users/runner/work/_temp/build/DerivedData/Build/Intermediates.noindex/ArchiveIntermediates/Potatso/BuildProductsPath/Release-iphoneos/CallbackURLKit
    cd /Users/runner/work/Potatso/Potatso
    builtin-create-build-directory /Users/runner/work/_temp/build/DerivedData/Build/Intermediates.noindex/ArchiveIntermediates/Potatso/BuildProductsPath/Release-iphoneos/CallbackURLKit

SymLink /Users/runner/work/_temp/build/DerivedData/Build/Intermediates.noindex/ArchiveIntermediates/Potatso/BuildProductsPath/Release-iphoneos/Cartography/Cartography.framework ../../../IntermediateBuildFilesPath/UninstalledProducts/iphoneos/Cartography.framework (in target 'Cartography' from project 'Pods')
    cd /Users/runner/work/Potatso/Potatso/Pods
    /bin/ln -sfh ../../../IntermediateBuildFilesPath/UninstalledProducts/iphoneos/Cartography.framework /Users/runner/work/_temp/build/DerivedData/Build/Intermediates.noindex/ArchiveIntermediates/Potatso/BuildProductsPath/Release-iphoneos/Cartography/Cartography.framework

MkDir /Users/runner/work/_temp/build/DerivedData/Build/Intermediates.noindex/ArchiveIntermediates/Potatso/IntermediateBuildFilesPath/UninstalledProducts/iphoneos/Cartography.framework/Headers (in target 'Cartography' from project 'Pods')
    cd /Users/runner/work/Potatso/Potatso/Pods
    /bin/mkdir -p /Users/runner/work/_temp/build/DerivedData/Build/Intermediates.noindex/ArchiveIntermediates/Potatso/IntermediateBuildFilesPath/UninstalledProducts/iphoneos/Cartography.framework/Headers

CpHeader /Users/runner/work/_temp/build/DerivedData/Build/Intermediates.noindex/ArchiveIntermediates/Potatso/IntermediateBuildFilesPath/UninstalledProducts/iphoneos/Eureka.framework/Headers/Eureka-umbrella.h /Users/runner/work/Potatso/Potatso/Pods/Target\ Support\ Files/Eureka/Eureka-umbrella.h (in target 'Eureka' from project 'Pods')
    cd /Users/runner/work/Potatso/Potatso/Pods
    builtin-copy -exclude .DS_Store -exclude CVS -exclude .svn -exclude .git -exclude .hg -resolve-src-symlinks /Users/runner/work/Potatso/Potatso/Pods/Target\ Support\ Files/Eureka/Eureka-umbrella.h /Users/runner/work/_temp/build/DerivedData/Build/Intermediates.noindex/ArchiveIntermediates/Potatso/IntermediateBuildFilesPath/UninstalledProducts/iphoneos/Eureka.framework/Headers

ProcessInfoPlistFile /Users/runner/work/_temp/build/DerivedData/Build/Intermediates.noindex/ArchiveIntermediates/Potatso/IntermediateBuildFilesPath/UninstalledProducts/iphoneos/Eureka.framework/Info.plist /Users/runner/work/Potatso/Potatso/Pods/Target\ Support\ Files/Eureka/Eureka-Info.plist (in target 'Eureka' from project 'Pods')
    cd /Users/runner/work/Potatso/Potatso/Pods
    builtin-infoPlistUtility /Users/runner/work/Potatso/Potatso/Pods/Target\ Support\ Files/Eureka/Eureka-Info.plist -producttype com.apple.product-type.framework -expandbuildsettings -format binary -platform iphoneos -requiredArchitecture arm64 -o /Users/runner/work/_temp/build/DerivedData/Build/Intermediates.noindex/ArchiveIntermediates/Potatso/IntermediateBuildFilesPath/UninstalledProducts/iphoneos/Eureka.framework/Info.plist

CpHeader /Users/runner/work/_temp/build/DerivedData/Build/Intermediates.noindex/ArchiveIntermediates/Potatso/IntermediateBuildFilesPath/UninstalledProducts/iphoneos/CocoaLumberjack.framework/Headers/DDTTYLogger.h /Users/runner/work/Potatso/Potatso/Pods/CocoaLumberjack/Classes/DDTTYLogger.h (in target 'CocoaLumberjack' from project 'Pods')
    cd /Users/runner/work/Potatso/Potatso/Pods
    builtin-copy -exclude .DS_Store -exclude CVS -exclude .svn -exclude .git -exclude .hg -resolve-src-symlinks /Users/runner/work/Potatso/Potatso/Pods/CocoaLumberjack/Classes/DDTTYLogger.h /Users/runner/work/_temp/build/DerivedData/Build/Intermediates.noindex/ArchiveIntermediates/Potatso/IntermediateBuildFilesPath/UninstalledProducts/iphoneos/CocoaLumberjack.framework/Headers

CpHeader /Users/runner/work/_temp/build/DerivedData/Build/Intermediates.noindex/ArchiveIntermediates/Potatso/IntermediateBuildFilesPath/UninstalledProducts/iphoneos/CocoaLumberjack.framework/Headers/DDMultiFormatter.h /Users/runner/work/Potatso/Potatso/Pods/CocoaLumberjack/Classes/Extensions/DDMultiFormatter.h (in target 'CocoaLumberjack' from project 'Pods')
    cd /Users/runner/work/Potatso/Potatso/Pods
    builtin-copy -exclude .DS_Store -exclude CVS -exclude .svn -exclude .git -exclude .hg -resolve-src-symlinks /Users/runner/work/Potatso/Potatso/Pods/CocoaLumberjack/Classes/Extensions/DDMultiFormatter.h /Users/runner/work/_temp/build/DerivedData/Build/Intermediates.noindex/ArchiveIntermediates/Potatso/IntermediateBuildFilesPath/UninstalledProducts/iphoneos/CocoaLumberjack.framework/Headers

CpHeader /Users/runner/work/_temp/build/DerivedData/Build/Intermediates.noindex/ArchiveIntermediates/Potatso/IntermediateBuildFilesPath/UninstalledProducts/iphoneos/CocoaLumberjack.framework/Headers/DDLogMacros.h /Users/runner/work/Potatso/Potatso/Pods/CocoaLumberjack/Classes/DDLogMacros.h (in target 'CocoaLumberjack' from project 'Pods')
    cd /Users/runner/work/Potatso/Potatso/Pods
    builtin-copy -exclude .DS_Store -exclude CVS -exclude .svn -exclude .git -exclude .hg -resolve-src-symlinks /Users/runner/work/Potatso/Potatso/Pods/CocoaLumberjack/Classes/DDLogMacros.h /Users/runner/work/_temp/build/DerivedData/Build/Intermediates.noindex/ArchiveIntermediates/Potatso/IntermediateBuildFilesPath/UninstalledProducts/iphoneos/CocoaLumberjack.framework/Headers

CpHeader /Users/runner/work/_temp/build/DerivedData/Build/Intermediates.noindex/ArchiveIntermediates/Potatso/IntermediateBuildFilesPath/UninstalledProducts/iphoneos/CocoaLumberjack.framework/Headers/DDLog.h /Users/runner/work/Potatso/Potatso/Pods/CocoaLumberjack/Classes/DDLog.h (in target 'CocoaLumberjack' from project 'Pods')
    cd /Users/runner/work/Potatso/Potatso/Pods
    builtin-copy -exclude .DS_Store -exclude CVS -exclude .svn -exclude .git -exclude .hg -resolve-src-symlinks /Users/runner/work/Potatso/Potatso/Pods/CocoaLumberjack/Classes/DDLog.h /Users/runner/work/_temp/build/DerivedData/Build/Intermediates.noindex/ArchiveIntermediates/Potatso/IntermediateBuildFilesPath/UninstalledProducts/iphoneos/CocoaLumberjack.framework/Headers

CpHeader /Users/runner/work/_temp/build/DerivedData/Build/Intermediates.noindex/ArchiveIntermediates/Potatso/IntermediateBuildFilesPath/UninstalledProducts/iphoneos/CocoaLumberjack.framework/Headers/DDLog+LOGV.h /Users/runner/work/Potatso/Potatso/Pods/CocoaLumberjack/Classes/DDLog+LOGV.h (in target 'CocoaLumberjack' from project 'Pods')
    cd /Users/runner/work/Potatso/Potatso/Pods
    builtin-copy -exclude .DS_Store -exclude CVS -exclude .svn -exclude .git -exclude .hg -resolve-src-symlinks /Users/runner/work/Potatso/Potatso/Pods/CocoaLumberjack/Classes/DDLog+LOGV.h /Users/runner/work/_temp/build/DerivedData/Build/Intermediates.noindex/ArchiveIntermediates/Potatso/IntermediateBuildFilesPath/UninstalledProducts/iphoneos/CocoaLumberjack.framework/Headers

CpHeader /Users/runner/work/_temp/build/DerivedData/Build/Intermediates.noindex/ArchiveIntermediates/Potatso/IntermediateBuildFilesPath/UninstalledProducts/iphoneos/CocoaLumberjack.framework/Headers/DDLegacyMacros.h /Users/runner/work/Potatso/Potatso/Pods/CocoaLumberjack/Classes/DDLegacyMacros.h (in target 'CocoaLumberjack' from project 'Pods')
    cd /Users/runner/work/Potatso/Potatso/Pods
    builtin-copy -exclude .DS_Store -exclude CVS -exclude .svn -exclude .git -exclude .hg -resolve-src-symlinks /Users/runner/work/Potatso/Potatso/Pods/CocoaLumberjack/Classes/DDLegacyMacros.h /Users/runner/work/_temp/build/DerivedData/Build/Intermediates.noindex/ArchiveIntermediates/Potatso/IntermediateBuildFilesPath/UninstalledProducts/iphoneos/CocoaLumberjack.framework/Headers

CpHeader /Users/runner/work/_temp/build/DerivedData/Build/Intermediates.noindex/ArchiveIntermediates/Potatso/IntermediateBuildFilesPath/UninstalledProducts/iphoneos/CocoaLumberjack.framework/Headers/DDFileLogger.h /Users/runner/work/Potatso/Potatso/Pods/CocoaLumberjack/Classes/DDFileLogger.h (in target 'CocoaLumberjack' from project 'Pods')
    cd /Users/runner/work/Potatso/Potatso/Pods
    builtin-copy -exclude .DS_Store -exclude CVS -exclude .svn -exclude .git -exclude .hg -resolve-src-symlinks /Users/runner/work/Potatso/Potatso/Pods/CocoaLumberjack/Classes/DDFileLogger.h /Users/runner/work/_temp/build/DerivedData/Build/Intermediates.noindex/ArchiveIntermediates/Potatso/IntermediateBuildFilesPath/UninstalledProducts/iphoneos/CocoaLumberjack.framework/Headers

CpHeader /Users/runner/work/_temp/build/DerivedData/Build/Intermediates.noindex/ArchiveIntermediates/Potatso/IntermediateBuildFilesPath/UninstalledProducts/iphoneos/CocoaLumberjack.framework/Headers/DDDispatchQueueLogFormatter.h /Users/runner/work/Potatso/Potatso/Pods/CocoaLumberjack/Classes/Extensions/DDDispatchQueueLogFormatter.h (in target 'CocoaLumberjack' from project 'Pods')
    cd /Users/runner/work/Potatso/Potatso/Pods
    builtin-copy -exclude .DS_Store -exclude CVS -exclude .svn -exclude .git -exclude .hg -resolve-src-symlinks /Users/runner/work/Potatso/Potatso/Pods/CocoaLumberjack/Classes/Extensions/DDDispatchQueueLogFormatter.h /Users/runner/work/_temp/build/DerivedData/Build/Intermediates.noindex/ArchiveIntermediates/Potatso/IntermediateBuildFilesPath/UninstalledProducts/iphoneos/CocoaLumberjack.framework/Headers

CpHeader /Users/runner/work/_temp/build/DerivedData/Build/Intermediates.noindex/ArchiveIntermediates/Potatso/IntermediateBuildFilesPath/UninstalledProducts/iphoneos/CocoaLumberjack.framework/Headers/DDContextFilterLogFormatter.h /Users/runner/work/Potatso/Potatso/Pods/CocoaLumberjack/Classes/Extensions/DDContextFilterLogFormatter.h (in target 'CocoaLumberjack' from project 'Pods')
    cd /Users/runner/work/Potatso/Potatso/Pods
    builtin-copy -exclude .DS_Store -exclude CVS -exclude .svn -exclude .git -exclude .hg -resolve-src-symlinks /Users/runner/work/Potatso/Potatso/Pods/CocoaLumberjack/Classes/Extensions/DDContextFilterLogFormatter.h /Users/runner/work/_temp/build/DerivedData/Build/Intermediates.noindex/ArchiveIntermediates/Potatso/IntermediateBuildFilesPath/UninstalledProducts/iphoneos/CocoaLumberjack.framework/Headers

CpHeader /Users/runner/work/_temp/build/DerivedData/Build/Intermediates.noindex/ArchiveIntermediates/Potatso/IntermediateBuildFilesPath/UninstalledProducts/iphoneos/CocoaLumberjack.framework/Headers/DDAssertMacros.h /Users/runner/work/Potatso/Potatso/Pods/CocoaLumberjack/Classes/DDAssertMacros.h (in target 'CocoaLumberjack' from project 'Pods')
    cd /Users/runner/work/Potatso/Potatso/Pods
    builtin-copy -exclude .DS_Store -exclude CVS -exclude .svn -exclude .git -exclude .hg -resolve-src-symlinks /Users/runner/work/Potatso/Potatso/Pods/CocoaLumberjack/Classes/DDAssertMacros.h /Users/runner/work/_temp/build/DerivedData/Build/Intermediates.noindex/ArchiveIntermediates/Potatso/IntermediateBuildFilesPath/UninstalledProducts/iphoneos/CocoaLumberjack.framework/Headers

CpHeader /Users/runner/work/_temp/build/DerivedData/Build/Intermediates.noindex/ArchiveIntermediates/Potatso/IntermediateBuildFilesPath/UninstalledProducts/iphoneos/CocoaLumberjack.framework/Headers/DDAbstractDatabaseLogger.h /Users/runner/work/Potatso/Potatso/Pods/CocoaLumberjack/Classes/DDAbstractDatabaseLogger.h (in target 'CocoaLumberjack' from project 'Pods')
    cd /Users/runner/work/Potatso/Potatso/Pods
    builtin-copy -exclude .DS_Store -exclude CVS -exclude .svn -exclude .git -exclude .hg -resolve-src-symlinks /Users/runner/work/Potatso/Potatso/Pods/CocoaLumberjack/Classes/DDAbstractDatabaseLogger.h /Users/runner/work/_temp/build/DerivedData/Build/Intermediates.noindex/ArchiveIntermediates/Potatso/IntermediateBuildFilesPath/UninstalledProducts/iphoneos/CocoaLumberjack.framework/Headers

CpHeader /Users/runner/work/_temp/build/DerivedData/Build/Intermediates.noindex/ArchiveIntermediates/Potatso/IntermediateBuildFilesPath/UninstalledProducts/iphoneos/CocoaLumberjack.framework/Headers/DDASLLogger.h /Users/runner/work/Potatso/Potatso/Pods/CocoaLumberjack/Classes/DDASLLogger.h (in target 'CocoaLumberjack' from project 'Pods')
    cd /Users/runner/work/Potatso/Potatso/Pods
    builtin-copy -exclude .DS_Store -exclude CVS -exclude .svn -exclude .git -exclude .hg -resolve-src-symlinks /Users/runner/work/Potatso/Potatso/Pods/CocoaLumberjack/Classes/DDASLLogger.h /Users/runner/work/_temp/build/DerivedData/Build/Intermediates.noindex/ArchiveIntermediates/Potatso/IntermediateBuildFilesPath/UninstalledProducts/iphoneos/CocoaLumberjack.framework/Headers

CpHeader /Users/runner/work/_temp/build/DerivedData/Build/Intermediates.noindex/ArchiveIntermediates/Potatso/IntermediateBuildFilesPath/UninstalledProducts/iphoneos/CocoaLumberjack.framework/Headers/DDASLLogCapture.h /Users/runner/work/Potatso/Potatso/Pods/CocoaLumberjack/Classes/DDASLLogCapture.h (in target 'CocoaLumberjack' from project 'Pods')
    cd /Users/runner/work/Potatso/Potatso/Pods
    builtin-copy -exclude .DS_Store -exclude CVS -exclude .svn -exclude .git -exclude .hg -resolve-src-symlinks /Users/runner/work/Potatso/Potatso/Pods/CocoaLumberjack/Classes/DDASLLogCapture.h /Users/runner/work/_temp/build/DerivedData/Build/Intermediates.noindex/ArchiveIntermediates/Potatso/IntermediateBuildFilesPath/UninstalledProducts/iphoneos/CocoaLumberjack.framework/Headers

CpHeader /Users/runner/work/_temp/build/DerivedData/Build/Intermediates.noindex/ArchiveIntermediates/Potatso/IntermediateBuildFilesPath/UninstalledProducts/iphoneos/CocoaLumberjack.framework/Headers/CocoaLumberjack.h /Users/runner/work/Potatso/Potatso/Pods/CocoaLumberjack/Classes/CocoaLumberjack.h (in target 'CocoaLumberjack' from project 'Pods')
    cd /Users/runner/work/Potatso/Potatso/Pods
    builtin-copy -exclude .DS_Store -exclude CVS -exclude .svn -exclude .git -exclude .hg -resolve-src-symlinks /Users/runner/work/Potatso/Potatso/Pods/CocoaLumberjack/Classes/CocoaLumberjack.h /Users/runner/work/_temp/build/DerivedData/Build/Intermediates.noindex/ArchiveIntermediates/Potatso/IntermediateBuildFilesPath/UninstalledProducts/iphoneos/CocoaLumberjack.framework/Headers

CpHeader /Users/runner/work/_temp/build/DerivedData/Build/Intermediates.noindex/ArchiveIntermediates/Potatso/IntermediateBuildFilesPath/UninstalledProducts/iphoneos/CocoaLumberjack.framework/Headers/CocoaLumberjack-umbrella.h /Users/runner/work/Potatso/Potatso/Pods/Target\ Support\ Files/CocoaLumberjack/CocoaLumberjack-umbrella.h (in target 'CocoaLumberjack' from project 'Pods')
    cd /Users/runner/work/Potatso/Potatso/Pods
    builtin-copy -exclude .DS_Store -exclude CVS -exclude .svn -exclude .git -exclude .hg -resolve-src-symlinks /Users/runner/work/Potatso/Potatso/Pods/Target\ Support\ Files/CocoaLumberjack/CocoaLumberjack-umbrella.h /Users/runner/work/_temp/build/DerivedData/Build/Intermediates.noindex/ArchiveIntermediates/Potatso/IntermediateBuildFilesPath/UninstalledProducts/iphoneos/CocoaLumberjack.framework/Headers

ProcessInfoPlistFile /Users/runner/work/_temp/build/DerivedData/Build/Intermediates.noindex/ArchiveIntermediates/Potatso/IntermediateBuildFilesPath/UninstalledProducts/iphoneos/CocoaLumberjack.framework/Info.plist /Users/runner/work/Potatso/Potatso/Pods/Target\ Support\ Files/CocoaLumberjack/CocoaLumberjack-Info.plist (in target 'CocoaLumberjack' from project 'Pods')
    cd /Users/runner/work/Potatso/Potatso/Pods
    builtin-infoPlistUtility /Users/runner/work/Potatso/Potatso/Pods/Target\ Support\ Files/CocoaLumberjack/CocoaLumberjack-Info.plist -producttype com.apple.product-type.framework -expandbuildsettings -format binary -platform iphoneos -requiredArchitecture arm64 -o /Users/runner/work/_temp/build/DerivedData/Build/Intermediates.noindex/ArchiveIntermediates/Potatso/IntermediateBuildFilesPath/UninstalledProducts/iphoneos/CocoaLumberjack.framework/Info.plist

MkDir /Users/runner/work/_temp/build/DerivedData/Build/Intermediates.noindex/ArchiveIntermediates/Potatso/IntermediateBuildFilesPath/UninstalledProducts/iphoneos/Cartography.framework (in target 'Cartography' from project 'Pods')
    cd /Users/runner/work/Potatso/Potatso/Pods
    /bin/mkdir -p /Users/runner/work/_temp/build/DerivedData/Build/Intermediates.noindex/ArchiveIntermediates/Potatso/IntermediateBuildFilesPath/UninstalledProducts/iphoneos/Cartography.framework

SymLink /Users/runner/work/_temp/build/DerivedData/Build/Intermediates.noindex/ArchiveIntermediates/Potatso/BuildProductsPath/Release-iphoneos/CallbackURLKit/CallbackURLKit.framework ../../../IntermediateBuildFilesPath/UninstalledProducts/iphoneos/CallbackURLKit.framework (in target 'CallbackURLKit' from project 'Pods')
    cd /Users/runner/work/Potatso/Potatso/Pods
    /bin/ln -sfh ../../../IntermediateBuildFilesPath/UninstalledProducts/iphoneos/CallbackURLKit.framework /Users/runner/work/_temp/build/DerivedData/Build/Intermediates.noindex/ArchiveIntermediates/Potatso/BuildProductsPath/Release-iphoneos/CallbackURLKit/CallbackURLKit.framework

MkDir /Users/runner/work/_temp/build/DerivedData/Build/Intermediates.noindex/ArchiveIntermediates/Potatso/IntermediateBuildFilesPath/UninstalledProducts/iphoneos/CallbackURLKit.framework/Headers (in target 'CallbackURLKit' from project 'Pods')
    cd /Users/runner/work/Potatso/Potatso/Pods
    /bin/mkdir -p /Users/runner/work/_temp/build/DerivedData/Build/Intermediates.noindex/ArchiveIntermediates/Potatso/IntermediateBuildFilesPath/UninstalledProducts/iphoneos/CallbackURLKit.framework/Headers

MkDir /Users/runner/work/_temp/build/DerivedData/Build/Intermediates.noindex/ArchiveIntermediates/Potatso/IntermediateBuildFilesPath/UninstalledProducts/iphoneos/CallbackURLKit.framework (in target 'CallbackURLKit' from project 'Pods')
    cd /Users/runner/work/Potatso/Potatso/Pods
    /bin/mkdir -p /Users/runner/work/_temp/build/DerivedData/Build/Intermediates.noindex/ArchiveIntermediates/Potatso/IntermediateBuildFilesPath/UninstalledProducts/iphoneos/CallbackURLKit.framework

WriteAuxiliaryFile /Users/runner/work/_temp/build/DerivedData/Build/Intermediates.noindex/ArchiveIntermediates/Potatso/IntermediateBuildFilesPath/Pods.build/Release-iphoneos/Eureka.build/Objects-normal/arm64/Eureka.LinkFileList (in target 'Eureka' from project 'Pods')
    cd /Users/runner/work/Potatso/Potatso/Pods
    write-file /Users/runner/work/_temp/build/DerivedData/Build/Intermediates.noindex/ArchiveIntermediates/Potatso/IntermediateBuildFilesPath/Pods.build/Release-iphoneos/Eureka.build/Objects-normal/arm64/Eureka.LinkFileList

WriteAuxiliaryFile /Users/runner/work/_temp/build/DerivedData/Build/Intermediates.noindex/ArchiveIntermediates/Potatso/IntermediateBuildFilesPath/Pods.build/Release-iphoneos/Eureka.build/Objects-normal/arm64/e6072d4f65d7061329687fe24e3d63a7-common-args.resp (in target 'Eureka' from project 'Pods')
    cd /Users/runner/work/Potatso/Potatso/Pods
    write-file /Users/runner/work/_temp/build/DerivedData/Build/Intermediates.noindex/ArchiveIntermediates/Potatso/IntermediateBuildFilesPath/Pods.build/Release-iphoneos/Eureka.build/Objects-normal/arm64/e6072d4f65d7061329687fe24e3d63a7-common-args.resp
-target arm64-apple-ios12.0 '-std=gnu11' -fobjc-arc -fobjc-weak -fmodules -gmodules '-fmodules-cache-path=/Users/runner/work/_temp/build/DerivedData/ModuleCache.noindex' '-fmodule-name=Eureka' -fpascal-strings -Os -fno-common '-DPOD_CONFIGURATION_RELEASE=1' '-DCOCOAPODS=1' '-DNS_BLOCK_ASSERTIONS=1' '-DOBJC_OLD_DISPATCH_PROTOTYPES=0' -isysroot /Applications/Xcode_15.4.app/Contents/Developer/Platforms/iPhoneOS.platform/Developer/SDKs/iPhoneOS17.5.sdk -g -iquote /Users/runner/work/_temp/build/DerivedData/Build/Intermediates.noindex/ArchiveIntermediates/Potatso/IntermediateBuildFilesPath/Pods.build/Release-iphoneos/Eureka.build/Eureka-generated-files.hmap -I/Users/runner/work/_temp/build/DerivedData/Build/Intermediates.noindex/ArchiveIntermediates/Potatso/IntermediateBuildFilesPath/Pods.build/Release-iphoneos/Eureka.build/Eureka-own-target-headers.hmap -I/Users/runner/work/_temp/build/DerivedData/Build/Intermediates.noindex/ArchiveIntermediates/Potatso/IntermediateBuildFilesPath/Pods.build/Release-iphoneos/Eureka.build/Eureka-all-non-framework-target-headers.hmap -ivfsoverlay /Users/runner/work/_temp/build/DerivedData/Build/Intermediates.noindex/ArchiveIntermediates/Potatso/IntermediateBuildFilesPath/Pods.build/Release-iphoneos/Eureka.build/all-product-headers.yaml -iquote /Users/runner/work/_temp/build/DerivedData/Build/Intermediates.noindex/ArchiveIntermediates/Potatso/IntermediateBuildFilesPath/Pods.build/Release-iphoneos/Eureka.build/Eureka-project-headers.hmap -I/Users/runner/work/_temp/build/DerivedData/Build/Intermediates.noindex/ArchiveIntermediates/Potatso/BuildProductsPath/Release-iphoneos/Eureka/include -I/Users/runner/work/_temp/build/DerivedData/Build/Intermediates.noindex/ArchiveIntermediates/Potatso/IntermediateBuildFilesPath/Pods.build/Release-iphoneos/Eureka.build/DerivedSources-normal/arm64 -I/Users/runner/work/_temp/build/DerivedData/Build/Intermediates.noindex/ArchiveIntermediates/Potatso/IntermediateBuildFilesPath/Pods.build/Release-iphoneos/Eureka.build/DerivedSources/arm64 -I/Users/runner/work/_temp/build/DerivedData/Build/Intermediates.noindex/ArchiveIntermediates/Potatso/IntermediateBuildFilesPath/Pods.build/Release-iphoneos/Eureka.build/DerivedSources -F/Users/runner/work/_temp/build/DerivedData/Build/Intermediates.noindex/ArchiveIntermediates/Potatso/BuildProductsPath/Release-iphoneos/Eureka

WriteAuxiliaryFile /Users/runner/work/_temp/build/DerivedData/Build/Intermediates.noindex/ArchiveIntermediates/Potatso/IntermediateBuildFilesPath/Pods.build/Release-iphoneos/Eureka.build/Objects-normal/arm64/Eureka_const_extract_protocols.json (in target 'Eureka' from project 'Pods')
    cd /Users/runner/work/Potatso/Potatso/Pods
    write-file /Users/runner/work/_temp/build/DerivedData/Build/Intermediates.noindex/ArchiveIntermediates/Potatso/IntermediateBuildFilesPath/Pods.build/Release-iphoneos/Eureka.build/Objects-normal/arm64/Eureka_const_extract_protocols.json

WriteAuxiliaryFile /Users/runner/work/_temp/build/DerivedData/Build/Intermediates.noindex/ArchiveIntermediates/Potatso/IntermediateBuildFilesPath/Pods.build/Release-iphoneos/Eureka.build/Objects-normal/arm64/Eureka.SwiftFileList (in target 'Eureka' from project 'Pods')
    cd /Users/runner/work/Potatso/Potatso/Pods
    write-file /Users/runner/work/_temp/build/DerivedData/Build/Intermediates.noindex/ArchiveIntermediates/Potatso/IntermediateBuildFilesPath/Pods.build/Release-iphoneos/Eureka.build/Objects-normal/arm64/Eureka.SwiftFileList

WriteAuxiliaryFile /Users/runner/work/_temp/build/DerivedData/Build/Intermediates.noindex/ArchiveIntermediates/Potatso/IntermediateBuildFilesPath/Pods.build/Release-iphoneos/Eureka.build/Objects-normal/arm64/Eureka-OutputFileMap.json (in target 'Eureka' from project 'Pods')
    cd /Users/runner/work/Potatso/Potatso/Pods
    write-file /Users/runner/work/_temp/build/DerivedData/Build/Intermediates.noindex/ArchiveIntermediates/Potatso/IntermediateBuildFilesPath/Pods.build/Release-iphoneos/Eureka.build/Objects-normal/arm64/Eureka-OutputFileMap.json

WriteAuxiliaryFile /Users/runner/work/_temp/build/DerivedData/Build/Intermediates.noindex/ArchiveIntermediates/Potatso/IntermediateBuildFilesPath/Pods.build/Release-iphoneos/Eureka.build/Objects-normal/arm64/7187679823f38a2a940e0043cdf9d637-common-args.resp (in target 'Eureka' from project 'Pods')
    cd /Users/runner/work/Potatso/Potatso/Pods
    write-file /Users/runner/work/_temp/build/DerivedData/Build/Intermediates.noindex/ArchiveIntermediates/Potatso/IntermediateBuildFilesPath/Pods.build/Release-iphoneos/Eureka.build/Objects-normal/arm64/7187679823f38a2a940e0043cdf9d637-common-args.resp
-target arm64-apple-ios12.0 '-std=gnu11' -fmodules -gmodules '-fmodules-cache-path=/Users/runner/work/_temp/build/DerivedData/ModuleCache.noindex' '-fmodule-name=Eureka' -fpascal-strings -Os -fno-common '-DPOD_CONFIGURATION_RELEASE=1' '-DCOCOAPODS=1' -isysroot /Applications/Xcode_15.4.app/Contents/Developer/Platforms/iPhoneOS.platform/Developer/SDKs/iPhoneOS17.5.sdk -g -iquote /Users/runner/work/_temp/build/DerivedData/Build/Intermediates.noindex/ArchiveIntermediates/Potatso/IntermediateBuildFilesPath/Pods.build/Release-iphoneos/Eureka.build/Eureka-generated-files.hmap -I/Users/runner/work/_temp/build/DerivedData/Build/Intermediates.noindex/ArchiveIntermediates/Potatso/IntermediateBuildFilesPath/Pods.build/Release-iphoneos/Eureka.build/Eureka-own-target-headers.hmap -I/Users/runner/work/_temp/build/DerivedData/Build/Intermediates.noindex/ArchiveIntermediates/Potatso/IntermediateBuildFilesPath/Pods.build/Release-iphoneos/Eureka.build/Eureka-all-non-framework-target-headers.hmap -ivfsoverlay /Users/runner/work/_temp/build/DerivedData/Build/Intermediates.noindex/ArchiveIntermediates/Potatso/IntermediateBuildFilesPath/Pods.build/Release-iphoneos/Eureka.build/all-product-headers.yaml -iquote /Users/runner/work/_temp/build/DerivedData/Build/Intermediates.noindex/ArchiveIntermediates/Potatso/IntermediateBuildFilesPath/Pods.build/Release-iphoneos/Eureka.build/Eureka-project-headers.hmap -I/Users/runner/work/_temp/build/DerivedData/Build/Intermediates.noindex/ArchiveIntermediates/Potatso/BuildProductsPath/Release-iphoneos/Eureka/include -I/Users/runner/work/_temp/build/DerivedData/Build/Intermediates.noindex/ArchiveIntermediates/Potatso/IntermediateBuildFilesPath/Pods.build/Release-iphoneos/Eureka.build/DerivedSources-normal/arm64 -I/Users/runner/work/_temp/build/DerivedData/Build/Intermediates.noindex/ArchiveIntermediates/Potatso/IntermediateBuildFilesPath/Pods.build/Release-iphoneos/Eureka.build/DerivedSources/arm64 -I/Users/runner/work/_temp/build/DerivedData/Build/Intermediates.noindex/ArchiveIntermediates/Potatso/IntermediateBuildFilesPath/Pods.build/Release-iphoneos/Eureka.build/DerivedSources -F/Users/runner/work/_temp/build/DerivedData/Build/Intermediates.noindex/ArchiveIntermediates/Potatso/BuildProductsPath/Release-iphoneos/Eureka

WriteAuxiliaryFile /Users/runner/work/_temp/build/DerivedData/Build/Intermediates.noindex/ArchiveIntermediates/Potatso/IntermediateBuildFilesPath/Pods.build/Release-iphoneos/Eureka.build/DerivedSources/Eureka_vers.c (in target 'Eureka' from project 'Pods')
    cd /Users/runner/work/Potatso/Potatso/Pods
    write-file /Users/runner/work/_temp/build/DerivedData/Build/Intermediates.noindex/ArchiveIntermediates/Potatso/IntermediateBuildFilesPath/Pods.build/Release-iphoneos/Eureka.build/DerivedSources/Eureka_vers.c

CpResource /Users/runner/work/_temp/build/DerivedData/Build/Intermediates.noindex/ArchiveIntermediates/Potatso/IntermediateBuildFilesPath/UninstalledProducts/iphoneos/Eureka.framework/Eureka.bundle /Users/runner/work/Potatso/Potatso/Pods/Eureka/Source/Resources/Eureka.bundle (in target 'Eureka' from project 'Pods')
    cd /Users/runner/work/Potatso/Potatso/Pods
    builtin-copy -exclude .DS_Store -exclude CVS -exclude .svn -exclude .git -exclude .hg -resolve-src-symlinks /Users/runner/work/Potatso/Potatso/Pods/Eureka/Source/Resources/Eureka.bundle /Users/runner/work/_temp/build/DerivedData/Build/Intermediates.noindex/ArchiveIntermediates/Potatso/IntermediateBuildFilesPath/UninstalledProducts/iphoneos/Eureka.framework

WriteAuxiliaryFile /Users/runner/work/_temp/build/DerivedData/Build/Intermediates.noindex/ArchiveIntermediates/Potatso/IntermediateBuildFilesPath/Pods.build/Release-iphoneos/CocoaLumberjack.build/Objects-normal/arm64/CocoaLumberjack.LinkFileList (in target 'CocoaLumberjack' from project 'Pods')
    cd /Users/runner/work/Potatso/Potatso/Pods
    write-file /Users/runner/work/_temp/build/DerivedData/Build/Intermediates.noindex/ArchiveIntermediates/Potatso/IntermediateBuildFilesPath/Pods.build/Release-iphoneos/CocoaLumberjack.build/Objects-normal/arm64/CocoaLumberjack.LinkFileList

WriteAuxiliaryFile /Users/runner/work/_temp/build/DerivedData/Build/Intermediates.noindex/ArchiveIntermediates/Potatso/IntermediateBuildFilesPath/Pods.build/Release-iphoneos/CocoaLumberjack.build/Objects-normal/arm64/e6072d4f65d7061329687fe24e3d63a7-common-args.resp (in target 'CocoaLumberjack' from project 'Pods')
    cd /Users/runner/work/Potatso/Potatso/Pods
    write-file /Users/runner/work/_temp/build/DerivedData/Build/Intermediates.noindex/ArchiveIntermediates/Potatso/IntermediateBuildFilesPath/Pods.build/Release-iphoneos/CocoaLumberjack.build/Objects-normal/arm64/e6072d4f65d7061329687fe24e3d63a7-common-args.resp
-target arm64-apple-ios12.0 '-std=gnu11' -fobjc-arc -fobjc-weak -fmodules -gmodules '-fmodules-cache-path=/Users/runner/work/_temp/build/DerivedData/ModuleCache.noindex' '-fmodule-name=CocoaLumberjack' -fpascal-strings -Os -fno-common '-DPOD_CONFIGURATION_RELEASE=1' '-DCOCOAPODS=1' '-DNS_BLOCK_ASSERTIONS=1' '-DOBJC_OLD_DISPATCH_PROTOTYPES=0' -isysroot /Applications/Xcode_15.4.app/Contents/Developer/Platforms/iPhoneOS.platform/Developer/SDKs/iPhoneOS17.5.sdk -g -iquote /Users/runner/work/_temp/build/DerivedData/Build/Intermediates.noindex/ArchiveIntermediates/Potatso/IntermediateBuildFilesPath/Pods.build/Release-iphoneos/CocoaLumberjack.build/CocoaLumberjack-generated-files.hmap -I/Users/runner/work/_temp/build/DerivedData/Build/Intermediates.noindex/ArchiveIntermediates/Potatso/IntermediateBuildFilesPath/Pods.build/Release-iphoneos/CocoaLumberjack.build/CocoaLumberjack-own-target-headers.hmap -I/Users/runner/work/_temp/build/DerivedData/Build/Intermediates.noindex/ArchiveIntermediates/Potatso/IntermediateBuildFilesPath/Pods.build/Release-iphoneos/CocoaLumberjack.build/CocoaLumberjack-all-non-framework-target-headers.hmap -ivfsoverlay /Users/runner/work/_temp/build/DerivedData/Build/Intermediates.noindex/ArchiveIntermediates/Potatso/IntermediateBuildFilesPath/Pods.build/Release-iphoneos/CocoaLumberjack.build/all-product-headers.yaml -iquote /Users/runner/work/_temp/build/DerivedData/Build/Intermediates.noindex/ArchiveIntermediates/Potatso/IntermediateBuildFilesPath/Pods.build/Release-iphoneos/CocoaLumberjack.build/CocoaLumberjack-project-headers.hmap -I/Users/runner/work/_temp/build/DerivedData/Build/Intermediates.noindex/ArchiveIntermediates/Potatso/BuildProductsPath/Release-iphoneos/CocoaLumberjack/include -I/Users/runner/work/_temp/build/DerivedData/Build/Intermediates.noindex/ArchiveIntermediates/Potatso/IntermediateBuildFilesPath/Pods.build/Release-iphoneos/CocoaLumberjack.build/DerivedSources-normal/arm64 -I/Users/runner/work/_temp/build/DerivedData/Build/Intermediates.noindex/ArchiveIntermediates/Potatso/IntermediateBuildFilesPath/Pods.build/Release-iphoneos/CocoaLumberjack.build/DerivedSources/arm64 -I/Users/runner/work/_temp/build/DerivedData/Build/Intermediates.noindex/ArchiveIntermediates/Potatso/IntermediateBuildFilesPath/Pods.build/Release-iphoneos/CocoaLumberjack.build/DerivedSources -F/Users/runner/work/_temp/build/DerivedData/Build/Intermediates.noindex/ArchiveIntermediates/Potatso/BuildProductsPath/Release-iphoneos/CocoaLumberjack

WriteAuxiliaryFile /Users/runner/work/_temp/build/DerivedData/Build/Intermediates.noindex/ArchiveIntermediates/Potatso/IntermediateBuildFilesPath/Pods.build/Release-iphoneos/CocoaLumberjack.build/Objects-normal/arm64/CocoaLumberjack_const_extract_protocols.json (in target 'CocoaLumberjack' from project 'Pods')
    cd /Users/runner/work/Potatso/Potatso/Pods
    write-file /Users/runner/work/_temp/build/DerivedData/Build/Intermediates.noindex/ArchiveIntermediates/Potatso/IntermediateBuildFilesPath/Pods.build/Release-iphoneos/CocoaLumberjack.build/Objects-normal/arm64/CocoaLumberjack_const_extract_protocols.json

WriteAuxiliaryFile /Users/runner/work/_temp/build/DerivedData/Build/Intermediates.noindex/ArchiveIntermediates/Potatso/IntermediateBuildFilesPath/Pods.build/Release-iphoneos/CocoaLumberjack.build/Objects-normal/arm64/CocoaLumberjack.SwiftFileList (in target 'CocoaLumberjack' from project 'Pods')
    cd /Users/runner/work/Potatso/Potatso/Pods
    write-file /Users/runner/work/_temp/build/DerivedData/Build/Intermediates.noindex/ArchiveIntermediates/Potatso/IntermediateBuildFilesPath/Pods.build/Release-iphoneos/CocoaLumberjack.build/Objects-normal/arm64/CocoaLumberjack.SwiftFileList

WriteAuxiliaryFile /Users/runner/work/_temp/build/DerivedData/Build/Intermediates.noindex/ArchiveIntermediates/Potatso/IntermediateBuildFilesPath/Pods.build/Release-iphoneos/CocoaLumberjack.build/Objects-normal/arm64/CocoaLumberjack-OutputFileMap.json (in target 'CocoaLumberjack' from project 'Pods')
    cd /Users/runner/work/Potatso/Potatso/Pods
    write-file /Users/runner/work/_temp/build/DerivedData/Build/Intermediates.noindex/ArchiveIntermediates/Potatso/IntermediateBuildFilesPath/Pods.build/Release-iphoneos/CocoaLumberjack.build/Objects-normal/arm64/CocoaLumberjack-OutputFileMap.json

WriteAuxiliaryFile /Users/runner/work/_temp/build/DerivedData/Build/Intermediates.noindex/ArchiveIntermediates/Potatso/IntermediateBuildFilesPath/Pods.build/Release-iphoneos/CocoaLumberjack.build/Objects-normal/arm64/7187679823f38a2a940e0043cdf9d637-common-args.resp (in target 'CocoaLumberjack' from project 'Pods')
    cd /Users/runner/work/Potatso/Potatso/Pods
    write-file /Users/runner/work/_temp/build/DerivedData/Build/Intermediates.noindex/ArchiveIntermediates/Potatso/IntermediateBuildFilesPath/Pods.build/Release-iphoneos/CocoaLumberjack.build/Objects-normal/arm64/7187679823f38a2a940e0043cdf9d637-common-args.resp
-target arm64-apple-ios12.0 '-std=gnu11' -fmodules -gmodules '-fmodules-cache-path=/Users/runner/work/_temp/build/DerivedData/ModuleCache.noindex' '-fmodule-name=CocoaLumberjack' -fpascal-strings -Os -fno-common '-DPOD_CONFIGURATION_RELEASE=1' '-DCOCOAPODS=1' -isysroot /Applications/Xcode_15.4.app/Contents/Developer/Platforms/iPhoneOS.platform/Developer/SDKs/iPhoneOS17.5.sdk -g -iquote /Users/runner/work/_temp/build/DerivedData/Build/Intermediates.noindex/ArchiveIntermediates/Potatso/IntermediateBuildFilesPath/Pods.build/Release-iphoneos/CocoaLumberjack.build/CocoaLumberjack-generated-files.hmap -I/Users/runner/work/_temp/build/DerivedData/Build/Intermediates.noindex/ArchiveIntermediates/Potatso/IntermediateBuildFilesPath/Pods.build/Release-iphoneos/CocoaLumberjack.build/CocoaLumberjack-own-target-headers.hmap -I/Users/runner/work/_temp/build/DerivedData/Build/Intermediates.noindex/ArchiveIntermediates/Potatso/IntermediateBuildFilesPath/Pods.build/Release-iphoneos/CocoaLumberjack.build/CocoaLumberjack-all-non-framework-target-headers.hmap -ivfsoverlay /Users/runner/work/_temp/build/DerivedData/Build/Intermediates.noindex/ArchiveIntermediates/Potatso/IntermediateBuildFilesPath/Pods.build/Release-iphoneos/CocoaLumberjack.build/all-product-headers.yaml -iquote /Users/runner/work/_temp/build/DerivedData/Build/Intermediates.noindex/ArchiveIntermediates/Potatso/IntermediateBuildFilesPath/Pods.build/Release-iphoneos/CocoaLumberjack.build/CocoaLumberjack-project-headers.hmap -I/Users/runner/work/_temp/build/DerivedData/Build/Intermediates.noindex/ArchiveIntermediates/Potatso/BuildProductsPath/Release-iphoneos/CocoaLumberjack/include -I/Users/runner/work/_temp/build/DerivedData/Build/Intermediates.noindex/ArchiveIntermediates/Potatso/IntermediateBuildFilesPath/Pods.build/Release-iphoneos/CocoaLumberjack.build/DerivedSources-normal/arm64 -I/Users/runner/work/_temp/build/DerivedData/Build/Intermediates.noindex/ArchiveIntermediates/Potatso/IntermediateBuildFilesPath/Pods.build/Release-iphoneos/CocoaLumberjack.build/DerivedSources/arm64 -I/Users/runner/work/_temp/build/DerivedData/Build/Intermediates.noindex/ArchiveIntermediates/Potatso/IntermediateBuildFilesPath/Pods.build/Release-iphoneos/CocoaLumberjack.build/DerivedSources -F/Users/runner/work/_temp/build/DerivedData/Build/Intermediates.noindex/ArchiveIntermediates/Potatso/BuildProductsPath/Release-iphoneos/CocoaLumberjack

WriteAuxiliaryFile /Users/runner/work/_temp/build/DerivedData/Build/Intermediates.noindex/ArchiveIntermediates/Potatso/IntermediateBuildFilesPath/Pods.build/Release-iphoneos/CocoaLumberjack.build/DerivedSources/CocoaLumberjack_vers.c (in target 'CocoaLumberjack' from project 'Pods')
    cd /Users/runner/work/Potatso/Potatso/Pods
    write-file /Users/runner/work/_temp/build/DerivedData/Build/Intermediates.noindex/ArchiveIntermediates/Potatso/IntermediateBuildFilesPath/Pods.build/Release-iphoneos/CocoaLumberjack.build/DerivedSources/CocoaLumberjack_vers.c

CreateBuildDirectory /Users/runner/work/_temp/build/DerivedData/Build/Intermediates.noindex/ArchiveIntermediates/Potatso/BuildProductsPath/Release-iphoneos/AsyncSwift
    cd /Users/runner/work/Potatso/Potatso
    builtin-create-build-directory /Users/runner/work/_temp/build/DerivedData/Build/Intermediates.noindex/ArchiveIntermediates/Potatso/BuildProductsPath/Release-iphoneos/AsyncSwift

CreateBuildDirectory /Users/runner/work/_temp/build/DerivedData/Build/Intermediates.noindex/ArchiveIntermediates/Potatso/BuildProductsPath/Release-iphoneos/Aspects
    cd /Users/runner/work/Potatso/Potatso
    builtin-create-build-directory /Users/runner/work/_temp/build/DerivedData/Build/Intermediates.noindex/ArchiveIntermediates/Potatso/BuildProductsPath/Release-iphoneos/Aspects

WriteAuxiliaryFile /Users/runner/work/_temp/build/DerivedData/Build/Intermediates.noindex/ArchiveIntermediates/Potatso/IntermediateBuildFilesPath/Pods.build/Release-iphoneos/CocoaAsyncSocket.build/all-product-headers.yaml (in target 'CocoaAsyncSocket' from project 'Pods')
    cd /Users/runner/work/Potatso/Potatso/Pods
    write-file /Users/runner/work/_temp/build/DerivedData/Build/Intermediates.noindex/ArchiveIntermediates/Potatso/IntermediateBuildFilesPath/Pods.build/Release-iphoneos/CocoaAsyncSocket.build/all-product-headers.yaml

WriteAuxiliaryFile /Users/runner/work/_temp/build/DerivedData/Build/Intermediates.noindex/ArchiveIntermediates/Potatso/IntermediateBuildFilesPath/Pods.build/Release-iphoneos/CocoaAsyncSocket.build/CocoaAsyncSocket.hmap (in target 'CocoaAsyncSocket' from project 'Pods')
    cd /Users/runner/work/Potatso/Potatso/Pods
    write-file /Users/runner/work/_temp/build/DerivedData/Build/Intermediates.noindex/ArchiveIntermediates/Potatso/IntermediateBuildFilesPath/Pods.build/Release-iphoneos/CocoaAsyncSocket.build/CocoaAsyncSocket.hmap

WriteAuxiliaryFile /Users/runner/work/_temp/build/DerivedData/Build/Intermediates.noindex/ArchiveIntermediates/Potatso/IntermediateBuildFilesPath/Pods.build/Release-iphoneos/CocoaAsyncSocket.build/CocoaAsyncSocket-project-headers.hmap (in target 'CocoaAsyncSocket' from project 'Pods')
    cd /Users/runner/work/Potatso/Potatso/Pods
    write-file /Users/runner/work/_temp/build/DerivedData/Build/Intermediates.noindex/ArchiveIntermediates/Potatso/IntermediateBuildFilesPath/Pods.build/Release-iphoneos/CocoaAsyncSocket.build/CocoaAsyncSocket-project-headers.hmap

WriteAuxiliaryFile /Users/runner/work/_temp/build/DerivedData/Build/Intermediates.noindex/ArchiveIntermediates/Potatso/IntermediateBuildFilesPath/Pods.build/Release-iphoneos/CocoaAsyncSocket.build/CocoaAsyncSocket-own-target-headers.hmap (in target 'CocoaAsyncSocket' from project 'Pods')
    cd /Users/runner/work/Potatso/Potatso/Pods
    write-file /Users/runner/work/_temp/build/DerivedData/Build/Intermediates.noindex/ArchiveIntermediates/Potatso/IntermediateBuildFilesPath/Pods.build/Release-iphoneos/CocoaAsyncSocket.build/CocoaAsyncSocket-own-target-headers.hmap

WriteAuxiliaryFile /Users/runner/work/_temp/build/DerivedData/Build/Intermediates.noindex/ArchiveIntermediates/Potatso/IntermediateBuildFilesPath/Pods.build/Release-iphoneos/CocoaAsyncSocket.build/CocoaAsyncSocket-generated-files.hmap (in target 'CocoaAsyncSocket' from project 'Pods')
    cd /Users/runner/work/Potatso/Potatso/Pods
    write-file /Users/runner/work/_temp/build/DerivedData/Build/Intermediates.noindex/ArchiveIntermediates/Potatso/IntermediateBuildFilesPath/Pods.build/Release-iphoneos/CocoaAsyncSocket.build/CocoaAsyncSocket-generated-files.hmap

WriteAuxiliaryFile /Users/runner/work/_temp/build/DerivedData/Build/Intermediates.noindex/ArchiveIntermediates/Potatso/IntermediateBuildFilesPath/Pods.build/Release-iphoneos/CocoaAsyncSocket.build/CocoaAsyncSocket-all-target-headers.hmap (in target 'CocoaAsyncSocket' from project 'Pods')
    cd /Users/runner/work/Potatso/Potatso/Pods
    write-file /Users/runner/work/_temp/build/DerivedData/Build/Intermediates.noindex/ArchiveIntermediates/Potatso/IntermediateBuildFilesPath/Pods.build/Release-iphoneos/CocoaAsyncSocket.build/CocoaAsyncSocket-all-target-headers.hmap

WriteAuxiliaryFile /Users/runner/work/_temp/build/DerivedData/Build/Intermediates.noindex/ArchiveIntermediates/Potatso/IntermediateBuildFilesPath/Pods.build/Release-iphoneos/CocoaAsyncSocket.build/CocoaAsyncSocket-all-non-framework-target-headers.hmap (in target 'CocoaAsyncSocket' from project 'Pods')
    cd /Users/runner/work/Potatso/Potatso/Pods
    write-file /Users/runner/work/_temp/build/DerivedData/Build/Intermediates.noindex/ArchiveIntermediates/Potatso/IntermediateBuildFilesPath/Pods.build/Release-iphoneos/CocoaAsyncSocket.build/CocoaAsyncSocket-all-non-framework-target-headers.hmap

SymLink /Users/runner/work/_temp/build/DerivedData/Build/Intermediates.noindex/ArchiveIntermediates/Potatso/BuildProductsPath/Release-iphoneos/AsyncSwift/Async.framework ../../../IntermediateBuildFilesPath/UninstalledProducts/iphoneos/Async.framework (in target 'AsyncSwift' from project 'Pods')
    cd /Users/runner/work/Potatso/Potatso/Pods
    /bin/ln -sfh ../../../IntermediateBuildFilesPath/UninstalledProducts/iphoneos/Async.framework /Users/runner/work/_temp/build/DerivedData/Build/Intermediates.noindex/ArchiveIntermediates/Potatso/BuildProductsPath/Release-iphoneos/AsyncSwift/Async.framework

MkDir /Users/runner/work/_temp/build/DerivedData/Build/Intermediates.noindex/ArchiveIntermediates/Potatso/IntermediateBuildFilesPath/UninstalledProducts/iphoneos/Async.framework/Headers (in target 'AsyncSwift' from project 'Pods')
    cd /Users/runner/work/Potatso/Potatso/Pods
    /bin/mkdir -p /Users/runner/work/_temp/build/DerivedData/Build/Intermediates.noindex/ArchiveIntermediates/Potatso/IntermediateBuildFilesPath/UninstalledProducts/iphoneos/Async.framework/Headers

MkDir /Users/runner/work/_temp/build/DerivedData/Build/Intermediates.noindex/ArchiveIntermediates/Potatso/IntermediateBuildFilesPath/UninstalledProducts/iphoneos/Async.framework (in target 'AsyncSwift' from project 'Pods')
    cd /Users/runner/work/Potatso/Potatso/Pods
    /bin/mkdir -p /Users/runner/work/_temp/build/DerivedData/Build/Intermediates.noindex/ArchiveIntermediates/Potatso/IntermediateBuildFilesPath/UninstalledProducts/iphoneos/Async.framework

SymLink /Users/runner/work/_temp/build/DerivedData/Build/Intermediates.noindex/ArchiveIntermediates/Potatso/BuildProductsPath/Release-iphoneos/Aspects/Aspects.framework ../../../IntermediateBuildFilesPath/UninstalledProducts/iphoneos/Aspects.framework (in target 'Aspects' from project 'Pods')
    cd /Users/runner/work/Potatso/Potatso/Pods
    /bin/ln -sfh ../../../IntermediateBuildFilesPath/UninstalledProducts/iphoneos/Aspects.framework /Users/runner/work/_temp/build/DerivedData/Build/Intermediates.noindex/ArchiveIntermediates/Potatso/BuildProductsPath/Release-iphoneos/Aspects/Aspects.framework

MkDir /Users/runner/work/_temp/build/DerivedData/Build/Intermediates.noindex/ArchiveIntermediates/Potatso/IntermediateBuildFilesPath/UninstalledProducts/iphoneos/Aspects.framework/Headers (in target 'Aspects' from project 'Pods')
    cd /Users/runner/work/Potatso/Potatso/Pods
    /bin/mkdir -p /Users/runner/work/_temp/build/DerivedData/Build/Intermediates.noindex/ArchiveIntermediates/Potatso/IntermediateBuildFilesPath/UninstalledProducts/iphoneos/Aspects.framework/Headers

WriteAuxiliaryFile /Users/runner/work/_temp/build/DerivedData/Build/Intermediates.noindex/ArchiveIntermediates/Potatso/IntermediateBuildFilesPath/Pods.build/Release-iphoneos/CocoaAsyncSocket.build/module.modulemap (in target 'CocoaAsyncSocket' from project 'Pods')
    cd /Users/runner/work/Potatso/Potatso/Pods
    write-file /Users/runner/work/_temp/build/DerivedData/Build/Intermediates.noindex/ArchiveIntermediates/Potatso/IntermediateBuildFilesPath/Pods.build/Release-iphoneos/CocoaAsyncSocket.build/module.modulemap

WriteAuxiliaryFile /Users/runner/work/_temp/build/DerivedData/Build/Intermediates.noindex/ArchiveIntermediates/Potatso/IntermediateBuildFilesPath/Pods.build/Release-iphoneos/Cartography.build/all-product-headers.yaml (in target 'Cartography' from project 'Pods')
    cd /Users/runner/work/Potatso/Potatso/Pods
    write-file /Users/runner/work/_temp/build/DerivedData/Build/Intermediates.noindex/ArchiveIntermediates/Potatso/IntermediateBuildFilesPath/Pods.build/Release-iphoneos/Cartography.build/all-product-headers.yaml

WriteAuxiliaryFile /Users/runner/work/_temp/build/DerivedData/Build/Intermediates.noindex/ArchiveIntermediates/Potatso/IntermediateBuildFilesPath/Pods.build/Release-iphoneos/Cartography.build/Cartography.hmap (in target 'Cartography' from project 'Pods')
    cd /Users/runner/work/Potatso/Potatso/Pods
    write-file /Users/runner/work/_temp/build/DerivedData/Build/Intermediates.noindex/ArchiveIntermediates/Potatso/IntermediateBuildFilesPath/Pods.build/Release-iphoneos/Cartography.build/Cartography.hmap

WriteAuxiliaryFile /Users/runner/work/_temp/build/DerivedData/Build/Intermediates.noindex/ArchiveIntermediates/Potatso/IntermediateBuildFilesPath/Pods.build/Release-iphoneos/Cartography.build/Cartography-project-headers.hmap (in target 'Cartography' from project 'Pods')
    cd /Users/runner/work/Potatso/Potatso/Pods
    write-file /Users/runner/work/_temp/build/DerivedData/Build/Intermediates.noindex/ArchiveIntermediates/Potatso/IntermediateBuildFilesPath/Pods.build/Release-iphoneos/Cartography.build/Cartography-project-headers.hmap

Copy /Users/runner/work/_temp/build/DerivedData/Build/Intermediates.noindex/ArchiveIntermediates/Potatso/IntermediateBuildFilesPath/UninstalledProducts/iphoneos/CocoaAsyncSocket.framework/Modules/module.modulemap /Users/runner/work/_temp/build/DerivedData/Build/Intermediates.noindex/ArchiveIntermediates/Potatso/IntermediateBuildFilesPath/Pods.build/Release-iphoneos/CocoaAsyncSocket.build/module.modulemap (in target 'CocoaAsyncSocket' from project 'Pods')
    cd /Users/runner/work/Potatso/Potatso/Pods
    builtin-copy -exclude .DS_Store -exclude CVS -exclude .svn -exclude .git -exclude .hg -resolve-src-symlinks /Users/runner/work/_temp/build/DerivedData/Build/Intermediates.noindex/ArchiveIntermediates/Potatso/IntermediateBuildFilesPath/Pods.build/Release-iphoneos/CocoaAsyncSocket.build/module.modulemap /Users/runner/work/_temp/build/DerivedData/Build/Intermediates.noindex/ArchiveIntermediates/Potatso/IntermediateBuildFilesPath/UninstalledProducts/iphoneos/CocoaAsyncSocket.framework/Modules

WriteAuxiliaryFile /Users/runner/work/_temp/build/DerivedData/Build/Intermediates.noindex/ArchiveIntermediates/Potatso/IntermediateBuildFilesPath/Pods.build/Release-iphoneos/Cartography.build/Cartography-own-target-headers.hmap (in target 'Cartography' from project 'Pods')
    cd /Users/runner/work/Potatso/Potatso/Pods
    write-file /Users/runner/work/_temp/build/DerivedData/Build/Intermediates.noindex/ArchiveIntermediates/Potatso/IntermediateBuildFilesPath/Pods.build/Release-iphoneos/Cartography.build/Cartography-own-target-headers.hmap

WriteAuxiliaryFile /Users/runner/work/_temp/build/DerivedData/Build/Intermediates.noindex/ArchiveIntermediates/Potatso/IntermediateBuildFilesPath/Pods.build/Release-iphoneos/Cartography.build/Cartography-generated-files.hmap (in target 'Cartography' from project 'Pods')
    cd /Users/runner/work/Potatso/Potatso/Pods
    write-file /Users/runner/work/_temp/build/DerivedData/Build/Intermediates.noindex/ArchiveIntermediates/Potatso/IntermediateBuildFilesPath/Pods.build/Release-iphoneos/Cartography.build/Cartography-generated-files.hmap

WriteAuxiliaryFile /Users/runner/work/_temp/build/DerivedData/Build/Intermediates.noindex/ArchiveIntermediates/Potatso/IntermediateBuildFilesPath/Pods.build/Release-iphoneos/Cartography.build/Cartography-all-target-headers.hmap (in target 'Cartography' from project 'Pods')
    cd /Users/runner/work/Potatso/Potatso/Pods
    write-file /Users/runner/work/_temp/build/DerivedData/Build/Intermediates.noindex/ArchiveIntermediates/Potatso/IntermediateBuildFilesPath/Pods.build/Release-iphoneos/Cartography.build/Cartography-all-target-headers.hmap

WriteAuxiliaryFile /Users/runner/work/_temp/build/DerivedData/Build/Intermediates.noindex/ArchiveIntermediates/Potatso/IntermediateBuildFilesPath/Pods.build/Release-iphoneos/Cartography.build/Cartography-all-non-framework-target-headers.hmap (in target 'Cartography' from project 'Pods')
    cd /Users/runner/work/Potatso/Potatso/Pods
    write-file /Users/runner/work/_temp/build/DerivedData/Build/Intermediates.noindex/ArchiveIntermediates/Potatso/IntermediateBuildFilesPath/Pods.build/Release-iphoneos/Cartography.build/Cartography-all-non-framework-target-headers.hmap

MkDir /Users/runner/work/_temp/build/DerivedData/Build/Intermediates.noindex/ArchiveIntermediates/Potatso/IntermediateBuildFilesPath/UninstalledProducts/iphoneos/Aspects.framework (in target 'Aspects' from project 'Pods')
    cd /Users/runner/work/Potatso/Potatso/Pods
    /bin/mkdir -p /Users/runner/work/_temp/build/DerivedData/Build/Intermediates.noindex/ArchiveIntermediates/Potatso/IntermediateBuildFilesPath/UninstalledProducts/iphoneos/Aspects.framework

WriteAuxiliaryFile /Users/runner/work/_temp/build/DerivedData/Build/Intermediates.noindex/ArchiveIntermediates/Potatso/IntermediateBuildFilesPath/Pods.build/Release-iphoneos/Cartography.build/unextended-module.modulemap (in target 'Cartography' from project 'Pods')
    cd /Users/runner/work/Potatso/Potatso/Pods
    write-file /Users/runner/work/_temp/build/DerivedData/Build/Intermediates.noindex/ArchiveIntermediates/Potatso/IntermediateBuildFilesPath/Pods.build/Release-iphoneos/Cartography.build/unextended-module.modulemap

WriteAuxiliaryFile /Users/runner/work/_temp/build/DerivedData/Build/Intermediates.noindex/ArchiveIntermediates/Potatso/IntermediateBuildFilesPath/Pods.build/Release-iphoneos/Cartography.build/unextended-module-overlay.yaml (in target 'Cartography' from project 'Pods')
    cd /Users/runner/work/Potatso/Potatso/Pods
    write-file /Users/runner/work/_temp/build/DerivedData/Build/Intermediates.noindex/ArchiveIntermediates/Potatso/IntermediateBuildFilesPath/Pods.build/Release-iphoneos/Cartography.build/unextended-module-overlay.yaml

WriteAuxiliaryFile /Users/runner/work/_temp/build/DerivedData/Build/Intermediates.noindex/ArchiveIntermediates/Potatso/IntermediateBuildFilesPath/Pods.build/Release-iphoneos/Cartography.build/module.modulemap (in target 'Cartography' from project 'Pods')
    cd /Users/runner/work/Potatso/Potatso/Pods
    write-file /Users/runner/work/_temp/build/DerivedData/Build/Intermediates.noindex/ArchiveIntermediates/Potatso/IntermediateBuildFilesPath/Pods.build/Release-iphoneos/Cartography.build/module.modulemap

CpHeader /Users/runner/work/_temp/build/DerivedData/Build/Intermediates.noindex/ArchiveIntermediates/Potatso/IntermediateBuildFilesPath/UninstalledProducts/iphoneos/CocoaAsyncSocket.framework/Headers/GCDAsyncUdpSocket.h /Users/runner/work/Potatso/Potatso/Pods/CocoaAsyncSocket/Source/GCD/GCDAsyncUdpSocket.h (in target 'CocoaAsyncSocket' from project 'Pods')
    cd /Users/runner/work/Potatso/Potatso/Pods
    builtin-copy -exclude .DS_Store -exclude CVS -exclude .svn -exclude .git -exclude .hg -resolve-src-symlinks /Users/runner/work/Potatso/Potatso/Pods/CocoaAsyncSocket/Source/GCD/GCDAsyncUdpSocket.h /Users/runner/work/_temp/build/DerivedData/Build/Intermediates.noindex/ArchiveIntermediates/Potatso/IntermediateBuildFilesPath/UninstalledProducts/iphoneos/CocoaAsyncSocket.framework/Headers

CpHeader /Users/runner/work/_temp/build/DerivedData/Build/Intermediates.noindex/ArchiveIntermediates/Potatso/IntermediateBuildFilesPath/UninstalledProducts/iphoneos/CocoaAsyncSocket.framework/Headers/GCDAsyncSocket.h /Users/runner/work/Potatso/Potatso/Pods/CocoaAsyncSocket/Source/GCD/GCDAsyncSocket.h (in target 'CocoaAsyncSocket' from project 'Pods')
    cd /Users/runner/work/Potatso/Potatso/Pods
    builtin-copy -exclude .DS_Store -exclude CVS -exclude .svn -exclude .git -exclude .hg -resolve-src-symlinks /Users/runner/work/Potatso/Potatso/Pods/CocoaAsyncSocket/Source/GCD/GCDAsyncSocket.h /Users/runner/work/_temp/build/DerivedData/Build/Intermediates.noindex/ArchiveIntermediates/Potatso/IntermediateBuildFilesPath/UninstalledProducts/iphoneos/CocoaAsyncSocket.framework/Headers

CpHeader /Users/runner/work/_temp/build/DerivedData/Build/Intermediates.noindex/ArchiveIntermediates/Potatso/IntermediateBuildFilesPath/UninstalledProducts/iphoneos/CocoaAsyncSocket.framework/Headers/CocoaAsyncSocket-umbrella.h /Users/runner/work/Potatso/Potatso/Pods/Target\ Support\ Files/CocoaAsyncSocket/CocoaAsyncSocket-umbrella.h (in target 'CocoaAsyncSocket' from project 'Pods')
    cd /Users/runner/work/Potatso/Potatso/Pods
    builtin-copy -exclude .DS_Store -exclude CVS -exclude .svn -exclude .git -exclude .hg -resolve-src-symlinks /Users/runner/work/Potatso/Potatso/Pods/Target\ Support\ Files/CocoaAsyncSocket/CocoaAsyncSocket-umbrella.h /Users/runner/work/_temp/build/DerivedData/Build/Intermediates.noindex/ArchiveIntermediates/Potatso/IntermediateBuildFilesPath/UninstalledProducts/iphoneos/CocoaAsyncSocket.framework/Headers

CpHeader /Users/runner/work/_temp/build/DerivedData/Build/Intermediates.noindex/ArchiveIntermediates/Potatso/IntermediateBuildFilesPath/UninstalledProducts/iphoneos/CocoaAsyncSocket.framework/Headers/AsyncUdpSocket.h /Users/runner/work/Potatso/Potatso/Pods/CocoaAsyncSocket/Source/RunLoop/AsyncUdpSocket.h (in target 'CocoaAsyncSocket' from project 'Pods')
    cd /Users/runner/work/Potatso/Potatso/Pods
    builtin-copy -exclude .DS_Store -exclude CVS -exclude .svn -exclude .git -exclude .hg -resolve-src-symlinks /Users/runner/work/Potatso/Potatso/Pods/CocoaAsyncSocket/Source/RunLoop/AsyncUdpSocket.h /Users/runner/work/_temp/build/DerivedData/Build/Intermediates.noindex/ArchiveIntermediates/Potatso/IntermediateBuildFilesPath/UninstalledProducts/iphoneos/CocoaAsyncSocket.framework/Headers

CpHeader /Users/runner/work/_temp/build/DerivedData/Build/Intermediates.noindex/ArchiveIntermediates/Potatso/IntermediateBuildFilesPath/UninstalledProducts/iphoneos/CocoaAsyncSocket.framework/Headers/AsyncSocket.h /Users/runner/work/Potatso/Potatso/Pods/CocoaAsyncSocket/Source/RunLoop/AsyncSocket.h (in target 'CocoaAsyncSocket' from project 'Pods')
    cd /Users/runner/work/Potatso/Potatso/Pods
    builtin-copy -exclude .DS_Store -exclude CVS -exclude .svn -exclude .git -exclude .hg -resolve-src-symlinks /Users/runner/work/Potatso/Potatso/Pods/CocoaAsyncSocket/Source/RunLoop/AsyncSocket.h /Users/runner/work/_temp/build/DerivedData/Build/Intermediates.noindex/ArchiveIntermediates/Potatso/IntermediateBuildFilesPath/UninstalledProducts/iphoneos/CocoaAsyncSocket.framework/Headers

Copy /Users/runner/work/_temp/build/DerivedData/Build/Intermediates.noindex/ArchiveIntermediates/Potatso/IntermediateBuildFilesPath/UninstalledProducts/iphoneos/Cartography.framework/Modules/module.modulemap /Users/runner/work/_temp/build/DerivedData/Build/Intermediates.noindex/ArchiveIntermediates/Potatso/IntermediateBuildFilesPath/Pods.build/Release-iphoneos/Cartography.build/module.modulemap (in target 'Cartography' from project 'Pods')
    cd /Users/runner/work/Potatso/Potatso/Pods
    builtin-copy -exclude .DS_Store -exclude CVS -exclude .svn -exclude .git -exclude .hg -resolve-src-symlinks /Users/runner/work/_temp/build/DerivedData/Build/Intermediates.noindex/ArchiveIntermediates/Potatso/IntermediateBuildFilesPath/Pods.build/Release-iphoneos/Cartography.build/module.modulemap /Users/runner/work/_temp/build/DerivedData/Build/Intermediates.noindex/ArchiveIntermediates/Potatso/IntermediateBuildFilesPath/UninstalledProducts/iphoneos/Cartography.framework/Modules

ProcessInfoPlistFile /Users/runner/work/_temp/build/DerivedData/Build/Intermediates.noindex/ArchiveIntermediates/Potatso/IntermediateBuildFilesPath/UninstalledProducts/iphoneos/CocoaAsyncSocket.framework/Info.plist /Users/runner/work/Potatso/Potatso/Pods/Target\ Support\ Files/CocoaAsyncSocket/CocoaAsyncSocket-Info.plist (in target 'CocoaAsyncSocket' from project 'Pods')
    cd /Users/runner/work/Potatso/Potatso/Pods
    builtin-infoPlistUtility /Users/runner/work/Potatso/Potatso/Pods/Target\ Support\ Files/CocoaAsyncSocket/CocoaAsyncSocket-Info.plist -producttype com.apple.product-type.framework -expandbuildsettings -format binary -platform iphoneos -requiredArchitecture arm64 -o /Users/runner/work/_temp/build/DerivedData/Build/Intermediates.noindex/ArchiveIntermediates/Potatso/IntermediateBuildFilesPath/UninstalledProducts/iphoneos/CocoaAsyncSocket.framework/Info.plist

WriteAuxiliaryFile /Users/runner/work/_temp/build/DerivedData/Build/Intermediates.noindex/ArchiveIntermediates/Potatso/IntermediateBuildFilesPath/Pods.build/Release-iphoneos/CallbackURLKit.build/all-product-headers.yaml (in target 'CallbackURLKit' from project 'Pods')
    cd /Users/runner/work/Potatso/Potatso/Pods
    write-file /Users/runner/work/_temp/build/DerivedData/Build/Intermediates.noindex/ArchiveIntermediates/Potatso/IntermediateBuildFilesPath/Pods.build/Release-iphoneos/CallbackURLKit.build/all-product-headers.yaml

WriteAuxiliaryFile /Users/runner/work/_temp/build/DerivedData/Build/Intermediates.noindex/ArchiveIntermediates/Potatso/IntermediateBuildFilesPath/Pods.build/Release-iphoneos/CallbackURLKit.build/CallbackURLKit.hmap (in target 'CallbackURLKit' from project 'Pods')
    cd /Users/runner/work/Potatso/Potatso/Pods
    write-file /Users/runner/work/_temp/build/DerivedData/Build/Intermediates.noindex/ArchiveIntermediates/Potatso/IntermediateBuildFilesPath/Pods.build/Release-iphoneos/CallbackURLKit.build/CallbackURLKit.hmap

WriteAuxiliaryFile /Users/runner/work/_temp/build/DerivedData/Build/Intermediates.noindex/ArchiveIntermediates/Potatso/IntermediateBuildFilesPath/Pods.build/Release-iphoneos/CallbackURLKit.build/CallbackURLKit-project-headers.hmap (in target 'CallbackURLKit' from project 'Pods')
    cd /Users/runner/work/Potatso/Potatso/Pods
    write-file /Users/runner/work/_temp/build/DerivedData/Build/Intermediates.noindex/ArchiveIntermediates/Potatso/IntermediateBuildFilesPath/Pods.build/Release-iphoneos/CallbackURLKit.build/CallbackURLKit-project-headers.hmap

WriteAuxiliaryFile /Users/runner/work/_temp/build/DerivedData/Build/Intermediates.noindex/ArchiveIntermediates/Potatso/IntermediateBuildFilesPath/Pods.build/Release-iphoneos/CallbackURLKit.build/CallbackURLKit-own-target-headers.hmap (in target 'CallbackURLKit' from project 'Pods')
    cd /Users/runner/work/Potatso/Potatso/Pods
    write-file /Users/runner/work/_temp/build/DerivedData/Build/Intermediates.noindex/ArchiveIntermediates/Potatso/IntermediateBuildFilesPath/Pods.build/Release-iphoneos/CallbackURLKit.build/CallbackURLKit-own-target-headers.hmap

WriteAuxiliaryFile /Users/runner/work/_temp/build/DerivedData/Build/Intermediates.noindex/ArchiveIntermediates/Potatso/IntermediateBuildFilesPath/Pods.build/Release-iphoneos/CallbackURLKit.build/CallbackURLKit-generated-files.hmap (in target 'CallbackURLKit' from project 'Pods')
    cd /Users/runner/work/Potatso/Potatso/Pods
    write-file /Users/runner/work/_temp/build/DerivedData/Build/Intermediates.noindex/ArchiveIntermediates/Potatso/IntermediateBuildFilesPath/Pods.build/Release-iphoneos/CallbackURLKit.build/CallbackURLKit-generated-files.hmap

WriteAuxiliaryFile /Users/runner/work/_temp/build/DerivedData/Build/Intermediates.noindex/ArchiveIntermediates/Potatso/IntermediateBuildFilesPath/Pods.build/Release-iphoneos/CallbackURLKit.build/CallbackURLKit-all-target-headers.hmap (in target 'CallbackURLKit' from project 'Pods')
    cd /Users/runner/work/Potatso/Potatso/Pods
    write-file /Users/runner/work/_temp/build/DerivedData/Build/Intermediates.noindex/ArchiveIntermediates/Potatso/IntermediateBuildFilesPath/Pods.build/Release-iphoneos/CallbackURLKit.build/CallbackURLKit-all-target-headers.hmap

WriteAuxiliaryFile /Users/runner/work/_temp/build/DerivedData/Build/Intermediates.noindex/ArchiveIntermediates/Potatso/IntermediateBuildFilesPath/Pods.build/Release-iphoneos/CallbackURLKit.build/CallbackURLKit-all-non-framework-target-headers.hmap (in target 'CallbackURLKit' from project 'Pods')
    cd /Users/runner/work/Potatso/Potatso/Pods
    write-file /Users/runner/work/_temp/build/DerivedData/Build/Intermediates.noindex/ArchiveIntermediates/Potatso/IntermediateBuildFilesPath/Pods.build/Release-iphoneos/CallbackURLKit.build/CallbackURLKit-all-non-framework-target-headers.hmap

WriteAuxiliaryFile /Users/runner/work/_temp/build/DerivedData/Build/Intermediates.noindex/ArchiveIntermediates/Potatso/IntermediateBuildFilesPath/Pods.build/Release-iphoneos/CocoaAsyncSocket.build/Objects-normal/arm64/CocoaAsyncSocket.LinkFileList (in target 'CocoaAsyncSocket' from project 'Pods')
    cd /Users/runner/work/Potatso/Potatso/Pods
    write-file /Users/runner/work/_temp/build/DerivedData/Build/Intermediates.noindex/ArchiveIntermediates/Potatso/IntermediateBuildFilesPath/Pods.build/Release-iphoneos/CocoaAsyncSocket.build/Objects-normal/arm64/CocoaAsyncSocket.LinkFileList

WriteAuxiliaryFile /Users/runner/work/_temp/build/DerivedData/Build/Intermediates.noindex/ArchiveIntermediates/Potatso/IntermediateBuildFilesPath/Pods.build/Release-iphoneos/CocoaAsyncSocket.build/Objects-normal/arm64/e6072d4f65d7061329687fe24e3d63a7-common-args.resp (in target 'CocoaAsyncSocket' from project 'Pods')
    cd /Users/runner/work/Potatso/Potatso/Pods
    write-file /Users/runner/work/_temp/build/DerivedData/Build/Intermediates.noindex/ArchiveIntermediates/Potatso/IntermediateBuildFilesPath/Pods.build/Release-iphoneos/CocoaAsyncSocket.build/Objects-normal/arm64/e6072d4f65d7061329687fe24e3d63a7-common-args.resp
-target arm64-apple-ios12.0 '-std=gnu11' -fobjc-arc -fobjc-weak -fmodules -gmodules '-fmodules-cache-path=/Users/runner/work/_temp/build/DerivedData/ModuleCache.noindex' '-fmodule-name=CocoaAsyncSocket' -fapplication-extension -fpascal-strings -Os -fno-common '-DPOD_CONFIGURATION_RELEASE=1' '-DCOCOAPODS=1' '-DNS_BLOCK_ASSERTIONS=1' '-DOBJC_OLD_DISPATCH_PROTOTYPES=0' -isysroot /Applications/Xcode_15.4.app/Contents/Developer/Platforms/iPhoneOS.platform/Developer/SDKs/iPhoneOS17.5.sdk -g -iquote /Users/runner/work/_temp/build/DerivedData/Build/Intermediates.noindex/ArchiveIntermediates/Potatso/IntermediateBuildFilesPath/Pods.build/Release-iphoneos/CocoaAsyncSocket.build/CocoaAsyncSocket-generated-files.hmap -I/Users/runner/work/_temp/build/DerivedData/Build/Intermediates.noindex/ArchiveIntermediates/Potatso/IntermediateBuildFilesPath/Pods.build/Release-iphoneos/CocoaAsyncSocket.build/CocoaAsyncSocket-own-target-headers.hmap -I/Users/runner/work/_temp/build/DerivedData/Build/Intermediates.noindex/ArchiveIntermediates/Potatso/IntermediateBuildFilesPath/Pods.build/Release-iphoneos/CocoaAsyncSocket.build/CocoaAsyncSocket-all-non-framework-target-headers.hmap -ivfsoverlay /Users/runner/work/_temp/build/DerivedData/Build/Intermediates.noindex/ArchiveIntermediates/Potatso/IntermediateBuildFilesPath/Pods.build/Release-iphoneos/CocoaAsyncSocket.build/all-product-headers.yaml -iquote /Users/runner/work/_temp/build/DerivedData/Build/Intermediates.noindex/ArchiveIntermediates/Potatso/IntermediateBuildFilesPath/Pods.build/Release-iphoneos/CocoaAsyncSocket.build/CocoaAsyncSocket-project-headers.hmap -I/Users/runner/work/_temp/build/DerivedData/Build/Intermediates.noindex/ArchiveIntermediates/Potatso/BuildProductsPath/Release-iphoneos/CocoaAsyncSocket/include -I/Users/runner/work/_temp/build/DerivedData/Build/Intermediates.noindex/ArchiveIntermediates/Potatso/IntermediateBuildFilesPath/Pods.build/Release-iphoneos/CocoaAsyncSocket.build/DerivedSources-normal/arm64 -I/Users/runner/work/_temp/build/DerivedData/Build/Intermediates.noindex/ArchiveIntermediates/Potatso/IntermediateBuildFilesPath/Pods.build/Release-iphoneos/CocoaAsyncSocket.build/DerivedSources/arm64 -I/Users/runner/work/_temp/build/DerivedData/Build/Intermediates.noindex/ArchiveIntermediates/Potatso/IntermediateBuildFilesPath/Pods.build/Release-iphoneos/CocoaAsyncSocket.build/DerivedSources -F/Users/runner/work/_temp/build/DerivedData/Build/Intermediates.noindex/ArchiveIntermediates/Potatso/BuildProductsPath/Release-iphoneos/CocoaAsyncSocket

WriteAuxiliaryFile /Users/runner/work/_temp/build/DerivedData/Build/Intermediates.noindex/ArchiveIntermediates/Potatso/IntermediateBuildFilesPath/Pods.build/Release-iphoneos/Pods-PacketTunnel.build/all-product-headers.yaml (in target 'Pods-PacketTunnel' from project 'Pods')
    cd /Users/runner/work/Potatso/Potatso/Pods
    write-file /Users/runner/work/_temp/build/DerivedData/Build/Intermediates.noindex/ArchiveIntermediates/Potatso/IntermediateBuildFilesPath/Pods.build/Release-iphoneos/Pods-PacketTunnel.build/all-product-headers.yaml

WriteAuxiliaryFile /Users/runner/work/_temp/build/DerivedData/Build/Intermediates.noindex/ArchiveIntermediates/Potatso/IntermediateBuildFilesPath/Pods.build/Release-iphoneos/Pods-PacketTunnel.build/Pods_PacketTunnel.hmap (in target 'Pods-PacketTunnel' from project 'Pods')
    cd /Users/runner/work/Potatso/Potatso/Pods
    write-file /Users/runner/work/_temp/build/DerivedData/Build/Intermediates.noindex/ArchiveIntermediates/Potatso/IntermediateBuildFilesPath/Pods.build/Release-iphoneos/Pods-PacketTunnel.build/Pods_PacketTunnel.hmap

WriteAuxiliaryFile /Users/runner/work/_temp/build/DerivedData/Build/Intermediates.noindex/ArchiveIntermediates/Potatso/IntermediateBuildFilesPath/Pods.build/Release-iphoneos/Pods-PacketTunnel.build/Pods_PacketTunnel-project-headers.hmap (in target 'Pods-PacketTunnel' from project 'Pods')
    cd /Users/runner/work/Potatso/Potatso/Pods
    write-file /Users/runner/work/_temp/build/DerivedData/Build/Intermediates.noindex/ArchiveIntermediates/Potatso/IntermediateBuildFilesPath/Pods.build/Release-iphoneos/Pods-PacketTunnel.build/Pods_PacketTunnel-project-headers.hmap

WriteAuxiliaryFile /Users/runner/work/_temp/build/DerivedData/Build/Intermediates.noindex/ArchiveIntermediates/Potatso/IntermediateBuildFilesPath/Pods.build/Release-iphoneos/Pods-PacketTunnel.build/Pods_PacketTunnel-own-target-headers.hmap (in target 'Pods-PacketTunnel' from project 'Pods')
    cd /Users/runner/work/Potatso/Potatso/Pods
    write-file /Users/runner/work/_temp/build/DerivedData/Build/Intermediates.noindex/ArchiveIntermediates/Potatso/IntermediateBuildFilesPath/Pods.build/Release-iphoneos/Pods-PacketTunnel.build/Pods_PacketTunnel-own-target-headers.hmap

WriteAuxiliaryFile /Users/runner/work/_temp/build/DerivedData/Build/Intermediates.noindex/ArchiveIntermediates/Potatso/IntermediateBuildFilesPath/Pods.build/Release-iphoneos/Pods-PacketTunnel.build/Pods_PacketTunnel-generated-files.hmap (in target 'Pods-PacketTunnel' from project 'Pods')
    cd /Users/runner/work/Potatso/Potatso/Pods
    write-file /Users/runner/work/_temp/build/DerivedData/Build/Intermediates.noindex/ArchiveIntermediates/Potatso/IntermediateBuildFilesPath/Pods.build/Release-iphoneos/Pods-PacketTunnel.build/Pods_PacketTunnel-generated-files.hmap

WriteAuxiliaryFile /Users/runner/work/_temp/build/DerivedData/Build/Intermediates.noindex/ArchiveIntermediates/Potatso/IntermediateBuildFilesPath/Pods.build/Release-iphoneos/Pods-PacketTunnel.build/Pods_PacketTunnel-all-target-headers.hmap (in target 'Pods-PacketTunnel' from project 'Pods')
    cd /Users/runner/work/Potatso/Potatso/Pods
    write-file /Users/runner/work/_temp/build/DerivedData/Build/Intermediates.noindex/ArchiveIntermediates/Potatso/IntermediateBuildFilesPath/Pods.build/Release-iphoneos/Pods-PacketTunnel.build/Pods_PacketTunnel-all-target-headers.hmap

WriteAuxiliaryFile /Users/runner/work/_temp/build/DerivedData/Build/Intermediates.noindex/ArchiveIntermediates/Potatso/IntermediateBuildFilesPath/Pods.build/Release-iphoneos/Pods-PacketTunnel.build/Pods_PacketTunnel-all-non-framework-target-headers.hmap (in target 'Pods-PacketTunnel' from project 'Pods')
    cd /Users/runner/work/Potatso/Potatso/Pods
    write-file /Users/runner/work/_temp/build/DerivedData/Build/Intermediates.noindex/ArchiveIntermediates/Potatso/IntermediateBuildFilesPath/Pods.build/Release-iphoneos/Pods-PacketTunnel.build/Pods_PacketTunnel-all-non-framework-target-headers.hmap

WriteAuxiliaryFile /Users/runner/work/_temp/build/DerivedData/Build/Intermediates.noindex/ArchiveIntermediates/Potatso/IntermediateBuildFilesPath/Pods.build/Release-iphoneos/CocoaAsyncSocket.build/Objects-normal/arm64/7187679823f38a2a940e0043cdf9d637-common-args.resp (in target 'CocoaAsyncSocket' from project 'Pods')
    cd /Users/runner/work/Potatso/Potatso/Pods
    write-file /Users/runner/work/_temp/build/DerivedData/Build/Intermediates.noindex/ArchiveIntermediates/Potatso/IntermediateBuildFilesPath/Pods.build/Release-iphoneos/CocoaAsyncSocket.build/Objects-normal/arm64/7187679823f38a2a940e0043cdf9d637-common-args.resp
-target arm64-apple-ios12.0 '-std=gnu11' -fmodules -gmodules '-fmodules-cache-path=/Users/runner/work/_temp/build/DerivedData/ModuleCache.noindex' '-fmodule-name=CocoaAsyncSocket' -fapplication-extension -fpascal-strings -Os -fno-common '-DPOD_CONFIGURATION_RELEASE=1' '-DCOCOAPODS=1' -isysroot /Applications/Xcode_15.4.app/Contents/Developer/Platforms/iPhoneOS.platform/Developer/SDKs/iPhoneOS17.5.sdk -g -iquote /Users/runner/work/_temp/build/DerivedData/Build/Intermediates.noindex/ArchiveIntermediates/Potatso/IntermediateBuildFilesPath/Pods.build/Release-iphoneos/CocoaAsyncSocket.build/CocoaAsyncSocket-generated-files.hmap -I/Users/runner/work/_temp/build/DerivedData/Build/Intermediates.noindex/ArchiveIntermediates/Potatso/IntermediateBuildFilesPath/Pods.build/Release-iphoneos/CocoaAsyncSocket.build/CocoaAsyncSocket-own-target-headers.hmap -I/Users/runner/work/_temp/build/DerivedData/Build/Intermediates.noindex/ArchiveIntermediates/Potatso/IntermediateBuildFilesPath/Pods.build/Release-iphoneos/CocoaAsyncSocket.build/CocoaAsyncSocket-all-non-framework-target-headers.hmap -ivfsoverlay /Users/runner/work/_temp/build/DerivedData/Build/Intermediates.noindex/ArchiveIntermediates/Potatso/IntermediateBuildFilesPath/Pods.build/Release-iphoneos/CocoaAsyncSocket.build/all-product-headers.yaml -iquote /Users/runner/work/_temp/build/DerivedData/Build/Intermediates.noindex/ArchiveIntermediates/Potatso/IntermediateBuildFilesPath/Pods.build/Release-iphoneos/CocoaAsyncSocket.build/CocoaAsyncSocket-project-headers.hmap -I/Users/runner/work/_temp/build/DerivedData/Build/Intermediates.noindex/ArchiveIntermediates/Potatso/BuildProductsPath/Release-iphoneos/CocoaAsyncSocket/include -I/Users/runner/work/_temp/build/DerivedData/Build/Intermediates.noindex/ArchiveIntermediates/Potatso/IntermediateBuildFilesPath/Pods.build/Release-iphoneos/CocoaAsyncSocket.build/DerivedSources-normal/arm64 -I/Users/runner/work/_temp/build/DerivedData/Build/Intermediates.noindex/ArchiveIntermediates/Potatso/IntermediateBuildFilesPath/Pods.build/Release-iphoneos/CocoaAsyncSocket.build/DerivedSources/arm64 -I/Users/runner/work/_temp/build/DerivedData/Build/Intermediates.noindex/ArchiveIntermediates/Potatso/IntermediateBuildFilesPath/Pods.build/Release-iphoneos/CocoaAsyncSocket.build/DerivedSources -F/Users/runner/work/_temp/build/DerivedData/Build/Intermediates.noindex/ArchiveIntermediates/Potatso/BuildProductsPath/Release-iphoneos/CocoaAsyncSocket

WriteAuxiliaryFile /Users/runner/work/_temp/build/DerivedData/Build/Intermediates.noindex/ArchiveIntermediates/Potatso/IntermediateBuildFilesPath/Pods.build/Release-iphoneos/CocoaAsyncSocket.build/DerivedSources/CocoaAsyncSocket_vers.c (in target 'CocoaAsyncSocket' from project 'Pods')
    cd /Users/runner/work/Potatso/Potatso/Pods
    write-file /Users/runner/work/_temp/build/DerivedData/Build/Intermediates.noindex/ArchiveIntermediates/Potatso/IntermediateBuildFilesPath/Pods.build/Release-iphoneos/CocoaAsyncSocket.build/DerivedSources/CocoaAsyncSocket_vers.c

WriteAuxiliaryFile /Users/runner/work/_temp/build/DerivedData/Build/Intermediates.noindex/ArchiveIntermediates/Potatso/IntermediateBuildFilesPath/Pods.build/Release-iphoneos/Pods-PacketTunnel.build/module.modulemap (in target 'Pods-PacketTunnel' from project 'Pods')
    cd /Users/runner/work/Potatso/Potatso/Pods
    write-file /Users/runner/work/_temp/build/DerivedData/Build/Intermediates.noindex/ArchiveIntermediates/Potatso/IntermediateBuildFilesPath/Pods.build/Release-iphoneos/Pods-PacketTunnel.build/module.modulemap

WriteAuxiliaryFile /Users/runner/work/_temp/build/DerivedData/Build/Intermediates.noindex/ArchiveIntermediates/Potatso/IntermediateBuildFilesPath/Pods.build/Release-iphoneos/Pods-PacketProcessor.build/all-product-headers.yaml (in target 'Pods-PacketProcessor' from project 'Pods')
    cd /Users/runner/work/Potatso/Potatso/Pods
    write-file /Users/runner/work/_temp/build/DerivedData/Build/Intermediates.noindex/ArchiveIntermediates/Potatso/IntermediateBuildFilesPath/Pods.build/Release-iphoneos/Pods-PacketProcessor.build/all-product-headers.yaml

WriteAuxiliaryFile /Users/runner/work/_temp/build/DerivedData/Build/Intermediates.noindex/ArchiveIntermediates/Potatso/IntermediateBuildFilesPath/Pods.build/Release-iphoneos/Pods-PacketProcessor.build/Pods_PacketProcessor.hmap (in target 'Pods-PacketProcessor' from project 'Pods')
    cd /Users/runner/work/Potatso/Potatso/Pods
    write-file /Users/runner/work/_temp/build/DerivedData/Build/Intermediates.noindex/ArchiveIntermediates/Potatso/IntermediateBuildFilesPath/Pods.build/Release-iphoneos/Pods-PacketProcessor.build/Pods_PacketProcessor.hmap

WriteAuxiliaryFile /Users/runner/work/_temp/build/DerivedData/Build/Intermediates.noindex/ArchiveIntermediates/Potatso/IntermediateBuildFilesPath/Pods.build/Release-iphoneos/Pods-PacketProcessor.build/Pods_PacketProcessor-project-headers.hmap (in target 'Pods-PacketProcessor' from project 'Pods')
    cd /Users/runner/work/Potatso/Potatso/Pods
    write-file /Users/runner/work/_temp/build/DerivedData/Build/Intermediates.noindex/ArchiveIntermediates/Potatso/IntermediateBuildFilesPath/Pods.build/Release-iphoneos/Pods-PacketProcessor.build/Pods_PacketProcessor-project-headers.hmap

Copy /Users/runner/work/_temp/build/DerivedData/Build/Intermediates.noindex/ArchiveIntermediates/Potatso/IntermediateBuildFilesPath/UninstalledProducts/iphoneos/Pods_PacketTunnel.framework/Modules/module.modulemap /Users/runner/work/_temp/build/DerivedData/Build/Intermediates.noindex/ArchiveIntermediates/Potatso/IntermediateBuildFilesPath/Pods.build/Release-iphoneos/Pods-PacketTunnel.build/module.modulemap (in target 'Pods-PacketTunnel' from project 'Pods')
    cd /Users/runner/work/Potatso/Potatso/Pods
    builtin-copy -exclude .DS_Store -exclude CVS -exclude .svn -exclude .git -exclude .hg -resolve-src-symlinks /Users/runner/work/_temp/build/DerivedData/Build/Intermediates.noindex/ArchiveIntermediates/Potatso/IntermediateBuildFilesPath/Pods.build/Release-iphoneos/Pods-PacketTunnel.build/module.modulemap /Users/runner/work/_temp/build/DerivedData/Build/Intermediates.noindex/ArchiveIntermediates/Potatso/IntermediateBuildFilesPath/UninstalledProducts/iphoneos/Pods_PacketTunnel.framework/Modules

WriteAuxiliaryFile /Users/runner/work/_temp/build/DerivedData/Build/Intermediates.noindex/ArchiveIntermediates/Potatso/IntermediateBuildFilesPath/Pods.build/Release-iphoneos/Pods-PacketProcessor.build/Pods_PacketProcessor-own-target-headers.hmap (in target 'Pods-PacketProcessor' from project 'Pods')
    cd /Users/runner/work/Potatso/Potatso/Pods
    write-file /Users/runner/work/_temp/build/DerivedData/Build/Intermediates.noindex/ArchiveIntermediates/Potatso/IntermediateBuildFilesPath/Pods.build/Release-iphoneos/Pods-PacketProcessor.build/Pods_PacketProcessor-own-target-headers.hmap

WriteAuxiliaryFile /Users/runner/work/_temp/build/DerivedData/Build/Intermediates.noindex/ArchiveIntermediates/Potatso/IntermediateBuildFilesPath/Pods.build/Release-iphoneos/Pods-PacketProcessor.build/Pods_PacketProcessor-generated-files.hmap (in target 'Pods-PacketProcessor' from project 'Pods')
    cd /Users/runner/work/Potatso/Potatso/Pods
    write-file /Users/runner/work/_temp/build/DerivedData/Build/Intermediates.noindex/ArchiveIntermediates/Potatso/IntermediateBuildFilesPath/Pods.build/Release-iphoneos/Pods-PacketProcessor.build/Pods_PacketProcessor-generated-files.hmap

WriteAuxiliaryFile /Users/runner/work/_temp/build/DerivedData/Build/Intermediates.noindex/ArchiveIntermediates/Potatso/IntermediateBuildFilesPath/Pods.build/Release-iphoneos/Pods-PacketProcessor.build/Pods_PacketProcessor-all-target-headers.hmap (in target 'Pods-PacketProcessor' from project 'Pods')
    cd /Users/runner/work/Potatso/Potatso/Pods
    write-file /Users/runner/work/_temp/build/DerivedData/Build/Intermediates.noindex/ArchiveIntermediates/Potatso/IntermediateBuildFilesPath/Pods.build/Release-iphoneos/Pods-PacketProcessor.build/Pods_PacketProcessor-all-target-headers.hmap

WriteAuxiliaryFile /Users/runner/work/_temp/build/DerivedData/Build/Intermediates.noindex/ArchiveIntermediates/Potatso/IntermediateBuildFilesPath/Pods.build/Release-iphoneos/Pods-PacketProcessor.build/Pods_PacketProcessor-all-non-framework-target-headers.hmap (in target 'Pods-PacketProcessor' from project 'Pods')
    cd /Users/runner/work/Potatso/Potatso/Pods
    write-file /Users/runner/work/_temp/build/DerivedData/Build/Intermediates.noindex/ArchiveIntermediates/Potatso/IntermediateBuildFilesPath/Pods.build/Release-iphoneos/Pods-PacketProcessor.build/Pods_PacketProcessor-all-non-framework-target-headers.hmap

CpHeader /Users/runner/work/_temp/build/DerivedData/Build/Intermediates.noindex/ArchiveIntermediates/Potatso/IntermediateBuildFilesPath/UninstalledProducts/iphoneos/Pods_PacketTunnel.framework/Headers/Pods-PacketTunnel-umbrella.h /Users/runner/work/Potatso/Potatso/Pods/Target\ Support\ Files/Pods-PacketTunnel/Pods-PacketTunnel-umbrella.h (in target 'Pods-PacketTunnel' from project 'Pods')
    cd /Users/runner/work/Potatso/Potatso/Pods
    builtin-copy -exclude .DS_Store -exclude CVS -exclude .svn -exclude .git -exclude .hg -resolve-src-symlinks /Users/runner/work/Potatso/Potatso/Pods/Target\ Support\ Files/Pods-PacketTunnel/Pods-PacketTunnel-umbrella.h /Users/runner/work/_temp/build/DerivedData/Build/Intermediates.noindex/ArchiveIntermediates/Potatso/IntermediateBuildFilesPath/UninstalledProducts/iphoneos/Pods_PacketTunnel.framework/Headers

WriteAuxiliaryFile /Users/runner/work/_temp/build/DerivedData/Build/Intermediates.noindex/ArchiveIntermediates/Potatso/IntermediateBuildFilesPath/Pods.build/Release-iphoneos/Pods-PacketProcessor.build/module.modulemap (in target 'Pods-PacketProcessor' from project 'Pods')
    cd /Users/runner/work/Potatso/Potatso/Pods
    write-file /Users/runner/work/_temp/build/DerivedData/Build/Intermediates.noindex/ArchiveIntermediates/Potatso/IntermediateBuildFilesPath/Pods.build/Release-iphoneos/Pods-PacketProcessor.build/module.modulemap

Copy /Users/runner/work/_temp/build/DerivedData/Build/Intermediates.noindex/ArchiveIntermediates/Potatso/IntermediateBuildFilesPath/UninstalledProducts/iphoneos/Pods_PacketProcessor.framework/Modules/module.modulemap /Users/runner/work/_temp/build/DerivedData/Build/Intermediates.noindex/ArchiveIntermediates/Potatso/IntermediateBuildFilesPath/Pods.build/Release-iphoneos/Pods-PacketProcessor.build/module.modulemap (in target 'Pods-PacketProcessor' from project 'Pods')
    cd /Users/runner/work/Potatso/Potatso/Pods
    builtin-copy -exclude .DS_Store -exclude CVS -exclude .svn -exclude .git -exclude .hg -resolve-src-symlinks /Users/runner/work/_temp/build/DerivedData/Build/Intermediates.noindex/ArchiveIntermediates/Potatso/IntermediateBuildFilesPath/Pods.build/Release-iphoneos/Pods-PacketProcessor.build/module.modulemap /Users/runner/work/_temp/build/DerivedData/Build/Intermediates.noindex/ArchiveIntermediates/Potatso/IntermediateBuildFilesPath/UninstalledProducts/iphoneos/Pods_PacketProcessor.framework/Modules

WriteAuxiliaryFile /Users/runner/work/_temp/build/DerivedData/Build/Intermediates.noindex/ArchiveIntermediates/Potatso/IntermediateBuildFilesPath/Pods.build/Release-iphoneos/Pods-PacketTunnel.build/Objects-normal/arm64/e6072d4f65d7061329687fe24e3d63a7-common-args.resp (in target 'Pods-PacketTunnel' from project 'Pods')
    cd /Users/runner/work/Potatso/Potatso/Pods
    write-file /Users/runner/work/_temp/build/DerivedData/Build/Intermediates.noindex/ArchiveIntermediates/Potatso/IntermediateBuildFilesPath/Pods.build/Release-iphoneos/Pods-PacketTunnel.build/Objects-normal/arm64/e6072d4f65d7061329687fe24e3d63a7-common-args.resp
-target arm64-apple-ios12.0 '-std=gnu11' -fobjc-arc -fobjc-weak -fmodules -gmodules '-fmodules-cache-path=/Users/runner/work/_temp/build/DerivedData/ModuleCache.noindex' '-fmodule-name=Pods_PacketTunnel' -fpascal-strings -Os -fno-common '-DPOD_CONFIGURATION_RELEASE=1' '-DCOCOAPODS=1' '-DNS_BLOCK_ASSERTIONS=1' '-DOBJC_OLD_DISPATCH_PROTOTYPES=0' -isysroot /Applications/Xcode_15.4.app/Contents/Developer/Platforms/iPhoneOS.platform/Developer/SDKs/iPhoneOS17.5.sdk -g -iquote /Users/runner/work/_temp/build/DerivedData/Build/Intermediates.noindex/ArchiveIntermediates/Potatso/IntermediateBuildFilesPath/Pods.build/Release-iphoneos/Pods-PacketTunnel.build/Pods_PacketTunnel-generated-files.hmap -I/Users/runner/work/_temp/build/DerivedData/Build/Intermediates.noindex/ArchiveIntermediates/Potatso/IntermediateBuildFilesPath/Pods.build/Release-iphoneos/Pods-PacketTunnel.build/Pods_PacketTunnel-own-target-headers.hmap -I/Users/runner/work/_temp/build/DerivedData/Build/Intermediates.noindex/ArchiveIntermediates/Potatso/IntermediateBuildFilesPath/Pods.build/Release-iphoneos/Pods-PacketTunnel.build/Pods_PacketTunnel-all-non-framework-target-headers.hmap -ivfsoverlay /Users/runner/work/_temp/build/DerivedData/Build/Intermediates.noindex/ArchiveIntermediates/Potatso/IntermediateBuildFilesPath/Pods.build/Release-iphoneos/Pods-PacketTunnel.build/all-product-headers.yaml -iquote /Users/runner/work/_temp/build/DerivedData/Build/Intermediates.noindex/ArchiveIntermediates/Potatso/IntermediateBuildFilesPath/Pods.build/Release-iphoneos/Pods-PacketTunnel.build/Pods_PacketTunnel-project-headers.hmap -I/Users/runner/work/_temp/build/DerivedData/Build/Intermediates.noindex/ArchiveIntermediates/Potatso/BuildProductsPath/Release-iphoneos/include -I/Users/runner/work/_temp/build/DerivedData/Build/Intermediates.noindex/ArchiveIntermediates/Potatso/BuildProductsPath/Release-iphoneos/CocoaAsyncSocket/CocoaAsyncSocket.framework/Headers -I/Users/runner/work/_temp/build/DerivedData/Build/Intermediates.noindex/ArchiveIntermediates/Potatso/BuildProductsPath/Release-iphoneos/MMWormhole/MMWormhole.framework/Headers -I/Users/runner/work/_temp/build/DerivedData/Build/Intermediates.noindex/ArchiveIntermediates/Potatso/IntermediateBuildFilesPath/Pods.build/Release-iphoneos/Pods-PacketTunnel.build/DerivedSources-normal/arm64 -I/Users/runner/work/_temp/build/DerivedData/Build/Intermediates.noindex/ArchiveIntermediates/Potatso/IntermediateBuildFilesPath/Pods.build/Release-iphoneos/Pods-PacketTunnel.build/DerivedSources/arm64 -I/Users/runner/work/_temp/build/DerivedData/Build/Intermediates.noindex/ArchiveIntermediates/Potatso/IntermediateBuildFilesPath/Pods.build/Release-iphoneos/Pods-PacketTunnel.build/DerivedSources -F/Users/runner/work/_temp/build/DerivedData/Build/Intermediates.noindex/ArchiveIntermediates/Potatso/BuildProductsPath/Release-iphoneos -F/Users/runner/work/_temp/build/DerivedData/Build/Intermediates.noindex/ArchiveIntermediates/Potatso/BuildProductsPath/Release-iphoneos/CocoaAsyncSocket -F/Users/runner/work/_temp/build/DerivedData/Build/Intermediates.noindex/ArchiveIntermediates/Potatso/BuildProductsPath/Release-iphoneos/MMWormhole -isystem /Users/runner/work/_temp/build/DerivedData/Build/Intermediates.noindex/ArchiveIntermediates/Potatso/BuildProductsPath/Release-iphoneos/CocoaAsyncSocket/CocoaAsyncSocket.framework/Headers -isystem /Users/runner/work/_temp/build/DerivedData/Build/Intermediates.noindex/ArchiveIntermediates/Potatso/BuildProductsPath/Release-iphoneos/MMWormhole/MMWormhole.framework/Headers -iframework /Users/runner/work/_temp/build/DerivedData/Build/Intermediates.noindex/ArchiveIntermediates/Potatso/BuildProductsPath/Release-iphoneos/CocoaAsyncSocket -iframework /Users/runner/work/_temp/build/DerivedData/Build/Intermediates.noindex/ArchiveIntermediates/Potatso/BuildProductsPath/Release-iphoneos/MMWormhole

WriteAuxiliaryFile /Users/runner/work/_temp/build/DerivedData/Build/Intermediates.noindex/ArchiveIntermediates/Potatso/IntermediateBuildFilesPath/Pods.build/Release-iphoneos/Pods-PacketTunnel.build/Objects-normal/arm64/7187679823f38a2a940e0043cdf9d637-common-args.resp (in target 'Pods-PacketTunnel' from project 'Pods')
    cd /Users/runner/work/Potatso/Potatso/Pods
    write-file /Users/runner/work/_temp/build/DerivedData/Build/Intermediates.noindex/ArchiveIntermediates/Potatso/IntermediateBuildFilesPath/Pods.build/Release-iphoneos/Pods-PacketTunnel.build/Objects-normal/arm64/7187679823f38a2a940e0043cdf9d637-common-args.resp
-target arm64-apple-ios12.0 '-std=gnu11' -fmodules -gmodules '-fmodules-cache-path=/Users/runner/work/_temp/build/DerivedData/ModuleCache.noindex' '-fmodule-name=Pods_PacketTunnel' -fpascal-strings -Os -fno-common '-DPOD_CONFIGURATION_RELEASE=1' '-DCOCOAPODS=1' -isysroot /Applications/Xcode_15.4.app/Contents/Developer/Platforms/iPhoneOS.platform/Developer/SDKs/iPhoneOS17.5.sdk -g -iquote /Users/runner/work/_temp/build/DerivedData/Build/Intermediates.noindex/ArchiveIntermediates/Potatso/IntermediateBuildFilesPath/Pods.build/Release-iphoneos/Pods-PacketTunnel.build/Pods_PacketTunnel-generated-files.hmap -I/Users/runner/work/_temp/build/DerivedData/Build/Intermediates.noindex/ArchiveIntermediates/Potatso/IntermediateBuildFilesPath/Pods.build/Release-iphoneos/Pods-PacketTunnel.build/Pods_PacketTunnel-own-target-headers.hmap -I/Users/runner/work/_temp/build/DerivedData/Build/Intermediates.noindex/ArchiveIntermediates/Potatso/IntermediateBuildFilesPath/Pods.build/Release-iphoneos/Pods-PacketTunnel.build/Pods_PacketTunnel-all-non-framework-target-headers.hmap -ivfsoverlay /Users/runner/work/_temp/build/DerivedData/Build/Intermediates.noindex/ArchiveIntermediates/Potatso/IntermediateBuildFilesPath/Pods.build/Release-iphoneos/Pods-PacketTunnel.build/all-product-headers.yaml -iquote /Users/runner/work/_temp/build/DerivedData/Build/Intermediates.noindex/ArchiveIntermediates/Potatso/IntermediateBuildFilesPath/Pods.build/Release-iphoneos/Pods-PacketTunnel.build/Pods_PacketTunnel-project-headers.hmap -I/Users/runner/work/_temp/build/DerivedData/Build/Intermediates.noindex/ArchiveIntermediates/Potatso/BuildProductsPath/Release-iphoneos/include -I/Users/runner/work/_temp/build/DerivedData/Build/Intermediates.noindex/ArchiveIntermediates/Potatso/BuildProductsPath/Release-iphoneos/CocoaAsyncSocket/CocoaAsyncSocket.framework/Headers -I/Users/runner/work/_temp/build/DerivedData/Build/Intermediates.noindex/ArchiveIntermediates/Potatso/BuildProductsPath/Release-iphoneos/MMWormhole/MMWormhole.framework/Headers -I/Users/runner/work/_temp/build/DerivedData/Build/Intermediates.noindex/ArchiveIntermediates/Potatso/IntermediateBuildFilesPath/Pods.build/Release-iphoneos/Pods-PacketTunnel.build/DerivedSources-normal/arm64 -I/Users/runner/work/_temp/build/DerivedData/Build/Intermediates.noindex/ArchiveIntermediates/Potatso/IntermediateBuildFilesPath/Pods.build/Release-iphoneos/Pods-PacketTunnel.build/DerivedSources/arm64 -I/Users/runner/work/_temp/build/DerivedData/Build/Intermediates.noindex/ArchiveIntermediates/Potatso/IntermediateBuildFilesPath/Pods.build/Release-iphoneos/Pods-PacketTunnel.build/DerivedSources -F/Users/runner/work/_temp/build/DerivedData/Build/Intermediates.noindex/ArchiveIntermediates/Potatso/BuildProductsPath/Release-iphoneos -F/Users/runner/work/_temp/build/DerivedData/Build/Intermediates.noindex/ArchiveIntermediates/Potatso/BuildProductsPath/Release-iphoneos/CocoaAsyncSocket -F/Users/runner/work/_temp/build/DerivedData/Build/Intermediates.noindex/ArchiveIntermediates/Potatso/BuildProductsPath/Release-iphoneos/MMWormhole -isystem /Users/runner/work/_temp/build/DerivedData/Build/Intermediates.noindex/ArchiveIntermediates/Potatso/BuildProductsPath/Release-iphoneos/CocoaAsyncSocket/CocoaAsyncSocket.framework/Headers -isystem /Users/runner/work/_temp/build/DerivedData/Build/Intermediates.noindex/ArchiveIntermediates/Potatso/BuildProductsPath/Release-iphoneos/MMWormhole/MMWormhole.framework/Headers -iframework /Users/runner/work/_temp/build/DerivedData/Build/Intermediates.noindex/ArchiveIntermediates/Potatso/BuildProductsPath/Release-iphoneos/CocoaAsyncSocket -iframework /Users/runner/work/_temp/build/DerivedData/Build/Intermediates.noindex/ArchiveIntermediates/Potatso/BuildProductsPath/Release-iphoneos/MMWormhole

WriteAuxiliaryFile /Users/runner/work/_temp/build/DerivedData/Build/Intermediates.noindex/ArchiveIntermediates/Potatso/IntermediateBuildFilesPath/Pods.build/Release-iphoneos/Pods-PacketTunnel.build/DerivedSources/Pods_PacketTunnel_vers.c (in target 'Pods-PacketTunnel' from project 'Pods')
    cd /Users/runner/work/Potatso/Potatso/Pods
    write-file /Users/runner/work/_temp/build/DerivedData/Build/Intermediates.noindex/ArchiveIntermediates/Potatso/IntermediateBuildFilesPath/Pods.build/Release-iphoneos/Pods-PacketTunnel.build/DerivedSources/Pods_PacketTunnel_vers.c

CpHeader /Users/runner/work/_temp/build/DerivedData/Build/Intermediates.noindex/ArchiveIntermediates/Potatso/IntermediateBuildFilesPath/UninstalledProducts/iphoneos/Pods_PacketProcessor.framework/Headers/Pods-PacketProcessor-umbrella.h /Users/runner/work/Potatso/Potatso/Pods/Target\ Support\ Files/Pods-PacketProcessor/Pods-PacketProcessor-umbrella.h (in target 'Pods-PacketProcessor' from project 'Pods')
    cd /Users/runner/work/Potatso/Potatso/Pods
    builtin-copy -exclude .DS_Store -exclude CVS -exclude .svn -exclude .git -exclude .hg -resolve-src-symlinks /Users/runner/work/Potatso/Potatso/Pods/Target\ Support\ Files/Pods-PacketProcessor/Pods-PacketProcessor-umbrella.h /Users/runner/work/_temp/build/DerivedData/Build/Intermediates.noindex/ArchiveIntermediates/Potatso/IntermediateBuildFilesPath/UninstalledProducts/iphoneos/Pods_PacketProcessor.framework/Headers

WriteAuxiliaryFile /Users/runner/work/_temp/build/DerivedData/Build/Intermediates.noindex/ArchiveIntermediates/Potatso/IntermediateBuildFilesPath/Pods.build/Release-iphoneos/Pods-PacketProcessor.build/Objects-normal/arm64/7187679823f38a2a940e0043cdf9d637-common-args.resp (in target 'Pods-PacketProcessor' from project 'Pods')
    cd /Users/runner/work/Potatso/Potatso/Pods
    write-file /Users/runner/work/_temp/build/DerivedData/Build/Intermediates.noindex/ArchiveIntermediates/Potatso/IntermediateBuildFilesPath/Pods.build/Release-iphoneos/Pods-PacketProcessor.build/Objects-normal/arm64/7187679823f38a2a940e0043cdf9d637-common-args.resp
-target arm64-apple-ios12.0 '-std=gnu11' -fmodules -gmodules '-fmodules-cache-path=/Users/runner/work/_temp/build/DerivedData/ModuleCache.noindex' '-fmodule-name=Pods_PacketProcessor' -fpascal-strings -Os -fno-common '-DPOD_CONFIGURATION_RELEASE=1' '-DCOCOAPODS=1' -isysroot /Applications/Xcode_15.4.app/Contents/Developer/Platforms/iPhoneOS.platform/Developer/SDKs/iPhoneOS17.5.sdk -g -iquote /Users/runner/work/_temp/build/DerivedData/Build/Intermediates.noindex/ArchiveIntermediates/Potatso/IntermediateBuildFilesPath/Pods.build/Release-iphoneos/Pods-PacketProcessor.build/Pods_PacketProcessor-generated-files.hmap -I/Users/runner/work/_temp/build/DerivedData/Build/Intermediates.noindex/ArchiveIntermediates/Potatso/IntermediateBuildFilesPath/Pods.build/Release-iphoneos/Pods-PacketProcessor.build/Pods_PacketProcessor-own-target-headers.hmap -I/Users/runner/work/_temp/build/DerivedData/Build/Intermediates.noindex/ArchiveIntermediates/Potatso/IntermediateBuildFilesPath/Pods.build/Release-iphoneos/Pods-PacketProcessor.build/Pods_PacketProcessor-all-non-framework-target-headers.hmap -ivfsoverlay /Users/runner/work/_temp/build/DerivedData/Build/Intermediates.noindex/ArchiveIntermediates/Potatso/IntermediateBuildFilesPath/Pods.build/Release-iphoneos/Pods-PacketProcessor.build/all-product-headers.yaml -iquote /Users/runner/work/_temp/build/DerivedData/Build/Intermediates.noindex/ArchiveIntermediates/Potatso/IntermediateBuildFilesPath/Pods.build/Release-iphoneos/Pods-PacketProcessor.build/Pods_PacketProcessor-project-headers.hmap -I/Users/runner/work/_temp/build/DerivedData/Build/Intermediates.noindex/ArchiveIntermediates/Potatso/BuildProductsPath/Release-iphoneos/include -I/Users/runner/work/_temp/build/DerivedData/Build/Intermediates.noindex/ArchiveIntermediates/Potatso/BuildProductsPath/Release-iphoneos/CocoaAsyncSocket/CocoaAsyncSocket.framework/Headers -I/Users/runner/work/_temp/build/DerivedData/Build/Intermediates.noindex/ArchiveIntermediates/Potatso/IntermediateBuildFilesPath/Pods.build/Release-iphoneos/Pods-PacketProcessor.build/DerivedSources-normal/arm64 -I/Users/runner/work/_temp/build/DerivedData/Build/Intermediates.noindex/ArchiveIntermediates/Potatso/IntermediateBuildFilesPath/Pods.build/Release-iphoneos/Pods-PacketProcessor.build/DerivedSources/arm64 -I/Users/runner/work/_temp/build/DerivedData/Build/Intermediates.noindex/ArchiveIntermediates/Potatso/IntermediateBuildFilesPath/Pods.build/Release-iphoneos/Pods-PacketProcessor.build/DerivedSources -F/Users/runner/work/_temp/build/DerivedData/Build/Intermediates.noindex/ArchiveIntermediates/Potatso/BuildProductsPath/Release-iphoneos -F/Users/runner/work/_temp/build/DerivedData/Build/Intermediates.noindex/ArchiveIntermediates/Potatso/BuildProductsPath/Release-iphoneos/CocoaAsyncSocket -isystem /Users/runner/work/_temp/build/DerivedData/Build/Intermediates.noindex/ArchiveIntermediates/Potatso/BuildProductsPath/Release-iphoneos/CocoaAsyncSocket/CocoaAsyncSocket.framework/Headers -iframework /Users/runner/work/_temp/build/DerivedData/Build/Intermediates.noindex/ArchiveIntermediates/Potatso/BuildProductsPath/Release-iphoneos/CocoaAsyncSocket

WriteAuxiliaryFile /Users/runner/work/_temp/build/DerivedData/Build/Intermediates.noindex/ArchiveIntermediates/Potatso/IntermediateBuildFilesPath/Pods.build/Release-iphoneos/Pods-PacketProcessor.build/Objects-normal/arm64/e6072d4f65d7061329687fe24e3d63a7-common-args.resp (in target 'Pods-PacketProcessor' from project 'Pods')
    cd /Users/runner/work/Potatso/Potatso/Pods
    write-file /Users/runner/work/_temp/build/DerivedData/Build/Intermediates.noindex/ArchiveIntermediates/Potatso/IntermediateBuildFilesPath/Pods.build/Release-iphoneos/Pods-PacketProcessor.build/Objects-normal/arm64/e6072d4f65d7061329687fe24e3d63a7-common-args.resp
-target arm64-apple-ios12.0 '-std=gnu11' -fobjc-arc -fobjc-weak -fmodules -gmodules '-fmodules-cache-path=/Users/runner/work/_temp/build/DerivedData/ModuleCache.noindex' '-fmodule-name=Pods_PacketProcessor' -fpascal-strings -Os -fno-common '-DPOD_CONFIGURATION_RELEASE=1' '-DCOCOAPODS=1' '-DNS_BLOCK_ASSERTIONS=1' '-DOBJC_OLD_DISPATCH_PROTOTYPES=0' -isysroot /Applications/Xcode_15.4.app/Contents/Developer/Platforms/iPhoneOS.platform/Developer/SDKs/iPhoneOS17.5.sdk -g -iquote /Users/runner/work/_temp/build/DerivedData/Build/Intermediates.noindex/ArchiveIntermediates/Potatso/IntermediateBuildFilesPath/Pods.build/Release-iphoneos/Pods-PacketProcessor.build/Pods_PacketProcessor-generated-files.hmap -I/Users/runner/work/_temp/build/DerivedData/Build/Intermediates.noindex/ArchiveIntermediates/Potatso/IntermediateBuildFilesPath/Pods.build/Release-iphoneos/Pods-PacketProcessor.build/Pods_PacketProcessor-own-target-headers.hmap -I/Users/runner/work/_temp/build/DerivedData/Build/Intermediates.noindex/ArchiveIntermediates/Potatso/IntermediateBuildFilesPath/Pods.build/Release-iphoneos/Pods-PacketProcessor.build/Pods_PacketProcessor-all-non-framework-target-headers.hmap -ivfsoverlay /Users/runner/work/_temp/build/DerivedData/Build/Intermediates.noindex/ArchiveIntermediates/Potatso/IntermediateBuildFilesPath/Pods.build/Release-iphoneos/Pods-PacketProcessor.build/all-product-headers.yaml -iquote /Users/runner/work/_temp/build/DerivedData/Build/Intermediates.noindex/ArchiveIntermediates/Potatso/IntermediateBuildFilesPath/Pods.build/Release-iphoneos/Pods-PacketProcessor.build/Pods_PacketProcessor-project-headers.hmap -I/Users/runner/work/_temp/build/DerivedData/Build/Intermediates.noindex/ArchiveIntermediates/Potatso/BuildProductsPath/Release-iphoneos/include -I/Users/runner/work/_temp/build/DerivedData/Build/Intermediates.noindex/ArchiveIntermediates/Potatso/BuildProductsPath/Release-iphoneos/CocoaAsyncSocket/CocoaAsyncSocket.framework/Headers -I/Users/runner/work/_temp/build/DerivedData/Build/Intermediates.noindex/ArchiveIntermediates/Potatso/IntermediateBuildFilesPath/Pods.build/Release-iphoneos/Pods-PacketProcessor.build/DerivedSources-normal/arm64 -I/Users/runner/work/_temp/build/DerivedData/Build/Intermediates.noindex/ArchiveIntermediates/Potatso/IntermediateBuildFilesPath/Pods.build/Release-iphoneos/Pods-PacketProcessor.build/DerivedSources/arm64 -I/Users/runner/work/_temp/build/DerivedData/Build/Intermediates.noindex/ArchiveIntermediates/Potatso/IntermediateBuildFilesPath/Pods.build/Release-iphoneos/Pods-PacketProcessor.build/DerivedSources -F/Users/runner/work/_temp/build/DerivedData/Build/Intermediates.noindex/ArchiveIntermediates/Potatso/BuildProductsPath/Release-iphoneos -F/Users/runner/work/_temp/build/DerivedData/Build/Intermediates.noindex/ArchiveIntermediates/Potatso/BuildProductsPath/Release-iphoneos/CocoaAsyncSocket -isystem /Users/runner/work/_temp/build/DerivedData/Build/Intermediates.noindex/ArchiveIntermediates/Potatso/BuildProductsPath/Release-iphoneos/CocoaAsyncSocket/CocoaAsyncSocket.framework/Headers -iframework /Users/runner/work/_temp/build/DerivedData/Build/Intermediates.noindex/ArchiveIntermediates/Potatso/BuildProductsPath/Release-iphoneos/CocoaAsyncSocket

WriteAuxiliaryFile /Users/runner/work/_temp/build/DerivedData/Build/Intermediates.noindex/ArchiveIntermediates/Potatso/IntermediateBuildFilesPath/Pods.build/Release-iphoneos/Pods-PacketProcessor.build/DerivedSources/Pods_PacketProcessor_vers.c (in target 'Pods-PacketProcessor' from project 'Pods')
    cd /Users/runner/work/Potatso/Potatso/Pods
    write-file /Users/runner/work/_temp/build/DerivedData/Build/Intermediates.noindex/ArchiveIntermediates/Potatso/IntermediateBuildFilesPath/Pods.build/Release-iphoneos/Pods-PacketProcessor.build/DerivedSources/Pods_PacketProcessor_vers.c

CpHeader /Users/runner/work/_temp/build/DerivedData/Build/Intermediates.noindex/ArchiveIntermediates/Potatso/IntermediateBuildFilesPath/UninstalledProducts/iphoneos/Cartography.framework/Headers/Cartography-umbrella.h /Users/runner/work/Potatso/Potatso/Pods/Target\ Support\ Files/Cartography/Cartography-umbrella.h (in target 'Cartography' from project 'Pods')
    cd /Users/runner/work/Potatso/Potatso/Pods
    builtin-copy -exclude .DS_Store -exclude CVS -exclude .svn -exclude .git -exclude .hg -resolve-src-symlinks /Users/runner/work/Potatso/Potatso/Pods/Target\ Support\ Files/Cartography/Cartography-umbrella.h /Users/runner/work/_temp/build/DerivedData/Build/Intermediates.noindex/ArchiveIntermediates/Potatso/IntermediateBuildFilesPath/UninstalledProducts/iphoneos/Cartography.framework/Headers

ProcessInfoPlistFile /Users/runner/work/_temp/build/DerivedData/Build/Intermediates.noindex/ArchiveIntermediates/Potatso/IntermediateBuildFilesPath/UninstalledProducts/iphoneos/Cartography.framework/Info.plist /Users/runner/work/Potatso/Potatso/Pods/Target\ Support\ Files/Cartography/Cartography-Info.plist (in target 'Cartography' from project 'Pods')
    cd /Users/runner/work/Potatso/Potatso/Pods
    builtin-infoPlistUtility /Users/runner/work/Potatso/Potatso/Pods/Target\ Support\ Files/Cartography/Cartography-Info.plist -producttype com.apple.product-type.framework -expandbuildsettings -format binary -platform iphoneos -requiredArchitecture arm64 -o /Users/runner/work/_temp/build/DerivedData/Build/Intermediates.noindex/ArchiveIntermediates/Potatso/IntermediateBuildFilesPath/UninstalledProducts/iphoneos/Cartography.framework/Info.plist

WriteAuxiliaryFile /Users/runner/work/_temp/build/DerivedData/Build/Intermediates.noindex/ArchiveIntermediates/Potatso/IntermediateBuildFilesPath/Pods.build/Release-iphoneos/CallbackURLKit.build/unextended-module.modulemap (in target 'CallbackURLKit' from project 'Pods')
    cd /Users/runner/work/Potatso/Potatso/Pods
    write-file /Users/runner/work/_temp/build/DerivedData/Build/Intermediates.noindex/ArchiveIntermediates/Potatso/IntermediateBuildFilesPath/Pods.build/Release-iphoneos/CallbackURLKit.build/unextended-module.modulemap

WriteAuxiliaryFile /Users/runner/work/_temp/build/DerivedData/Build/Intermediates.noindex/ArchiveIntermediates/Potatso/IntermediateBuildFilesPath/Pods.build/Release-iphoneos/CallbackURLKit.build/unextended-module-overlay.yaml (in target 'CallbackURLKit' from project 'Pods')
    cd /Users/runner/work/Potatso/Potatso/Pods
    write-file /Users/runner/work/_temp/build/DerivedData/Build/Intermediates.noindex/ArchiveIntermediates/Potatso/IntermediateBuildFilesPath/Pods.build/Release-iphoneos/CallbackURLKit.build/unextended-module-overlay.yaml

WriteAuxiliaryFile /Users/runner/work/_temp/build/DerivedData/Build/Intermediates.noindex/ArchiveIntermediates/Potatso/IntermediateBuildFilesPath/Pods.build/Release-iphoneos/CallbackURLKit.build/module.modulemap (in target 'CallbackURLKit' from project 'Pods')
    cd /Users/runner/work/Potatso/Potatso/Pods
    write-file /Users/runner/work/_temp/build/DerivedData/Build/Intermediates.noindex/ArchiveIntermediates/Potatso/IntermediateBuildFilesPath/Pods.build/Release-iphoneos/CallbackURLKit.build/module.modulemap

Copy /Users/runner/work/_temp/build/DerivedData/Build/Intermediates.noindex/ArchiveIntermediates/Potatso/IntermediateBuildFilesPath/UninstalledProducts/iphoneos/CallbackURLKit.framework/Modules/module.modulemap /Users/runner/work/_temp/build/DerivedData/Build/Intermediates.noindex/ArchiveIntermediates/Potatso/IntermediateBuildFilesPath/Pods.build/Release-iphoneos/CallbackURLKit.build/module.modulemap (in target 'CallbackURLKit' from project 'Pods')
    cd /Users/runner/work/Potatso/Potatso/Pods
    builtin-copy -exclude .DS_Store -exclude CVS -exclude .svn -exclude .git -exclude .hg -resolve-src-symlinks /Users/runner/work/_temp/build/DerivedData/Build/Intermediates.noindex/ArchiveIntermediates/Potatso/IntermediateBuildFilesPath/Pods.build/Release-iphoneos/CallbackURLKit.build/module.modulemap /Users/runner/work/_temp/build/DerivedData/Build/Intermediates.noindex/ArchiveIntermediates/Potatso/IntermediateBuildFilesPath/UninstalledProducts/iphoneos/CallbackURLKit.framework/Modules

WriteAuxiliaryFile /Users/runner/work/_temp/build/DerivedData/Build/Intermediates.noindex/ArchiveIntermediates/Potatso/IntermediateBuildFilesPath/Pods.build/Release-iphoneos/Cartography.build/Objects-normal/arm64/Cartography.LinkFileList (in target 'Cartography' from project 'Pods')
    cd /Users/runner/work/Potatso/Potatso/Pods
    write-file /Users/runner/work/_temp/build/DerivedData/Build/Intermediates.noindex/ArchiveIntermediates/Potatso/IntermediateBuildFilesPath/Pods.build/Release-iphoneos/Cartography.build/Objects-normal/arm64/Cartography.LinkFileList

WriteAuxiliaryFile /Users/runner/work/_temp/build/DerivedData/Build/Intermediates.noindex/ArchiveIntermediates/Potatso/IntermediateBuildFilesPath/Potatso.build/Release-iphoneos/PacketProcessor.build/all-product-headers.yaml (in target 'PacketProcessor' from project 'Potatso')
    cd /Users/runner/work/Potatso/Potatso
    write-file /Users/runner/work/_temp/build/DerivedData/Build/Intermediates.noindex/ArchiveIntermediates/Potatso/IntermediateBuildFilesPath/Potatso.build/Release-iphoneos/PacketProcessor.build/all-product-headers.yaml

WriteAuxiliaryFile /Users/runner/work/_temp/build/DerivedData/Build/Intermediates.noindex/ArchiveIntermediates/Potatso/IntermediateBuildFilesPath/Potatso.build/Release-iphoneos/PacketProcessor.build/PacketProcessor.hmap (in target 'PacketProcessor' from project 'Potatso')
    cd /Users/runner/work/Potatso/Potatso
    write-file /Users/runner/work/_temp/build/DerivedData/Build/Intermediates.noindex/ArchiveIntermediates/Potatso/IntermediateBuildFilesPath/Potatso.build/Release-iphoneos/PacketProcessor.build/PacketProcessor.hmap

WriteAuxiliaryFile /Users/runner/work/_temp/build/DerivedData/Build/Intermediates.noindex/ArchiveIntermediates/Potatso/IntermediateBuildFilesPath/Potatso.build/Release-iphoneos/PacketProcessor.build/PacketProcessor-project-headers.hmap (in target 'PacketProcessor' from project 'Potatso')
    cd /Users/runner/work/Potatso/Potatso
    write-file /Users/runner/work/_temp/build/DerivedData/Build/Intermediates.noindex/ArchiveIntermediates/Potatso/IntermediateBuildFilesPath/Potatso.build/Release-iphoneos/PacketProcessor.build/PacketProcessor-project-headers.hmap

WriteAuxiliaryFile /Users/runner/work/_temp/build/DerivedData/Build/Intermediates.noindex/ArchiveIntermediates/Potatso/IntermediateBuildFilesPath/Potatso.build/Release-iphoneos/PacketProcessor.build/PacketProcessor-own-target-headers.hmap (in target 'PacketProcessor' from project 'Potatso')
    cd /Users/runner/work/Potatso/Potatso
    write-file /Users/runner/work/_temp/build/DerivedData/Build/Intermediates.noindex/ArchiveIntermediates/Potatso/IntermediateBuildFilesPath/Potatso.build/Release-iphoneos/PacketProcessor.build/PacketProcessor-own-target-headers.hmap

WriteAuxiliaryFile /Users/runner/work/_temp/build/DerivedData/Build/Intermediates.noindex/ArchiveIntermediates/Potatso/IntermediateBuildFilesPath/Potatso.build/Release-iphoneos/PacketProcessor.build/PacketProcessor-generated-files.hmap (in target 'PacketProcessor' from project 'Potatso')
    cd /Users/runner/work/Potatso/Potatso
    write-file /Users/runner/work/_temp/build/DerivedData/Build/Intermediates.noindex/ArchiveIntermediates/Potatso/IntermediateBuildFilesPath/Potatso.build/Release-iphoneos/PacketProcessor.build/PacketProcessor-generated-files.hmap

WriteAuxiliaryFile /Users/runner/work/_temp/build/DerivedData/Build/Intermediates.noindex/ArchiveIntermediates/Potatso/IntermediateBuildFilesPath/Potatso.build/Release-iphoneos/PacketProcessor.build/PacketProcessor-all-target-headers.hmap (in target 'PacketProcessor' from project 'Potatso')
    cd /Users/runner/work/Potatso/Potatso
    write-file /Users/runner/work/_temp/build/DerivedData/Build/Intermediates.noindex/ArchiveIntermediates/Potatso/IntermediateBuildFilesPath/Potatso.build/Release-iphoneos/PacketProcessor.build/PacketProcessor-all-target-headers.hmap

WriteAuxiliaryFile /Users/runner/work/_temp/build/DerivedData/Build/Intermediates.noindex/ArchiveIntermediates/Potatso/IntermediateBuildFilesPath/Potatso.build/Release-iphoneos/PacketProcessor.build/PacketProcessor-all-non-framework-target-headers.hmap (in target 'PacketProcessor' from project 'Potatso')
    cd /Users/runner/work/Potatso/Potatso
    write-file /Users/runner/work/_temp/build/DerivedData/Build/Intermediates.noindex/ArchiveIntermediates/Potatso/IntermediateBuildFilesPath/Potatso.build/Release-iphoneos/PacketProcessor.build/PacketProcessor-all-non-framework-target-headers.hmap

WriteAuxiliaryFile /Users/runner/work/_temp/build/DerivedData/Build/Intermediates.noindex/ArchiveIntermediates/Potatso/IntermediateBuildFilesPath/Pods.build/Release-iphoneos/Cartography.build/Objects-normal/arm64/e6072d4f65d7061329687fe24e3d63a7-common-args.resp (in target 'Cartography' from project 'Pods')
    cd /Users/runner/work/Potatso/Potatso/Pods
    write-file /Users/runner/work/_temp/build/DerivedData/Build/Intermediates.noindex/ArchiveIntermediates/Potatso/IntermediateBuildFilesPath/Pods.build/Release-iphoneos/Cartography.build/Objects-normal/arm64/e6072d4f65d7061329687fe24e3d63a7-common-args.resp
-target arm64-apple-ios12.0 '-std=gnu11' -fobjc-arc -fobjc-weak -fmodules -gmodules '-fmodules-cache-path=/Users/runner/work/_temp/build/DerivedData/ModuleCache.noindex' '-fmodule-name=Cartography' -fapplication-extension -fpascal-strings -Os -fno-common '-DPOD_CONFIGURATION_RELEASE=1' '-DCOCOAPODS=1' '-DNS_BLOCK_ASSERTIONS=1' '-DOBJC_OLD_DISPATCH_PROTOTYPES=0' -isysroot /Applications/Xcode_15.4.app/Contents/Developer/Platforms/iPhoneOS.platform/Developer/SDKs/iPhoneOS17.5.sdk -g -iquote /Users/runner/work/_temp/build/DerivedData/Build/Intermediates.noindex/ArchiveIntermediates/Potatso/IntermediateBuildFilesPath/Pods.build/Release-iphoneos/Cartography.build/Cartography-generated-files.hmap -I/Users/runner/work/_temp/build/DerivedData/Build/Intermediates.noindex/ArchiveIntermediates/Potatso/IntermediateBuildFilesPath/Pods.build/Release-iphoneos/Cartography.build/Cartography-own-target-headers.hmap -I/Users/runner/work/_temp/build/DerivedData/Build/Intermediates.noindex/ArchiveIntermediates/Potatso/IntermediateBuildFilesPath/Pods.build/Release-iphoneos/Cartography.build/Cartography-all-non-framework-target-headers.hmap -ivfsoverlay /Users/runner/work/_temp/build/DerivedData/Build/Intermediates.noindex/ArchiveIntermediates/Potatso/IntermediateBuildFilesPath/Pods.build/Release-iphoneos/Cartography.build/all-product-headers.yaml -iquote /Users/runner/work/_temp/build/DerivedData/Build/Intermediates.noindex/ArchiveIntermediates/Potatso/IntermediateBuildFilesPath/Pods.build/Release-iphoneos/Cartography.build/Cartography-project-headers.hmap -I/Users/runner/work/_temp/build/DerivedData/Build/Intermediates.noindex/ArchiveIntermediates/Potatso/BuildProductsPath/Release-iphoneos/Cartography/include -I/Users/runner/work/_temp/build/DerivedData/Build/Intermediates.noindex/ArchiveIntermediates/Potatso/IntermediateBuildFilesPath/Pods.build/Release-iphoneos/Cartography.build/DerivedSources-normal/arm64 -I/Users/runner/work/_temp/build/DerivedData/Build/Intermediates.noindex/ArchiveIntermediates/Potatso/IntermediateBuildFilesPath/Pods.build/Release-iphoneos/Cartography.build/DerivedSources/arm64 -I/Users/runner/work/_temp/build/DerivedData/Build/Intermediates.noindex/ArchiveIntermediates/Potatso/IntermediateBuildFilesPath/Pods.build/Release-iphoneos/Cartography.build/DerivedSources -F/Users/runner/work/_temp/build/DerivedData/Build/Intermediates.noindex/ArchiveIntermediates/Potatso/BuildProductsPath/Release-iphoneos/Cartography

WriteAuxiliaryFile /Users/runner/work/_temp/build/DerivedData/Build/Intermediates.noindex/ArchiveIntermediates/Potatso/IntermediateBuildFilesPath/Pods.build/Release-iphoneos/Cartography.build/Objects-normal/arm64/Cartography_const_extract_protocols.json (in target 'Cartography' from project 'Pods')
    cd /Users/runner/work/Potatso/Potatso/Pods
    write-file /Users/runner/work/_temp/build/DerivedData/Build/Intermediates.noindex/ArchiveIntermediates/Potatso/IntermediateBuildFilesPath/Pods.build/Release-iphoneos/Cartography.build/Objects-normal/arm64/Cartography_const_extract_protocols.json

WriteAuxiliaryFile /Users/runner/work/_temp/build/DerivedData/Build/Intermediates.noindex/ArchiveIntermediates/Potatso/IntermediateBuildFilesPath/Pods.build/Release-iphoneos/Cartography.build/Objects-normal/arm64/Cartography.SwiftFileList (in target 'Cartography' from project 'Pods')
    cd /Users/runner/work/Potatso/Potatso/Pods
    write-file /Users/runner/work/_temp/build/DerivedData/Build/Intermediates.noindex/ArchiveIntermediates/Potatso/IntermediateBuildFilesPath/Pods.build/Release-iphoneos/Cartography.build/Objects-normal/arm64/Cartography.SwiftFileList

WriteAuxiliaryFile /Users/runner/work/_temp/build/DerivedData/Build/Intermediates.noindex/ArchiveIntermediates/Potatso/IntermediateBuildFilesPath/Pods.build/Release-iphoneos/Cartography.build/Objects-normal/arm64/Cartography-OutputFileMap.json (in target 'Cartography' from project 'Pods')
    cd /Users/runner/work/Potatso/Potatso/Pods
    write-file /Users/runner/work/_temp/build/DerivedData/Build/Intermediates.noindex/ArchiveIntermediates/Potatso/IntermediateBuildFilesPath/Pods.build/Release-iphoneos/Cartography.build/Objects-normal/arm64/Cartography-OutputFileMap.json

WriteAuxiliaryFile /Users/runner/work/_temp/build/DerivedData/Build/Intermediates.noindex/ArchiveIntermediates/Potatso/IntermediateBuildFilesPath/Pods.build/Release-iphoneos/Cartography.build/Objects-normal/arm64/7187679823f38a2a940e0043cdf9d637-common-args.resp (in target 'Cartography' from project 'Pods')
    cd /Users/runner/work/Potatso/Potatso/Pods
    write-file /Users/runner/work/_temp/build/DerivedData/Build/Intermediates.noindex/ArchiveIntermediates/Potatso/IntermediateBuildFilesPath/Pods.build/Release-iphoneos/Cartography.build/Objects-normal/arm64/7187679823f38a2a940e0043cdf9d637-common-args.resp
-target arm64-apple-ios12.0 '-std=gnu11' -fmodules -gmodules '-fmodules-cache-path=/Users/runner/work/_temp/build/DerivedData/ModuleCache.noindex' '-fmodule-name=Cartography' -fapplication-extension -fpascal-strings -Os -fno-common '-DPOD_CONFIGURATION_RELEASE=1' '-DCOCOAPODS=1' -isysroot /Applications/Xcode_15.4.app/Contents/Developer/Platforms/iPhoneOS.platform/Developer/SDKs/iPhoneOS17.5.sdk -g -iquote /Users/runner/work/_temp/build/DerivedData/Build/Intermediates.noindex/ArchiveIntermediates/Potatso/IntermediateBuildFilesPath/Pods.build/Release-iphoneos/Cartography.build/Cartography-generated-files.hmap -I/Users/runner/work/_temp/build/DerivedData/Build/Intermediates.noindex/ArchiveIntermediates/Potatso/IntermediateBuildFilesPath/Pods.build/Release-iphoneos/Cartography.build/Cartography-own-target-headers.hmap -I/Users/runner/work/_temp/build/DerivedData/Build/Intermediates.noindex/ArchiveIntermediates/Potatso/IntermediateBuildFilesPath/Pods.build/Release-iphoneos/Cartography.build/Cartography-all-non-framework-target-headers.hmap -ivfsoverlay /Users/runner/work/_temp/build/DerivedData/Build/Intermediates.noindex/ArchiveIntermediates/Potatso/IntermediateBuildFilesPath/Pods.build/Release-iphoneos/Cartography.build/all-product-headers.yaml -iquote /Users/runner/work/_temp/build/DerivedData/Build/Intermediates.noindex/ArchiveIntermediates/Potatso/IntermediateBuildFilesPath/Pods.build/Release-iphoneos/Cartography.build/Cartography-project-headers.hmap -I/Users/runner/work/_temp/build/DerivedData/Build/Intermediates.noindex/ArchiveIntermediates/Potatso/BuildProductsPath/Release-iphoneos/Cartography/include -I/Users/runner/work/_temp/build/DerivedData/Build/Intermediates.noindex/ArchiveIntermediates/Potatso/IntermediateBuildFilesPath/Pods.build/Release-iphoneos/Cartography.build/DerivedSources-normal/arm64 -I/Users/runner/work/_temp/build/DerivedData/Build/Intermediates.noindex/ArchiveIntermediates/Potatso/IntermediateBuildFilesPath/Pods.build/Release-iphoneos/Cartography.build/DerivedSources/arm64 -I/Users/runner/work/_temp/build/DerivedData/Build/Intermediates.noindex/ArchiveIntermediates/Potatso/IntermediateBuildFilesPath/Pods.build/Release-iphoneos/Cartography.build/DerivedSources -F/Users/runner/work/_temp/build/DerivedData/Build/Intermediates.noindex/ArchiveIntermediates/Potatso/BuildProductsPath/Release-iphoneos/Cartography

WriteAuxiliaryFile /Users/runner/work/_temp/build/DerivedData/Build/Intermediates.noindex/ArchiveIntermediates/Potatso/IntermediateBuildFilesPath/Pods.build/Release-iphoneos/Cartography.build/DerivedSources/Cartography_vers.c (in target 'Cartography' from project 'Pods')
    cd /Users/runner/work/Potatso/Potatso/Pods
    write-file /Users/runner/work/_temp/build/DerivedData/Build/Intermediates.noindex/ArchiveIntermediates/Potatso/IntermediateBuildFilesPath/Pods.build/Release-iphoneos/Cartography.build/DerivedSources/Cartography_vers.c

WriteAuxiliaryFile /Users/runner/work/_temp/build/DerivedData/Build/Intermediates.noindex/ArchiveIntermediates/Potatso/IntermediateBuildFilesPath/Potatso.build/Release-iphoneos/PacketProcessor.build/module.modulemap (in target 'PacketProcessor' from project 'Potatso')
    cd /Users/runner/work/Potatso/Potatso
    write-file /Users/runner/work/_temp/build/DerivedData/Build/Intermediates.noindex/ArchiveIntermediates/Potatso/IntermediateBuildFilesPath/Potatso.build/Release-iphoneos/PacketProcessor.build/module.modulemap

Copy /Users/runner/work/_temp/build/DerivedData/Build/Intermediates.noindex/ArchiveIntermediates/Potatso/IntermediateBuildFilesPath/UninstalledProducts/iphoneos/PacketProcessor.framework/Modules/module.modulemap /Users/runner/work/_temp/build/DerivedData/Build/Intermediates.noindex/ArchiveIntermediates/Potatso/IntermediateBuildFilesPath/Potatso.build/Release-iphoneos/PacketProcessor.build/module.modulemap (in target 'PacketProcessor' from project 'Potatso')
    cd /Users/runner/work/Potatso/Potatso
    builtin-copy -exclude .DS_Store -exclude CVS -exclude .svn -exclude .git -exclude .hg -resolve-src-symlinks /Users/runner/work/_temp/build/DerivedData/Build/Intermediates.noindex/ArchiveIntermediates/Potatso/IntermediateBuildFilesPath/Potatso.build/Release-iphoneos/PacketProcessor.build/module.modulemap /Users/runner/work/_temp/build/DerivedData/Build/Intermediates.noindex/ArchiveIntermediates/Potatso/IntermediateBuildFilesPath/UninstalledProducts/iphoneos/PacketProcessor.framework/Modules

CpHeader /Users/runner/work/_temp/build/DerivedData/Build/Intermediates.noindex/ArchiveIntermediates/Potatso/IntermediateBuildFilesPath/UninstalledProducts/iphoneos/CallbackURLKit.framework/Headers/CallbackURLKit-umbrella.h /Users/runner/work/Potatso/Potatso/Pods/Target\ Support\ Files/CallbackURLKit/CallbackURLKit-umbrella.h (in target 'CallbackURLKit' from project 'Pods')
    cd /Users/runner/work/Potatso/Potatso/Pods
    builtin-copy -exclude .DS_Store -exclude CVS -exclude .svn -exclude .git -exclude .hg -resolve-src-symlinks /Users/runner/work/Potatso/Potatso/Pods/Target\ Support\ Files/CallbackURLKit/CallbackURLKit-umbrella.h /Users/runner/work/_temp/build/DerivedData/Build/Intermediates.noindex/ArchiveIntermediates/Potatso/IntermediateBuildFilesPath/UninstalledProducts/iphoneos/CallbackURLKit.framework/Headers

ProcessInfoPlistFile /Users/runner/work/_temp/build/DerivedData/Build/Intermediates.noindex/ArchiveIntermediates/Potatso/IntermediateBuildFilesPath/UninstalledProducts/iphoneos/CallbackURLKit.framework/Info.plist /Users/runner/work/Potatso/Potatso/Pods/Target\ Support\ Files/CallbackURLKit/CallbackURLKit-Info.plist (in target 'CallbackURLKit' from project 'Pods')
    cd /Users/runner/work/Potatso/Potatso/Pods
    builtin-infoPlistUtility /Users/runner/work/Potatso/Potatso/Pods/Target\ Support\ Files/CallbackURLKit/CallbackURLKit-Info.plist -producttype com.apple.product-type.framework -expandbuildsettings -format binary -platform iphoneos -requiredArchitecture arm64 -o /Users/runner/work/_temp/build/DerivedData/Build/Intermediates.noindex/ArchiveIntermediates/Potatso/IntermediateBuildFilesPath/UninstalledProducts/iphoneos/CallbackURLKit.framework/Info.plist

WriteAuxiliaryFile /Users/runner/work/_temp/build/DerivedData/Build/Intermediates.noindex/ArchiveIntermediates/Potatso/IntermediateBuildFilesPath/Pods.build/Release-iphoneos/CallbackURLKit.build/Objects-normal/arm64/CallbackURLKit.LinkFileList (in target 'CallbackURLKit' from project 'Pods')
    cd /Users/runner/work/Potatso/Potatso/Pods
    write-file /Users/runner/work/_temp/build/DerivedData/Build/Intermediates.noindex/ArchiveIntermediates/Potatso/IntermediateBuildFilesPath/Pods.build/Release-iphoneos/CallbackURLKit.build/Objects-normal/arm64/CallbackURLKit.LinkFileList

WriteAuxiliaryFile /Users/runner/work/_temp/build/DerivedData/Build/Intermediates.noindex/ArchiveIntermediates/Potatso/IntermediateBuildFilesPath/Pods.build/Release-iphoneos/CallbackURLKit.build/Objects-normal/arm64/e6072d4f65d7061329687fe24e3d63a7-common-args.resp (in target 'CallbackURLKit' from project 'Pods')
    cd /Users/runner/work/Potatso/Potatso/Pods
    write-file /Users/runner/work/_temp/build/DerivedData/Build/Intermediates.noindex/ArchiveIntermediates/Potatso/IntermediateBuildFilesPath/Pods.build/Release-iphoneos/CallbackURLKit.build/Objects-normal/arm64/e6072d4f65d7061329687fe24e3d63a7-common-args.resp
-target arm64-apple-ios12.0 '-std=gnu11' -fobjc-arc -fobjc-weak -fmodules -gmodules '-fmodules-cache-path=/Users/runner/work/_temp/build/DerivedData/ModuleCache.noindex' '-fmodule-name=CallbackURLKit' -fpascal-strings -Os -fno-common '-DPOD_CONFIGURATION_RELEASE=1' '-DCOCOAPODS=1' '-DNS_BLOCK_ASSERTIONS=1' '-DOBJC_OLD_DISPATCH_PROTOTYPES=0' -isysroot /Applications/Xcode_15.4.app/Contents/Developer/Platforms/iPhoneOS.platform/Developer/SDKs/iPhoneOS17.5.sdk -g -iquote /Users/runner/work/_temp/build/DerivedData/Build/Intermediates.noindex/ArchiveIntermediates/Potatso/IntermediateBuildFilesPath/Pods.build/Release-iphoneos/CallbackURLKit.build/CallbackURLKit-generated-files.hmap -I/Users/runner/work/_temp/build/DerivedData/Build/Intermediates.noindex/ArchiveIntermediates/Potatso/IntermediateBuildFilesPath/Pods.build/Release-iphoneos/CallbackURLKit.build/CallbackURLKit-own-target-headers.hmap -I/Users/runner/work/_temp/build/DerivedData/Build/Intermediates.noindex/ArchiveIntermediates/Potatso/IntermediateBuildFilesPath/Pods.build/Release-iphoneos/CallbackURLKit.build/CallbackURLKit-all-non-framework-target-headers.hmap -ivfsoverlay /Users/runner/work/_temp/build/DerivedData/Build/Intermediates.noindex/ArchiveIntermediates/Potatso/IntermediateBuildFilesPath/Pods.build/Release-iphoneos/CallbackURLKit.build/all-product-headers.yaml -iquote /Users/runner/work/_temp/build/DerivedData/Build/Intermediates.noindex/ArchiveIntermediates/Potatso/IntermediateBuildFilesPath/Pods.build/Release-iphoneos/CallbackURLKit.build/CallbackURLKit-project-headers.hmap -I/Users/runner/work/_temp/build/DerivedData/Build/Intermediates.noindex/ArchiveIntermediates/Potatso/BuildProductsPath/Release-iphoneos/CallbackURLKit/include -I/Users/runner/work/_temp/build/DerivedData/Build/Intermediates.noindex/ArchiveIntermediates/Potatso/IntermediateBuildFilesPath/Pods.build/Release-iphoneos/CallbackURLKit.build/DerivedSources-normal/arm64 -I/Users/runner/work/_temp/build/DerivedData/Build/Intermediates.noindex/ArchiveIntermediates/Potatso/IntermediateBuildFilesPath/Pods.build/Release-iphoneos/CallbackURLKit.build/DerivedSources/arm64 -I/Users/runner/work/_temp/build/DerivedData/Build/Intermediates.noindex/ArchiveIntermediates/Potatso/IntermediateBuildFilesPath/Pods.build/Release-iphoneos/CallbackURLKit.build/DerivedSources -F/Users/runner/work/_temp/build/DerivedData/Build/Intermediates.noindex/ArchiveIntermediates/Potatso/BuildProductsPath/Release-iphoneos/CallbackURLKit

WriteAuxiliaryFile /Users/runner/work/_temp/build/DerivedData/Build/Intermediates.noindex/ArchiveIntermediates/Potatso/IntermediateBuildFilesPath/Pods.build/Release-iphoneos/CallbackURLKit.build/Objects-normal/arm64/CallbackURLKit_const_extract_protocols.json (in target 'CallbackURLKit' from project 'Pods')
    cd /Users/runner/work/Potatso/Potatso/Pods
    write-file /Users/runner/work/_temp/build/DerivedData/Build/Intermediates.noindex/ArchiveIntermediates/Potatso/IntermediateBuildFilesPath/Pods.build/Release-iphoneos/CallbackURLKit.build/Objects-normal/arm64/CallbackURLKit_const_extract_protocols.json

WriteAuxiliaryFile /Users/runner/work/_temp/build/DerivedData/Build/Intermediates.noindex/ArchiveIntermediates/Potatso/IntermediateBuildFilesPath/Pods.build/Release-iphoneos/CallbackURLKit.build/Objects-normal/arm64/CallbackURLKit.SwiftFileList (in target 'CallbackURLKit' from project 'Pods')
    cd /Users/runner/work/Potatso/Potatso/Pods
    write-file /Users/runner/work/_temp/build/DerivedData/Build/Intermediates.noindex/ArchiveIntermediates/Potatso/IntermediateBuildFilesPath/Pods.build/Release-iphoneos/CallbackURLKit.build/Objects-normal/arm64/CallbackURLKit.SwiftFileList

WriteAuxiliaryFile /Users/runner/work/_temp/build/DerivedData/Build/Intermediates.noindex/ArchiveIntermediates/Potatso/IntermediateBuildFilesPath/Pods.build/Release-iphoneos/CallbackURLKit.build/Objects-normal/arm64/CallbackURLKit-OutputFileMap.json (in target 'CallbackURLKit' from project 'Pods')
    cd /Users/runner/work/Potatso/Potatso/Pods
    write-file /Users/runner/work/_temp/build/DerivedData/Build/Intermediates.noindex/ArchiveIntermediates/Potatso/IntermediateBuildFilesPath/Pods.build/Release-iphoneos/CallbackURLKit.build/Objects-normal/arm64/CallbackURLKit-OutputFileMap.json

WriteAuxiliaryFile /Users/runner/work/_temp/build/DerivedData/Build/Intermediates.noindex/ArchiveIntermediates/Potatso/IntermediateBuildFilesPath/Pods.build/Release-iphoneos/CallbackURLKit.build/Objects-normal/arm64/7187679823f38a2a940e0043cdf9d637-common-args.resp (in target 'CallbackURLKit' from project 'Pods')
    cd /Users/runner/work/Potatso/Potatso/Pods
    write-file /Users/runner/work/_temp/build/DerivedData/Build/Intermediates.noindex/ArchiveIntermediates/Potatso/IntermediateBuildFilesPath/Pods.build/Release-iphoneos/CallbackURLKit.build/Objects-normal/arm64/7187679823f38a2a940e0043cdf9d637-common-args.resp
-target arm64-apple-ios12.0 '-std=gnu11' -fmodules -gmodules '-fmodules-cache-path=/Users/runner/work/_temp/build/DerivedData/ModuleCache.noindex' '-fmodule-name=CallbackURLKit' -fpascal-strings -Os -fno-common '-DPOD_CONFIGURATION_RELEASE=1' '-DCOCOAPODS=1' -isysroot /Applications/Xcode_15.4.app/Contents/Developer/Platforms/iPhoneOS.platform/Developer/SDKs/iPhoneOS17.5.sdk -g -iquote /Users/runner/work/_temp/build/DerivedData/Build/Intermediates.noindex/ArchiveIntermediates/Potatso/IntermediateBuildFilesPath/Pods.build/Release-iphoneos/CallbackURLKit.build/CallbackURLKit-generated-files.hmap -I/Users/runner/work/_temp/build/DerivedData/Build/Intermediates.noindex/ArchiveIntermediates/Potatso/IntermediateBuildFilesPath/Pods.build/Release-iphoneos/CallbackURLKit.build/CallbackURLKit-own-target-headers.hmap -I/Users/runner/work/_temp/build/DerivedData/Build/Intermediates.noindex/ArchiveIntermediates/Potatso/IntermediateBuildFilesPath/Pods.build/Release-iphoneos/CallbackURLKit.build/CallbackURLKit-all-non-framework-target-headers.hmap -ivfsoverlay /Users/runner/work/_temp/build/DerivedData/Build/Intermediates.noindex/ArchiveIntermediates/Potatso/IntermediateBuildFilesPath/Pods.build/Release-iphoneos/CallbackURLKit.build/all-product-headers.yaml -iquote /Users/runner/work/_temp/build/DerivedData/Build/Intermediates.noindex/ArchiveIntermediates/Potatso/IntermediateBuildFilesPath/Pods.build/Release-iphoneos/CallbackURLKit.build/CallbackURLKit-project-headers.hmap -I/Users/runner/work/_temp/build/DerivedData/Build/Intermediates.noindex/ArchiveIntermediates/Potatso/BuildProductsPath/Release-iphoneos/CallbackURLKit/include -I/Users/runner/work/_temp/build/DerivedData/Build/Intermediates.noindex/ArchiveIntermediates/Potatso/IntermediateBuildFilesPath/Pods.build/Release-iphoneos/CallbackURLKit.build/DerivedSources-normal/arm64 -I/Users/runner/work/_temp/build/DerivedData/Build/Intermediates.noindex/ArchiveIntermediates/Potatso/IntermediateBuildFilesPath/Pods.build/Release-iphoneos/CallbackURLKit.build/DerivedSources/arm64 -I/Users/runner/work/_temp/build/DerivedData/Build/Intermediates.noindex/ArchiveIntermediates/Potatso/IntermediateBuildFilesPath/Pods.build/Release-iphoneos/CallbackURLKit.build/DerivedSources -F/Users/runner/work/_temp/build/DerivedData/Build/Intermediates.noindex/ArchiveIntermediates/Potatso/BuildProductsPath/Release-iphoneos/CallbackURLKit

WriteAuxiliaryFile /Users/runner/work/_temp/build/DerivedData/Build/Intermediates.noindex/ArchiveIntermediates/Potatso/IntermediateBuildFilesPath/Pods.build/Release-iphoneos/CallbackURLKit.build/DerivedSources/CallbackURLKit_vers.c (in target 'CallbackURLKit' from project 'Pods')
    cd /Users/runner/work/Potatso/Potatso/Pods
    write-file /Users/runner/work/_temp/build/DerivedData/Build/Intermediates.noindex/ArchiveIntermediates/Potatso/IntermediateBuildFilesPath/Pods.build/Release-iphoneos/CallbackURLKit.build/DerivedSources/CallbackURLKit_vers.c

CreateBuildDirectory /Users/runner/work/_temp/build/DerivedData/Build/Intermediates.noindex/ArchiveIntermediates/Potatso/BuildProductsPath/Release-iphoneos/Appirater
    cd /Users/runner/work/Potatso/Potatso
    builtin-create-build-directory /Users/runner/work/_temp/build/DerivedData/Build/Intermediates.noindex/ArchiveIntermediates/Potatso/BuildProductsPath/Release-iphoneos/Appirater

CreateBuildDirectory /Users/runner/work/_temp/build/DerivedData/Build/Intermediates.noindex/ArchiveIntermediates/Potatso/BuildProductsPath/Release-iphoneos/Alamofire
    cd /Users/runner/work/Potatso/Potatso
    builtin-create-build-directory /Users/runner/work/_temp/build/DerivedData/Build/Intermediates.noindex/ArchiveIntermediates/Potatso/BuildProductsPath/Release-iphoneos/Alamofire

WriteAuxiliaryFile /Users/runner/work/_temp/build/DerivedData/Build/Intermediates.noindex/ArchiveIntermediates/Potatso/IntermediateBuildFilesPath/Pods.build/Release-iphoneos/AsyncSwift.build/all-product-headers.yaml (in target 'AsyncSwift' from project 'Pods')
    cd /Users/runner/work/Potatso/Potatso/Pods
    write-file /Users/runner/work/_temp/build/DerivedData/Build/Intermediates.noindex/ArchiveIntermediates/Potatso/IntermediateBuildFilesPath/Pods.build/Release-iphoneos/AsyncSwift.build/all-product-headers.yaml

WriteAuxiliaryFile /Users/runner/work/_temp/build/DerivedData/Build/Intermediates.noindex/ArchiveIntermediates/Potatso/IntermediateBuildFilesPath/Pods.build/Release-iphoneos/AsyncSwift.build/Async.hmap (in target 'AsyncSwift' from project 'Pods')
    cd /Users/runner/work/Potatso/Potatso/Pods
    write-file /Users/runner/work/_temp/build/DerivedData/Build/Intermediates.noindex/ArchiveIntermediates/Potatso/IntermediateBuildFilesPath/Pods.build/Release-iphoneos/AsyncSwift.build/Async.hmap

WriteAuxiliaryFile /Users/runner/work/_temp/build/DerivedData/Build/Intermediates.noindex/ArchiveIntermediates/Potatso/IntermediateBuildFilesPath/Pods.build/Release-iphoneos/AsyncSwift.build/Async-project-headers.hmap (in target 'AsyncSwift' from project 'Pods')
    cd /Users/runner/work/Potatso/Potatso/Pods
    write-file /Users/runner/work/_temp/build/DerivedData/Build/Intermediates.noindex/ArchiveIntermediates/Potatso/IntermediateBuildFilesPath/Pods.build/Release-iphoneos/AsyncSwift.build/Async-project-headers.hmap

WriteAuxiliaryFile /Users/runner/work/_temp/build/DerivedData/Build/Intermediates.noindex/ArchiveIntermediates/Potatso/IntermediateBuildFilesPath/Pods.build/Release-iphoneos/AsyncSwift.build/Async-own-target-headers.hmap (in target 'AsyncSwift' from project 'Pods')
    cd /Users/runner/work/Potatso/Potatso/Pods
    write-file /Users/runner/work/_temp/build/DerivedData/Build/Intermediates.noindex/ArchiveIntermediates/Potatso/IntermediateBuildFilesPath/Pods.build/Release-iphoneos/AsyncSwift.build/Async-own-target-headers.hmap

WriteAuxiliaryFile /Users/runner/work/_temp/build/DerivedData/Build/Intermediates.noindex/ArchiveIntermediates/Potatso/IntermediateBuildFilesPath/Pods.build/Release-iphoneos/AsyncSwift.build/Async-generated-files.hmap (in target 'AsyncSwift' from project 'Pods')
    cd /Users/runner/work/Potatso/Potatso/Pods
    write-file /Users/runner/work/_temp/build/DerivedData/Build/Intermediates.noindex/ArchiveIntermediates/Potatso/IntermediateBuildFilesPath/Pods.build/Release-iphoneos/AsyncSwift.build/Async-generated-files.hmap

WriteAuxiliaryFile /Users/runner/work/_temp/build/DerivedData/Build/Intermediates.noindex/ArchiveIntermediates/Potatso/IntermediateBuildFilesPath/Pods.build/Release-iphoneos/AsyncSwift.build/Async-all-target-headers.hmap (in target 'AsyncSwift' from project 'Pods')
    cd /Users/runner/work/Potatso/Potatso/Pods
    write-file /Users/runner/work/_temp/build/DerivedData/Build/Intermediates.noindex/ArchiveIntermediates/Potatso/IntermediateBuildFilesPath/Pods.build/Release-iphoneos/AsyncSwift.build/Async-all-target-headers.hmap

WriteAuxiliaryFile /Users/runner/work/_temp/build/DerivedData/Build/Intermediates.noindex/ArchiveIntermediates/Potatso/IntermediateBuildFilesPath/Pods.build/Release-iphoneos/AsyncSwift.build/Async-all-non-framework-target-headers.hmap (in target 'AsyncSwift' from project 'Pods')
    cd /Users/runner/work/Potatso/Potatso/Pods
    write-file /Users/runner/work/_temp/build/DerivedData/Build/Intermediates.noindex/ArchiveIntermediates/Potatso/IntermediateBuildFilesPath/Pods.build/Release-iphoneos/AsyncSwift.build/Async-all-non-framework-target-headers.hmap

SymLink /Users/runner/work/_temp/build/DerivedData/Build/Intermediates.noindex/ArchiveIntermediates/Potatso/BuildProductsPath/Release-iphoneos/Appirater/Appirater.bundle ../../../IntermediateBuildFilesPath/UninstalledProducts/iphoneos/Appirater.bundle (in target 'Appirater-Appirater' from project 'Pods')
    cd /Users/runner/work/Potatso/Potatso/Pods
    /bin/ln -sfh ../../../IntermediateBuildFilesPath/UninstalledProducts/iphoneos/Appirater.bundle /Users/runner/work/_temp/build/DerivedData/Build/Intermediates.noindex/ArchiveIntermediates/Potatso/BuildProductsPath/Release-iphoneos/Appirater/Appirater.bundle

MkDir /Users/runner/work/_temp/build/DerivedData/Build/Intermediates.noindex/ArchiveIntermediates/Potatso/IntermediateBuildFilesPath/UninstalledProducts/iphoneos/Appirater.bundle (in target 'Appirater-Appirater' from project 'Pods')
    cd /Users/runner/work/Potatso/Potatso/Pods
    /bin/mkdir -p /Users/runner/work/_temp/build/DerivedData/Build/Intermediates.noindex/ArchiveIntermediates/Potatso/IntermediateBuildFilesPath/UninstalledProducts/iphoneos/Appirater.bundle

SymLink /Users/runner/work/_temp/build/DerivedData/Build/Intermediates.noindex/ArchiveIntermediates/Potatso/BuildProductsPath/Release-iphoneos/Appirater/Appirater.framework ../../../IntermediateBuildFilesPath/UninstalledProducts/iphoneos/Appirater.framework (in target 'Appirater' from project 'Pods')
    cd /Users/runner/work/Potatso/Potatso/Pods
    /bin/ln -sfh ../../../IntermediateBuildFilesPath/UninstalledProducts/iphoneos/Appirater.framework /Users/runner/work/_temp/build/DerivedData/Build/Intermediates.noindex/ArchiveIntermediates/Potatso/BuildProductsPath/Release-iphoneos/Appirater/Appirater.framework

MkDir /Users/runner/work/_temp/build/DerivedData/Build/Intermediates.noindex/ArchiveIntermediates/Potatso/IntermediateBuildFilesPath/UninstalledProducts/iphoneos/Appirater.framework/Headers (in target 'Appirater' from project 'Pods')
    cd /Users/runner/work/Potatso/Potatso/Pods
    /bin/mkdir -p /Users/runner/work/_temp/build/DerivedData/Build/Intermediates.noindex/ArchiveIntermediates/Potatso/IntermediateBuildFilesPath/UninstalledProducts/iphoneos/Appirater.framework/Headers

MkDir /Users/runner/work/_temp/build/DerivedData/Build/Intermediates.noindex/ArchiveIntermediates/Potatso/IntermediateBuildFilesPath/UninstalledProducts/iphoneos/Appirater.framework (in target 'Appirater' from project 'Pods')
    cd /Users/runner/work/Potatso/Potatso/Pods
    /bin/mkdir -p /Users/runner/work/_temp/build/DerivedData/Build/Intermediates.noindex/ArchiveIntermediates/Potatso/IntermediateBuildFilesPath/UninstalledProducts/iphoneos/Appirater.framework

SymLink /Users/runner/work/_temp/build/DerivedData/Build/Intermediates.noindex/ArchiveIntermediates/Potatso/BuildProductsPath/Release-iphoneos/Alamofire/Alamofire.framework ../../../IntermediateBuildFilesPath/UninstalledProducts/iphoneos/Alamofire.framework (in target 'Alamofire' from project 'Pods')
    cd /Users/runner/work/Potatso/Potatso/Pods
    /bin/ln -sfh ../../../IntermediateBuildFilesPath/UninstalledProducts/iphoneos/Alamofire.framework /Users/runner/work/_temp/build/DerivedData/Build/Intermediates.noindex/ArchiveIntermediates/Potatso/BuildProductsPath/Release-iphoneos/Alamofire/Alamofire.framework

MkDir /Users/runner/work/_temp/build/DerivedData/Build/Intermediates.noindex/ArchiveIntermediates/Potatso/IntermediateBuildFilesPath/UninstalledProducts/iphoneos/Alamofire.framework/Headers (in target 'Alamofire' from project 'Pods')
    cd /Users/runner/work/Potatso/Potatso/Pods
    /bin/mkdir -p /Users/runner/work/_temp/build/DerivedData/Build/Intermediates.noindex/ArchiveIntermediates/Potatso/IntermediateBuildFilesPath/UninstalledProducts/iphoneos/Alamofire.framework/Headers

MkDir /Users/runner/work/_temp/build/DerivedData/Build/Intermediates.noindex/ArchiveIntermediates/Potatso/IntermediateBuildFilesPath/UninstalledProducts/iphoneos/Alamofire.framework (in target 'Alamofire' from project 'Pods')
    cd /Users/runner/work/Potatso/Potatso/Pods
    /bin/mkdir -p /Users/runner/work/_temp/build/DerivedData/Build/Intermediates.noindex/ArchiveIntermediates/Potatso/IntermediateBuildFilesPath/UninstalledProducts/iphoneos/Alamofire.framework

WriteAuxiliaryFile /Users/runner/work/_temp/build/DerivedData/Build/Intermediates.noindex/ArchiveIntermediates/Potatso/IntermediateBuildFilesPath/Pods.build/Release-iphoneos/AsyncSwift.build/unextended-module.modulemap (in target 'AsyncSwift' from project 'Pods')
    cd /Users/runner/work/Potatso/Potatso/Pods
    write-file /Users/runner/work/_temp/build/DerivedData/Build/Intermediates.noindex/ArchiveIntermediates/Potatso/IntermediateBuildFilesPath/Pods.build/Release-iphoneos/AsyncSwift.build/unextended-module.modulemap

WriteAuxiliaryFile /Users/runner/work/_temp/build/DerivedData/Build/Intermediates.noindex/ArchiveIntermediates/Potatso/IntermediateBuildFilesPath/Pods.build/Release-iphoneos/AsyncSwift.build/unextended-module-overlay.yaml (in target 'AsyncSwift' from project 'Pods')
    cd /Users/runner/work/Potatso/Potatso/Pods
    write-file /Users/runner/work/_temp/build/DerivedData/Build/Intermediates.noindex/ArchiveIntermediates/Potatso/IntermediateBuildFilesPath/Pods.build/Release-iphoneos/AsyncSwift.build/unextended-module-overlay.yaml

WriteAuxiliaryFile /Users/runner/work/_temp/build/DerivedData/Build/Intermediates.noindex/ArchiveIntermediates/Potatso/IntermediateBuildFilesPath/Pods.build/Release-iphoneos/AsyncSwift.build/module.modulemap (in target 'AsyncSwift' from project 'Pods')
    cd /Users/runner/work/Potatso/Potatso/Pods
    write-file /Users/runner/work/_temp/build/DerivedData/Build/Intermediates.noindex/ArchiveIntermediates/Potatso/IntermediateBuildFilesPath/Pods.build/Release-iphoneos/AsyncSwift.build/module.modulemap

WriteAuxiliaryFile /Users/runner/work/_temp/build/DerivedData/Build/Intermediates.noindex/ArchiveIntermediates/Potatso/IntermediateBuildFilesPath/Pods.build/Release-iphoneos/Aspects.build/all-product-headers.yaml (in target 'Aspects' from project 'Pods')
    cd /Users/runner/work/Potatso/Potatso/Pods
    write-file /Users/runner/work/_temp/build/DerivedData/Build/Intermediates.noindex/ArchiveIntermediates/Potatso/IntermediateBuildFilesPath/Pods.build/Release-iphoneos/Aspects.build/all-product-headers.yaml

WriteAuxiliaryFile /Users/runner/work/_temp/build/DerivedData/Build/Intermediates.noindex/ArchiveIntermediates/Potatso/IntermediateBuildFilesPath/Pods.build/Release-iphoneos/Aspects.build/Aspects.hmap (in target 'Aspects' from project 'Pods')
    cd /Users/runner/work/Potatso/Potatso/Pods
    write-file /Users/runner/work/_temp/build/DerivedData/Build/Intermediates.noindex/ArchiveIntermediates/Potatso/IntermediateBuildFilesPath/Pods.build/Release-iphoneos/Aspects.build/Aspects.hmap

Copy /Users/runner/work/_temp/build/DerivedData/Build/Intermediates.noindex/ArchiveIntermediates/Potatso/IntermediateBuildFilesPath/UninstalledProducts/iphoneos/Async.framework/Modules/module.modulemap /Users/runner/work/_temp/build/DerivedData/Build/Intermediates.noindex/ArchiveIntermediates/Potatso/IntermediateBuildFilesPath/Pods.build/Release-iphoneos/AsyncSwift.build/module.modulemap (in target 'AsyncSwift' from project 'Pods')
    cd /Users/runner/work/Potatso/Potatso/Pods
    builtin-copy -exclude .DS_Store -exclude CVS -exclude .svn -exclude .git -exclude .hg -resolve-src-symlinks /Users/runner/work/_temp/build/DerivedData/Build/Intermediates.noindex/ArchiveIntermediates/Potatso/IntermediateBuildFilesPath/Pods.build/Release-iphoneos/AsyncSwift.build/module.modulemap /Users/runner/work/_temp/build/DerivedData/Build/Intermediates.noindex/ArchiveIntermediates/Potatso/IntermediateBuildFilesPath/UninstalledProducts/iphoneos/Async.framework/Modules

WriteAuxiliaryFile /Users/runner/work/_temp/build/DerivedData/Build/Intermediates.noindex/ArchiveIntermediates/Potatso/IntermediateBuildFilesPath/Pods.build/Release-iphoneos/Aspects.build/Aspects-project-headers.hmap (in target 'Aspects' from project 'Pods')
    cd /Users/runner/work/Potatso/Potatso/Pods
    write-file /Users/runner/work/_temp/build/DerivedData/Build/Intermediates.noindex/ArchiveIntermediates/Potatso/IntermediateBuildFilesPath/Pods.build/Release-iphoneos/Aspects.build/Aspects-project-headers.hmap

WriteAuxiliaryFile /Users/runner/work/_temp/build/DerivedData/Build/Intermediates.noindex/ArchiveIntermediates/Potatso/IntermediateBuildFilesPath/Pods.build/Release-iphoneos/Aspects.build/Aspects-own-target-headers.hmap (in target 'Aspects' from project 'Pods')
    cd /Users/runner/work/Potatso/Potatso/Pods
    write-file /Users/runner/work/_temp/build/DerivedData/Build/Intermediates.noindex/ArchiveIntermediates/Potatso/IntermediateBuildFilesPath/Pods.build/Release-iphoneos/Aspects.build/Aspects-own-target-headers.hmap

WriteAuxiliaryFile /Users/runner/work/_temp/build/DerivedData/Build/Intermediates.noindex/ArchiveIntermediates/Potatso/IntermediateBuildFilesPath/Pods.build/Release-iphoneos/Aspects.build/Aspects-generated-files.hmap (in target 'Aspects' from project 'Pods')
    cd /Users/runner/work/Potatso/Potatso/Pods
    write-file /Users/runner/work/_temp/build/DerivedData/Build/Intermediates.noindex/ArchiveIntermediates/Potatso/IntermediateBuildFilesPath/Pods.build/Release-iphoneos/Aspects.build/Aspects-generated-files.hmap

WriteAuxiliaryFile /Users/runner/work/_temp/build/DerivedData/Build/Intermediates.noindex/ArchiveIntermediates/Potatso/IntermediateBuildFilesPath/Pods.build/Release-iphoneos/Aspects.build/Aspects-all-target-headers.hmap (in target 'Aspects' from project 'Pods')
    cd /Users/runner/work/Potatso/Potatso/Pods
    write-file /Users/runner/work/_temp/build/DerivedData/Build/Intermediates.noindex/ArchiveIntermediates/Potatso/IntermediateBuildFilesPath/Pods.build/Release-iphoneos/Aspects.build/Aspects-all-target-headers.hmap

WriteAuxiliaryFile /Users/runner/work/_temp/build/DerivedData/Build/Intermediates.noindex/ArchiveIntermediates/Potatso/IntermediateBuildFilesPath/Pods.build/Release-iphoneos/Aspects.build/Aspects-all-non-framework-target-headers.hmap (in target 'Aspects' from project 'Pods')
    cd /Users/runner/work/Potatso/Potatso/Pods
    write-file /Users/runner/work/_temp/build/DerivedData/Build/Intermediates.noindex/ArchiveIntermediates/Potatso/IntermediateBuildFilesPath/Pods.build/Release-iphoneos/Aspects.build/Aspects-all-non-framework-target-headers.hmap

WriteAuxiliaryFile /Users/runner/work/_temp/build/DerivedData/Build/Intermediates.noindex/ArchiveIntermediates/Potatso/IntermediateBuildFilesPath/Pods.build/Release-iphoneos/Appirater-Appirater.build/Appirater.hmap (in target 'Appirater-Appirater' from project 'Pods')
    cd /Users/runner/work/Potatso/Potatso/Pods
    write-file /Users/runner/work/_temp/build/DerivedData/Build/Intermediates.noindex/ArchiveIntermediates/Potatso/IntermediateBuildFilesPath/Pods.build/Release-iphoneos/Appirater-Appirater.build/Appirater.hmap

WriteAuxiliaryFile /Users/runner/work/_temp/build/DerivedData/Build/Intermediates.noindex/ArchiveIntermediates/Potatso/IntermediateBuildFilesPath/Pods.build/Release-iphoneos/Appirater-Appirater.build/all-product-headers.yaml (in target 'Appirater-Appirater' from project 'Pods')
    cd /Users/runner/work/Potatso/Potatso/Pods
    write-file /Users/runner/work/_temp/build/DerivedData/Build/Intermediates.noindex/ArchiveIntermediates/Potatso/IntermediateBuildFilesPath/Pods.build/Release-iphoneos/Appirater-Appirater.build/all-product-headers.yaml

WriteAuxiliaryFile /Users/runner/work/_temp/build/DerivedData/Build/Intermediates.noindex/ArchiveIntermediates/Potatso/IntermediateBuildFilesPath/Pods.build/Release-iphoneos/Appirater-Appirater.build/Appirater-project-headers.hmap (in target 'Appirater-Appirater' from project 'Pods')
    cd /Users/runner/work/Potatso/Potatso/Pods
    write-file /Users/runner/work/_temp/build/DerivedData/Build/Intermediates.noindex/ArchiveIntermediates/Potatso/IntermediateBuildFilesPath/Pods.build/Release-iphoneos/Appirater-Appirater.build/Appirater-project-headers.hmap

WriteAuxiliaryFile /Users/runner/work/_temp/build/DerivedData/Build/Intermediates.noindex/ArchiveIntermediates/Potatso/IntermediateBuildFilesPath/Pods.build/Release-iphoneos/Appirater-Appirater.build/Appirater-own-target-headers.hmap (in target 'Appirater-Appirater' from project 'Pods')
    cd /Users/runner/work/Potatso/Potatso/Pods
    write-file /Users/runner/work/_temp/build/DerivedData/Build/Intermediates.noindex/ArchiveIntermediates/Potatso/IntermediateBuildFilesPath/Pods.build/Release-iphoneos/Appirater-Appirater.build/Appirater-own-target-headers.hmap

WriteAuxiliaryFile /Users/runner/work/_temp/build/DerivedData/Build/Intermediates.noindex/ArchiveIntermediates/Potatso/IntermediateBuildFilesPath/Pods.build/Release-iphoneos/Appirater-Appirater.build/Appirater-generated-files.hmap (in target 'Appirater-Appirater' from project 'Pods')
    cd /Users/runner/work/Potatso/Potatso/Pods
    write-file /Users/runner/work/_temp/build/DerivedData/Build/Intermediates.noindex/ArchiveIntermediates/Potatso/IntermediateBuildFilesPath/Pods.build/Release-iphoneos/Appirater-Appirater.build/Appirater-generated-files.hmap

WriteAuxiliaryFile /Users/runner/work/_temp/build/DerivedData/Build/Intermediates.noindex/ArchiveIntermediates/Potatso/IntermediateBuildFilesPath/Pods.build/Release-iphoneos/Appirater-Appirater.build/Appirater-all-target-headers.hmap (in target 'Appirater-Appirater' from project 'Pods')
    cd /Users/runner/work/Potatso/Potatso/Pods
    write-file /Users/runner/work/_temp/build/DerivedData/Build/Intermediates.noindex/ArchiveIntermediates/Potatso/IntermediateBuildFilesPath/Pods.build/Release-iphoneos/Appirater-Appirater.build/Appirater-all-target-headers.hmap

WriteAuxiliaryFile /Users/runner/work/_temp/build/DerivedData/Build/Intermediates.noindex/ArchiveIntermediates/Potatso/IntermediateBuildFilesPath/Pods.build/Release-iphoneos/Appirater-Appirater.build/Appirater-all-non-framework-target-headers.hmap (in target 'Appirater-Appirater' from project 'Pods')
    cd /Users/runner/work/Potatso/Potatso/Pods
    write-file /Users/runner/work/_temp/build/DerivedData/Build/Intermediates.noindex/ArchiveIntermediates/Potatso/IntermediateBuildFilesPath/Pods.build/Release-iphoneos/Appirater-Appirater.build/Appirater-all-non-framework-target-headers.hmap

CpHeader /Users/runner/work/_temp/build/DerivedData/Build/Intermediates.noindex/ArchiveIntermediates/Potatso/IntermediateBuildFilesPath/UninstalledProducts/iphoneos/Async.framework/Headers/AsyncSwift-umbrella.h /Users/runner/work/Potatso/Potatso/Pods/Target\ Support\ Files/AsyncSwift/AsyncSwift-umbrella.h (in target 'AsyncSwift' from project 'Pods')
    cd /Users/runner/work/Potatso/Potatso/Pods
    builtin-copy -exclude .DS_Store -exclude CVS -exclude .svn -exclude .git -exclude .hg -resolve-src-symlinks /Users/runner/work/Potatso/Potatso/Pods/Target\ Support\ Files/AsyncSwift/AsyncSwift-umbrella.h /Users/runner/work/_temp/build/DerivedData/Build/Intermediates.noindex/ArchiveIntermediates/Potatso/IntermediateBuildFilesPath/UninstalledProducts/iphoneos/Async.framework/Headers

WriteAuxiliaryFile /Users/runner/work/_temp/build/DerivedData/Build/Intermediates.noindex/ArchiveIntermediates/Potatso/IntermediateBuildFilesPath/Pods.build/Release-iphoneos/Aspects.build/unextended-module.modulemap (in target 'Aspects' from project 'Pods')
    cd /Users/runner/work/Potatso/Potatso/Pods
    write-file /Users/runner/work/_temp/build/DerivedData/Build/Intermediates.noindex/ArchiveIntermediates/Potatso/IntermediateBuildFilesPath/Pods.build/Release-iphoneos/Aspects.build/unextended-module.modulemap

WriteAuxiliaryFile /Users/runner/work/_temp/build/DerivedData/Build/Intermediates.noindex/ArchiveIntermediates/Potatso/IntermediateBuildFilesPath/Pods.build/Release-iphoneos/Aspects.build/unextended-module-overlay.yaml (in target 'Aspects' from project 'Pods')
    cd /Users/runner/work/Potatso/Potatso/Pods
    write-file /Users/runner/work/_temp/build/DerivedData/Build/Intermediates.noindex/ArchiveIntermediates/Potatso/IntermediateBuildFilesPath/Pods.build/Release-iphoneos/Aspects.build/unextended-module-overlay.yaml

WriteAuxiliaryFile /Users/runner/work/_temp/build/DerivedData/Build/Intermediates.noindex/ArchiveIntermediates/Potatso/IntermediateBuildFilesPath/Pods.build/Release-iphoneos/Aspects.build/module.modulemap (in target 'Aspects' from project 'Pods')
    cd /Users/runner/work/Potatso/Potatso/Pods
    write-file /Users/runner/work/_temp/build/DerivedData/Build/Intermediates.noindex/ArchiveIntermediates/Potatso/IntermediateBuildFilesPath/Pods.build/Release-iphoneos/Aspects.build/module.modulemap

ProcessInfoPlistFile /Users/runner/work/_temp/build/DerivedData/Build/Intermediates.noindex/ArchiveIntermediates/Potatso/IntermediateBuildFilesPath/UninstalledProducts/iphoneos/Async.framework/Info.plist /Users/runner/work/Potatso/Potatso/Pods/Target\ Support\ Files/AsyncSwift/AsyncSwift-Info.plist (in target 'AsyncSwift' from project 'Pods')
    cd /Users/runner/work/Potatso/Potatso/Pods
    builtin-infoPlistUtility /Users/runner/work/Potatso/Potatso/Pods/Target\ Support\ Files/AsyncSwift/AsyncSwift-Info.plist -producttype com.apple.product-type.framework -expandbuildsettings -format binary -platform iphoneos -requiredArchitecture arm64 -o /Users/runner/work/_temp/build/DerivedData/Build/Intermediates.noindex/ArchiveIntermediates/Potatso/IntermediateBuildFilesPath/UninstalledProducts/iphoneos/Async.framework/Info.plist

Copy /Users/runner/work/_temp/build/DerivedData/Build/Intermediates.noindex/ArchiveIntermediates/Potatso/IntermediateBuildFilesPath/UninstalledProducts/iphoneos/Aspects.framework/Modules/module.modulemap /Users/runner/work/_temp/build/DerivedData/Build/Intermediates.noindex/ArchiveIntermediates/Potatso/IntermediateBuildFilesPath/Pods.build/Release-iphoneos/Aspects.build/module.modulemap (in target 'Aspects' from project 'Pods')
    cd /Users/runner/work/Potatso/Potatso/Pods
    builtin-copy -exclude .DS_Store -exclude CVS -exclude .svn -exclude .git -exclude .hg -resolve-src-symlinks /Users/runner/work/_temp/build/DerivedData/Build/Intermediates.noindex/ArchiveIntermediates/Potatso/IntermediateBuildFilesPath/Pods.build/Release-iphoneos/Aspects.build/module.modulemap /Users/runner/work/_temp/build/DerivedData/Build/Intermediates.noindex/ArchiveIntermediates/Potatso/IntermediateBuildFilesPath/UninstalledProducts/iphoneos/Aspects.framework/Modules

WriteAuxiliaryFile /Users/runner/work/_temp/build/DerivedData/Build/Intermediates.noindex/ArchiveIntermediates/Potatso/IntermediateBuildFilesPath/Pods.build/Release-iphoneos/AsyncSwift.build/Objects-normal/arm64/Async.LinkFileList (in target 'AsyncSwift' from project 'Pods')
    cd /Users/runner/work/Potatso/Potatso/Pods
    write-file /Users/runner/work/_temp/build/DerivedData/Build/Intermediates.noindex/ArchiveIntermediates/Potatso/IntermediateBuildFilesPath/Pods.build/Release-iphoneos/AsyncSwift.build/Objects-normal/arm64/Async.LinkFileList

WriteAuxiliaryFile /Users/runner/work/_temp/build/DerivedData/Build/Intermediates.noindex/ArchiveIntermediates/Potatso/IntermediateBuildFilesPath/Pods.build/Release-iphoneos/AsyncSwift.build/Objects-normal/arm64/e6072d4f65d7061329687fe24e3d63a7-common-args.resp (in target 'AsyncSwift' from project 'Pods')
    cd /Users/runner/work/Potatso/Potatso/Pods
    write-file /Users/runner/work/_temp/build/DerivedData/Build/Intermediates.noindex/ArchiveIntermediates/Potatso/IntermediateBuildFilesPath/Pods.build/Release-iphoneos/AsyncSwift.build/Objects-normal/arm64/e6072d4f65d7061329687fe24e3d63a7-common-args.resp
-target arm64-apple-ios12.0 '-std=gnu11' -fobjc-arc -fobjc-weak -fmodules -gmodules '-fmodules-cache-path=/Users/runner/work/_temp/build/DerivedData/ModuleCache.noindex' '-fmodule-name=Async' -fpascal-strings -Os -fno-common '-DPOD_CONFIGURATION_RELEASE=1' '-DCOCOAPODS=1' '-DNS_BLOCK_ASSERTIONS=1' '-DOBJC_OLD_DISPATCH_PROTOTYPES=0' -isysroot /Applications/Xcode_15.4.app/Contents/Developer/Platforms/iPhoneOS.platform/Developer/SDKs/iPhoneOS17.5.sdk -g -iquote /Users/runner/work/_temp/build/DerivedData/Build/Intermediates.noindex/ArchiveIntermediates/Potatso/IntermediateBuildFilesPath/Pods.build/Release-iphoneos/AsyncSwift.build/Async-generated-files.hmap -I/Users/runner/work/_temp/build/DerivedData/Build/Intermediates.noindex/ArchiveIntermediates/Potatso/IntermediateBuildFilesPath/Pods.build/Release-iphoneos/AsyncSwift.build/Async-own-target-headers.hmap -I/Users/runner/work/_temp/build/DerivedData/Build/Intermediates.noindex/ArchiveIntermediates/Potatso/IntermediateBuildFilesPath/Pods.build/Release-iphoneos/AsyncSwift.build/Async-all-non-framework-target-headers.hmap -ivfsoverlay /Users/runner/work/_temp/build/DerivedData/Build/Intermediates.noindex/ArchiveIntermediates/Potatso/IntermediateBuildFilesPath/Pods.build/Release-iphoneos/AsyncSwift.build/all-product-headers.yaml -iquote /Users/runner/work/_temp/build/DerivedData/Build/Intermediates.noindex/ArchiveIntermediates/Potatso/IntermediateBuildFilesPath/Pods.build/Release-iphoneos/AsyncSwift.build/Async-project-headers.hmap -I/Users/runner/work/_temp/build/DerivedData/Build/Intermediates.noindex/ArchiveIntermediates/Potatso/BuildProductsPath/Release-iphoneos/AsyncSwift/include -I/Users/runner/work/_temp/build/DerivedData/Build/Intermediates.noindex/ArchiveIntermediates/Potatso/IntermediateBuildFilesPath/Pods.build/Release-iphoneos/AsyncSwift.build/DerivedSources-normal/arm64 -I/Users/runner/work/_temp/build/DerivedData/Build/Intermediates.noindex/ArchiveIntermediates/Potatso/IntermediateBuildFilesPath/Pods.build/Release-iphoneos/AsyncSwift.build/DerivedSources/arm64 -I/Users/runner/work/_temp/build/DerivedData/Build/Intermediates.noindex/ArchiveIntermediates/Potatso/IntermediateBuildFilesPath/Pods.build/Release-iphoneos/AsyncSwift.build/DerivedSources -F/Users/runner/work/_temp/build/DerivedData/Build/Intermediates.noindex/ArchiveIntermediates/Potatso/BuildProductsPath/Release-iphoneos/AsyncSwift

WriteAuxiliaryFile /Users/runner/work/_temp/build/DerivedData/Build/Intermediates.noindex/ArchiveIntermediates/Potatso/IntermediateBuildFilesPath/Pods.build/Release-iphoneos/AsyncSwift.build/Objects-normal/arm64/AsyncSwift_const_extract_protocols.json (in target 'AsyncSwift' from project 'Pods')
    cd /Users/runner/work/Potatso/Potatso/Pods
    write-file /Users/runner/work/_temp/build/DerivedData/Build/Intermediates.noindex/ArchiveIntermediates/Potatso/IntermediateBuildFilesPath/Pods.build/Release-iphoneos/AsyncSwift.build/Objects-normal/arm64/AsyncSwift_const_extract_protocols.json

WriteAuxiliaryFile /Users/runner/work/_temp/build/DerivedData/Build/Intermediates.noindex/ArchiveIntermediates/Potatso/IntermediateBuildFilesPath/Pods.build/Release-iphoneos/AsyncSwift.build/Objects-normal/arm64/AsyncSwift-OutputFileMap.json (in target 'AsyncSwift' from project 'Pods')
    cd /Users/runner/work/Potatso/Potatso/Pods
    write-file /Users/runner/work/_temp/build/DerivedData/Build/Intermediates.noindex/ArchiveIntermediates/Potatso/IntermediateBuildFilesPath/Pods.build/Release-iphoneos/AsyncSwift.build/Objects-normal/arm64/AsyncSwift-OutputFileMap.json

WriteAuxiliaryFile /Users/runner/work/_temp/build/DerivedData/Build/Intermediates.noindex/ArchiveIntermediates/Potatso/IntermediateBuildFilesPath/Pods.build/Release-iphoneos/AsyncSwift.build/Objects-normal/arm64/Async.SwiftFileList (in target 'AsyncSwift' from project 'Pods')
    cd /Users/runner/work/Potatso/Potatso/Pods
    write-file /Users/runner/work/_temp/build/DerivedData/Build/Intermediates.noindex/ArchiveIntermediates/Potatso/IntermediateBuildFilesPath/Pods.build/Release-iphoneos/AsyncSwift.build/Objects-normal/arm64/Async.SwiftFileList

WriteAuxiliaryFile /Users/runner/work/_temp/build/DerivedData/Build/Intermediates.noindex/ArchiveIntermediates/Potatso/IntermediateBuildFilesPath/Pods.build/Release-iphoneos/AsyncSwift.build/Objects-normal/arm64/7187679823f38a2a940e0043cdf9d637-common-args.resp (in target 'AsyncSwift' from project 'Pods')
    cd /Users/runner/work/Potatso/Potatso/Pods
    write-file /Users/runner/work/_temp/build/DerivedData/Build/Intermediates.noindex/ArchiveIntermediates/Potatso/IntermediateBuildFilesPath/Pods.build/Release-iphoneos/AsyncSwift.build/Objects-normal/arm64/7187679823f38a2a940e0043cdf9d637-common-args.resp
-target arm64-apple-ios12.0 '-std=gnu11' -fmodules -gmodules '-fmodules-cache-path=/Users/runner/work/_temp/build/DerivedData/ModuleCache.noindex' '-fmodule-name=Async' -fpascal-strings -Os -fno-common '-DPOD_CONFIGURATION_RELEASE=1' '-DCOCOAPODS=1' -isysroot /Applications/Xcode_15.4.app/Contents/Developer/Platforms/iPhoneOS.platform/Developer/SDKs/iPhoneOS17.5.sdk -g -iquote /Users/runner/work/_temp/build/DerivedData/Build/Intermediates.noindex/ArchiveIntermediates/Potatso/IntermediateBuildFilesPath/Pods.build/Release-iphoneos/AsyncSwift.build/Async-generated-files.hmap -I/Users/runner/work/_temp/build/DerivedData/Build/Intermediates.noindex/ArchiveIntermediates/Potatso/IntermediateBuildFilesPath/Pods.build/Release-iphoneos/AsyncSwift.build/Async-own-target-headers.hmap -I/Users/runner/work/_temp/build/DerivedData/Build/Intermediates.noindex/ArchiveIntermediates/Potatso/IntermediateBuildFilesPath/Pods.build/Release-iphoneos/AsyncSwift.build/Async-all-non-framework-target-headers.hmap -ivfsoverlay /Users/runner/work/_temp/build/DerivedData/Build/Intermediates.noindex/ArchiveIntermediates/Potatso/IntermediateBuildFilesPath/Pods.build/Release-iphoneos/AsyncSwift.build/all-product-headers.yaml -iquote /Users/runner/work/_temp/build/DerivedData/Build/Intermediates.noindex/ArchiveIntermediates/Potatso/IntermediateBuildFilesPath/Pods.build/Release-iphoneos/AsyncSwift.build/Async-project-headers.hmap -I/Users/runner/work/_temp/build/DerivedData/Build/Intermediates.noindex/ArchiveIntermediates/Potatso/BuildProductsPath/Release-iphoneos/AsyncSwift/include -I/Users/runner/work/_temp/build/DerivedData/Build/Intermediates.noindex/ArchiveIntermediates/Potatso/IntermediateBuildFilesPath/Pods.build/Release-iphoneos/AsyncSwift.build/DerivedSources-normal/arm64 -I/Users/runner/work/_temp/build/DerivedData/Build/Intermediates.noindex/ArchiveIntermediates/Potatso/IntermediateBuildFilesPath/Pods.build/Release-iphoneos/AsyncSwift.build/DerivedSources/arm64 -I/Users/runner/work/_temp/build/DerivedData/Build/Intermediates.noindex/ArchiveIntermediates/Potatso/IntermediateBuildFilesPath/Pods.build/Release-iphoneos/AsyncSwift.build/DerivedSources -F/Users/runner/work/_temp/build/DerivedData/Build/Intermediates.noindex/ArchiveIntermediates/Potatso/BuildProductsPath/Release-iphoneos/AsyncSwift

WriteAuxiliaryFile /Users/runner/work/_temp/build/DerivedData/Build/Intermediates.noindex/ArchiveIntermediates/Potatso/IntermediateBuildFilesPath/Pods.build/Release-iphoneos/AsyncSwift.build/DerivedSources/Async_vers.c (in target 'AsyncSwift' from project 'Pods')
    cd /Users/runner/work/Potatso/Potatso/Pods
    write-file /Users/runner/work/_temp/build/DerivedData/Build/Intermediates.noindex/ArchiveIntermediates/Potatso/IntermediateBuildFilesPath/Pods.build/Release-iphoneos/AsyncSwift.build/DerivedSources/Async_vers.c

WriteAuxiliaryFile /Users/runner/work/_temp/build/DerivedData/Build/Intermediates.noindex/ArchiveIntermediates/Potatso/IntermediateBuildFilesPath/Pods.build/Release-iphoneos/Appirater.build/all-product-headers.yaml (in target 'Appirater' from project 'Pods')
    cd /Users/runner/work/Potatso/Potatso/Pods
    write-file /Users/runner/work/_temp/build/DerivedData/Build/Intermediates.noindex/ArchiveIntermediates/Potatso/IntermediateBuildFilesPath/Pods.build/Release-iphoneos/Appirater.build/all-product-headers.yaml

WriteAuxiliaryFile /Users/runner/work/_temp/build/DerivedData/Build/Intermediates.noindex/ArchiveIntermediates/Potatso/IntermediateBuildFilesPath/Pods.build/Release-iphoneos/Appirater.build/Appirater.hmap (in target 'Appirater' from project 'Pods')
    cd /Users/runner/work/Potatso/Potatso/Pods
    write-file /Users/runner/work/_temp/build/DerivedData/Build/Intermediates.noindex/ArchiveIntermediates/Potatso/IntermediateBuildFilesPath/Pods.build/Release-iphoneos/Appirater.build/Appirater.hmap

CpHeader /Users/runner/work/_temp/build/DerivedData/Build/Intermediates.noindex/ArchiveIntermediates/Potatso/IntermediateBuildFilesPath/UninstalledProducts/iphoneos/Aspects.framework/Headers/Aspects-umbrella.h /Users/runner/work/Potatso/Potatso/Pods/Target\ Support\ Files/Aspects/Aspects-umbrella.h (in target 'Aspects' from project 'Pods')
    cd /Users/runner/work/Potatso/Potatso/Pods
    builtin-copy -exclude .DS_Store -exclude CVS -exclude .svn -exclude .git -exclude .hg -resolve-src-symlinks /Users/runner/work/Potatso/Potatso/Pods/Target\ Support\ Files/Aspects/Aspects-umbrella.h /Users/runner/work/_temp/build/DerivedData/Build/Intermediates.noindex/ArchiveIntermediates/Potatso/IntermediateBuildFilesPath/UninstalledProducts/iphoneos/Aspects.framework/Headers

ProcessInfoPlistFile /Users/runner/work/_temp/build/DerivedData/Build/Intermediates.noindex/ArchiveIntermediates/Potatso/IntermediateBuildFilesPath/UninstalledProducts/iphoneos/Aspects.framework/Info.plist /Users/runner/work/Potatso/Potatso/Pods/Target\ Support\ Files/Aspects/Aspects-Info.plist (in target 'Aspects' from project 'Pods')
    cd /Users/runner/work/Potatso/Potatso/Pods
    builtin-infoPlistUtility /Users/runner/work/Potatso/Potatso/Pods/Target\ Support\ Files/Aspects/Aspects-Info.plist -producttype com.apple.product-type.framework -expandbuildsettings -format binary -platform iphoneos -requiredArchitecture arm64 -o /Users/runner/work/_temp/build/DerivedData/Build/Intermediates.noindex/ArchiveIntermediates/Potatso/IntermediateBuildFilesPath/UninstalledProducts/iphoneos/Aspects.framework/Info.plist

WriteAuxiliaryFile /Users/runner/work/_temp/build/DerivedData/Build/Intermediates.noindex/ArchiveIntermediates/Potatso/IntermediateBuildFilesPath/Pods.build/Release-iphoneos/Appirater.build/Appirater-project-headers.hmap (in target 'Appirater' from project 'Pods')
    cd /Users/runner/work/Potatso/Potatso/Pods
    write-file /Users/runner/work/_temp/build/DerivedData/Build/Intermediates.noindex/ArchiveIntermediates/Potatso/IntermediateBuildFilesPath/Pods.build/Release-iphoneos/Appirater.build/Appirater-project-headers.hmap

WriteAuxiliaryFile /Users/runner/work/_temp/build/DerivedData/Build/Intermediates.noindex/ArchiveIntermediates/Potatso/IntermediateBuildFilesPath/Pods.build/Release-iphoneos/Appirater.build/Appirater-own-target-headers.hmap (in target 'Appirater' from project 'Pods')
    cd /Users/runner/work/Potatso/Potatso/Pods
    write-file /Users/runner/work/_temp/build/DerivedData/Build/Intermediates.noindex/ArchiveIntermediates/Potatso/IntermediateBuildFilesPath/Pods.build/Release-iphoneos/Appirater.build/Appirater-own-target-headers.hmap

WriteAuxiliaryFile /Users/runner/work/_temp/build/DerivedData/Build/Intermediates.noindex/ArchiveIntermediates/Potatso/IntermediateBuildFilesPath/Pods.build/Release-iphoneos/Appirater.build/Appirater-generated-files.hmap (in target 'Appirater' from project 'Pods')
    cd /Users/runner/work/Potatso/Potatso/Pods
    write-file /Users/runner/work/_temp/build/DerivedData/Build/Intermediates.noindex/ArchiveIntermediates/Potatso/IntermediateBuildFilesPath/Pods.build/Release-iphoneos/Appirater.build/Appirater-generated-files.hmap

WriteAuxiliaryFile /Users/runner/work/_temp/build/DerivedData/Build/Intermediates.noindex/ArchiveIntermediates/Potatso/IntermediateBuildFilesPath/Pods.build/Release-iphoneos/Appirater.build/Appirater-all-target-headers.hmap (in target 'Appirater' from project 'Pods')
    cd /Users/runner/work/Potatso/Potatso/Pods
    write-file /Users/runner/work/_temp/build/DerivedData/Build/Intermediates.noindex/ArchiveIntermediates/Potatso/IntermediateBuildFilesPath/Pods.build/Release-iphoneos/Appirater.build/Appirater-all-target-headers.hmap

WriteAuxiliaryFile /Users/runner/work/_temp/build/DerivedData/Build/Intermediates.noindex/ArchiveIntermediates/Potatso/IntermediateBuildFilesPath/Pods.build/Release-iphoneos/Appirater.build/Appirater-all-non-framework-target-headers.hmap (in target 'Appirater' from project 'Pods')
    cd /Users/runner/work/Potatso/Potatso/Pods
    write-file /Users/runner/work/_temp/build/DerivedData/Build/Intermediates.noindex/ArchiveIntermediates/Potatso/IntermediateBuildFilesPath/Pods.build/Release-iphoneos/Appirater.build/Appirater-all-non-framework-target-headers.hmap

WriteAuxiliaryFile /Users/runner/work/_temp/build/DerivedData/Build/Intermediates.noindex/ArchiveIntermediates/Potatso/IntermediateBuildFilesPath/Pods.build/Release-iphoneos/Aspects.build/Objects-normal/arm64/Aspects.LinkFileList (in target 'Aspects' from project 'Pods')
    cd /Users/runner/work/Potatso/Potatso/Pods
    write-file /Users/runner/work/_temp/build/DerivedData/Build/Intermediates.noindex/ArchiveIntermediates/Potatso/IntermediateBuildFilesPath/Pods.build/Release-iphoneos/Aspects.build/Objects-normal/arm64/Aspects.LinkFileList

WriteAuxiliaryFile /Users/runner/work/_temp/build/DerivedData/Build/Intermediates.noindex/ArchiveIntermediates/Potatso/IntermediateBuildFilesPath/Pods.build/Release-iphoneos/Aspects.build/Objects-normal/arm64/e6072d4f65d7061329687fe24e3d63a7-common-args.resp (in target 'Aspects' from project 'Pods')
    cd /Users/runner/work/Potatso/Potatso/Pods
    write-file /Users/runner/work/_temp/build/DerivedData/Build/Intermediates.noindex/ArchiveIntermediates/Potatso/IntermediateBuildFilesPath/Pods.build/Release-iphoneos/Aspects.build/Objects-normal/arm64/e6072d4f65d7061329687fe24e3d63a7-common-args.resp
-target arm64-apple-ios12.0 '-std=gnu11' -fobjc-arc -fobjc-weak -fmodules -gmodules '-fmodules-cache-path=/Users/runner/work/_temp/build/DerivedData/ModuleCache.noindex' '-fmodule-name=Aspects' -fpascal-strings -Os -fno-common '-DPOD_CONFIGURATION_RELEASE=1' '-DCOCOAPODS=1' '-DNS_BLOCK_ASSERTIONS=1' '-DOBJC_OLD_DISPATCH_PROTOTYPES=0' -isysroot /Applications/Xcode_15.4.app/Contents/Developer/Platforms/iPhoneOS.platform/Developer/SDKs/iPhoneOS17.5.sdk -g -iquote /Users/runner/work/_temp/build/DerivedData/Build/Intermediates.noindex/ArchiveIntermediates/Potatso/IntermediateBuildFilesPath/Pods.build/Release-iphoneos/Aspects.build/Aspects-generated-files.hmap -I/Users/runner/work/_temp/build/DerivedData/Build/Intermediates.noindex/ArchiveIntermediates/Potatso/IntermediateBuildFilesPath/Pods.build/Release-iphoneos/Aspects.build/Aspects-own-target-headers.hmap -I/Users/runner/work/_temp/build/DerivedData/Build/Intermediates.noindex/ArchiveIntermediates/Potatso/IntermediateBuildFilesPath/Pods.build/Release-iphoneos/Aspects.build/Aspects-all-non-framework-target-headers.hmap -ivfsoverlay /Users/runner/work/_temp/build/DerivedData/Build/Intermediates.noindex/ArchiveIntermediates/Potatso/IntermediateBuildFilesPath/Pods.build/Release-iphoneos/Aspects.build/all-product-headers.yaml -iquote /Users/runner/work/_temp/build/DerivedData/Build/Intermediates.noindex/ArchiveIntermediates/Potatso/IntermediateBuildFilesPath/Pods.build/Release-iphoneos/Aspects.build/Aspects-project-headers.hmap -I/Users/runner/work/_temp/build/DerivedData/Build/Intermediates.noindex/ArchiveIntermediates/Potatso/BuildProductsPath/Release-iphoneos/Aspects/include -I/Users/runner/work/_temp/build/DerivedData/Build/Intermediates.noindex/ArchiveIntermediates/Potatso/IntermediateBuildFilesPath/Pods.build/Release-iphoneos/Aspects.build/DerivedSources-normal/arm64 -I/Users/runner/work/_temp/build/DerivedData/Build/Intermediates.noindex/ArchiveIntermediates/Potatso/IntermediateBuildFilesPath/Pods.build/Release-iphoneos/Aspects.build/DerivedSources/arm64 -I/Users/runner/work/_temp/build/DerivedData/Build/Intermediates.noindex/ArchiveIntermediates/Potatso/IntermediateBuildFilesPath/Pods.build/Release-iphoneos/Aspects.build/DerivedSources -F/Users/runner/work/_temp/build/DerivedData/Build/Intermediates.noindex/ArchiveIntermediates/Potatso/BuildProductsPath/Release-iphoneos/Aspects

WriteAuxiliaryFile /Users/runner/work/_temp/build/DerivedData/Build/Intermediates.noindex/ArchiveIntermediates/Potatso/IntermediateBuildFilesPath/Pods.build/Release-iphoneos/Aspects.build/Objects-normal/arm64/Aspects_const_extract_protocols.json (in target 'Aspects' from project 'Pods')
    cd /Users/runner/work/Potatso/Potatso/Pods
    write-file /Users/runner/work/_temp/build/DerivedData/Build/Intermediates.noindex/ArchiveIntermediates/Potatso/IntermediateBuildFilesPath/Pods.build/Release-iphoneos/Aspects.build/Objects-normal/arm64/Aspects_const_extract_protocols.json

WriteAuxiliaryFile /Users/runner/work/_temp/build/DerivedData/Build/Intermediates.noindex/ArchiveIntermediates/Potatso/IntermediateBuildFilesPath/Pods.build/Release-iphoneos/Aspects.build/Objects-normal/arm64/Aspects.SwiftFileList (in target 'Aspects' from project 'Pods')
    cd /Users/runner/work/Potatso/Potatso/Pods
    write-file /Users/runner/work/_temp/build/DerivedData/Build/Intermediates.noindex/ArchiveIntermediates/Potatso/IntermediateBuildFilesPath/Pods.build/Release-iphoneos/Aspects.build/Objects-normal/arm64/Aspects.SwiftFileList

WriteAuxiliaryFile /Users/runner/work/_temp/build/DerivedData/Build/Intermediates.noindex/ArchiveIntermediates/Potatso/IntermediateBuildFilesPath/Pods.build/Release-iphoneos/Aspects.build/Objects-normal/arm64/Aspects-OutputFileMap.json (in target 'Aspects' from project 'Pods')
    cd /Users/runner/work/Potatso/Potatso/Pods
    write-file /Users/runner/work/_temp/build/DerivedData/Build/Intermediates.noindex/ArchiveIntermediates/Potatso/IntermediateBuildFilesPath/Pods.build/Release-iphoneos/Aspects.build/Objects-normal/arm64/Aspects-OutputFileMap.json

WriteAuxiliaryFile /Users/runner/work/_temp/build/DerivedData/Build/Intermediates.noindex/ArchiveIntermediates/Potatso/IntermediateBuildFilesPath/Pods.build/Release-iphoneos/Aspects.build/Objects-normal/arm64/7187679823f38a2a940e0043cdf9d637-common-args.resp (in target 'Aspects' from project 'Pods')
    cd /Users/runner/work/Potatso/Potatso/Pods
    write-file /Users/runner/work/_temp/build/DerivedData/Build/Intermediates.noindex/ArchiveIntermediates/Potatso/IntermediateBuildFilesPath/Pods.build/Release-iphoneos/Aspects.build/Objects-normal/arm64/7187679823f38a2a940e0043cdf9d637-common-args.resp
-target arm64-apple-ios12.0 '-std=gnu11' -fmodules -gmodules '-fmodules-cache-path=/Users/runner/work/_temp/build/DerivedData/ModuleCache.noindex' '-fmodule-name=Aspects' -fpascal-strings -Os -fno-common '-DPOD_CONFIGURATION_RELEASE=1' '-DCOCOAPODS=1' -isysroot /Applications/Xcode_15.4.app/Contents/Developer/Platforms/iPhoneOS.platform/Developer/SDKs/iPhoneOS17.5.sdk -g -iquote /Users/runner/work/_temp/build/DerivedData/Build/Intermediates.noindex/ArchiveIntermediates/Potatso/IntermediateBuildFilesPath/Pods.build/Release-iphoneos/Aspects.build/Aspects-generated-files.hmap -I/Users/runner/work/_temp/build/DerivedData/Build/Intermediates.noindex/ArchiveIntermediates/Potatso/IntermediateBuildFilesPath/Pods.build/Release-iphoneos/Aspects.build/Aspects-own-target-headers.hmap -I/Users/runner/work/_temp/build/DerivedData/Build/Intermediates.noindex/ArchiveIntermediates/Potatso/IntermediateBuildFilesPath/Pods.build/Release-iphoneos/Aspects.build/Aspects-all-non-framework-target-headers.hmap -ivfsoverlay /Users/runner/work/_temp/build/DerivedData/Build/Intermediates.noindex/ArchiveIntermediates/Potatso/IntermediateBuildFilesPath/Pods.build/Release-iphoneos/Aspects.build/all-product-headers.yaml -iquote /Users/runner/work/_temp/build/DerivedData/Build/Intermediates.noindex/ArchiveIntermediates/Potatso/IntermediateBuildFilesPath/Pods.build/Release-iphoneos/Aspects.build/Aspects-project-headers.hmap -I/Users/runner/work/_temp/build/DerivedData/Build/Intermediates.noindex/ArchiveIntermediates/Potatso/BuildProductsPath/Release-iphoneos/Aspects/include -I/Users/runner/work/_temp/build/DerivedData/Build/Intermediates.noindex/ArchiveIntermediates/Potatso/IntermediateBuildFilesPath/Pods.build/Release-iphoneos/Aspects.build/DerivedSources-normal/arm64 -I/Users/runner/work/_temp/build/DerivedData/Build/Intermediates.noindex/ArchiveIntermediates/Potatso/IntermediateBuildFilesPath/Pods.build/Release-iphoneos/Aspects.build/DerivedSources/arm64 -I/Users/runner/work/_temp/build/DerivedData/Build/Intermediates.noindex/ArchiveIntermediates/Potatso/IntermediateBuildFilesPath/Pods.build/Release-iphoneos/Aspects.build/DerivedSources -F/Users/runner/work/_temp/build/DerivedData/Build/Intermediates.noindex/ArchiveIntermediates/Potatso/BuildProductsPath/Release-iphoneos/Aspects

WriteAuxiliaryFile /Users/runner/work/_temp/build/DerivedData/Build/Intermediates.noindex/ArchiveIntermediates/Potatso/IntermediateBuildFilesPath/Pods.build/Release-iphoneos/Aspects.build/DerivedSources/Aspects_vers.c (in target 'Aspects' from project 'Pods')
    cd /Users/runner/work/Potatso/Potatso/Pods
    write-file /Users/runner/work/_temp/build/DerivedData/Build/Intermediates.noindex/ArchiveIntermediates/Potatso/IntermediateBuildFilesPath/Pods.build/Release-iphoneos/Aspects.build/DerivedSources/Aspects_vers.c

WriteAuxiliaryFile /Users/runner/work/_temp/build/DerivedData/Build/Intermediates.noindex/ArchiveIntermediates/Potatso/IntermediateBuildFilesPath/Pods.build/Release-iphoneos/Appirater.build/module.modulemap (in target 'Appirater' from project 'Pods')
    cd /Users/runner/work/Potatso/Potatso/Pods
    write-file /Users/runner/work/_temp/build/DerivedData/Build/Intermediates.noindex/ArchiveIntermediates/Potatso/IntermediateBuildFilesPath/Pods.build/Release-iphoneos/Appirater.build/module.modulemap

ProcessInfoPlistFile /Users/runner/work/_temp/build/DerivedData/Build/Intermediates.noindex/ArchiveIntermediates/Potatso/IntermediateBuildFilesPath/UninstalledProducts/iphoneos/Appirater.bundle/Info.plist /Users/runner/work/Potatso/Potatso/Pods/Target\ Support\ Files/Appirater/ResourceBundle-Appirater-Appirater-Info.plist (in target 'Appirater-Appirater' from project 'Pods')
    cd /Users/runner/work/Potatso/Potatso/Pods
    builtin-infoPlistUtility /Users/runner/work/Potatso/Potatso/Pods/Target\ Support\ Files/Appirater/ResourceBundle-Appirater-Appirater-Info.plist -producttype com.apple.product-type.bundle -expandbuildsettings -format binary -platform iphoneos -requiredArchitecture arm64 -o /Users/runner/work/_temp/build/DerivedData/Build/Intermediates.noindex/ArchiveIntermediates/Potatso/IntermediateBuildFilesPath/UninstalledProducts/iphoneos/Appirater.bundle/Info.plist

CpResource /Users/runner/work/_temp/build/DerivedData/Build/Intermediates.noindex/ArchiveIntermediates/Potatso/IntermediateBuildFilesPath/UninstalledProducts/iphoneos/Appirater.bundle/zh-Hant.lproj /Users/runner/work/Potatso/Potatso/Pods/Appirater/zh-Hant.lproj (in target 'Appirater-Appirater' from project 'Pods')
    cd /Users/runner/work/Potatso/Potatso/Pods
    builtin-copy -exclude .DS_Store -exclude CVS -exclude .svn -exclude .git -exclude .hg -resolve-src-symlinks /Users/runner/work/Potatso/Potatso/Pods/Appirater/zh-Hant.lproj /Users/runner/work/_temp/build/DerivedData/Build/Intermediates.noindex/ArchiveIntermediates/Potatso/IntermediateBuildFilesPath/UninstalledProducts/iphoneos/Appirater.bundle

Copy /Users/runner/work/_temp/build/DerivedData/Build/Intermediates.noindex/ArchiveIntermediates/Potatso/IntermediateBuildFilesPath/UninstalledProducts/iphoneos/Appirater.framework/Modules/module.modulemap /Users/runner/work/_temp/build/DerivedData/Build/Intermediates.noindex/ArchiveIntermediates/Potatso/IntermediateBuildFilesPath/Pods.build/Release-iphoneos/Appirater.build/module.modulemap (in target 'Appirater' from project 'Pods')
    cd /Users/runner/work/Potatso/Potatso/Pods
    builtin-copy -exclude .DS_Store -exclude CVS -exclude .svn -exclude .git -exclude .hg -resolve-src-symlinks /Users/runner/work/_temp/build/DerivedData/Build/Intermediates.noindex/ArchiveIntermediates/Potatso/IntermediateBuildFilesPath/Pods.build/Release-iphoneos/Appirater.build/module.modulemap /Users/runner/work/_temp/build/DerivedData/Build/Intermediates.noindex/ArchiveIntermediates/Potatso/IntermediateBuildFilesPath/UninstalledProducts/iphoneos/Appirater.framework/Modules

CpResource /Users/runner/work/_temp/build/DerivedData/Build/Intermediates.noindex/ArchiveIntermediates/Potatso/IntermediateBuildFilesPath/UninstalledProducts/iphoneos/Appirater.bundle/zh-Hans.lproj /Users/runner/work/Potatso/Potatso/Pods/Appirater/zh-Hans.lproj (in target 'Appirater-Appirater' from project 'Pods')
    cd /Users/runner/work/Potatso/Potatso/Pods
    builtin-copy -exclude .DS_Store -exclude CVS -exclude .svn -exclude .git -exclude .hg -resolve-src-symlinks /Users/runner/work/Potatso/Potatso/Pods/Appirater/zh-Hans.lproj /Users/runner/work/_temp/build/DerivedData/Build/Intermediates.noindex/ArchiveIntermediates/Potatso/IntermediateBuildFilesPath/UninstalledProducts/iphoneos/Appirater.bundle

CpResource /Users/runner/work/_temp/build/DerivedData/Build/Intermediates.noindex/ArchiveIntermediates/Potatso/IntermediateBuildFilesPath/UninstalledProducts/iphoneos/Appirater.bundle/vi.lproj /Users/runner/work/Potatso/Potatso/Pods/Appirater/vi.lproj (in target 'Appirater-Appirater' from project 'Pods')
    cd /Users/runner/work/Potatso/Potatso/Pods
    builtin-copy -exclude .DS_Store -exclude CVS -exclude .svn -exclude .git -exclude .hg -resolve-src-symlinks /Users/runner/work/Potatso/Potatso/Pods/Appirater/vi.lproj /Users/runner/work/_temp/build/DerivedData/Build/Intermediates.noindex/ArchiveIntermediates/Potatso/IntermediateBuildFilesPath/UninstalledProducts/iphoneos/Appirater.bundle

CpResource /Users/runner/work/_temp/build/DerivedData/Build/Intermediates.noindex/ArchiveIntermediates/Potatso/IntermediateBuildFilesPath/UninstalledProducts/iphoneos/Appirater.bundle/uk.lproj /Users/runner/work/Potatso/Potatso/Pods/Appirater/uk.lproj (in target 'Appirater-Appirater' from project 'Pods')
    cd /Users/runner/work/Potatso/Potatso/Pods
    builtin-copy -exclude .DS_Store -exclude CVS -exclude .svn -exclude .git -exclude .hg -resolve-src-symlinks /Users/runner/work/Potatso/Potatso/Pods/Appirater/uk.lproj /Users/runner/work/_temp/build/DerivedData/Build/Intermediates.noindex/ArchiveIntermediates/Potatso/IntermediateBuildFilesPath/UninstalledProducts/iphoneos/Appirater.bundle

CpResource /Users/runner/work/_temp/build/DerivedData/Build/Intermediates.noindex/ArchiveIntermediates/Potatso/IntermediateBuildFilesPath/UninstalledProducts/iphoneos/Appirater.bundle/tr.lproj /Users/runner/work/Potatso/Potatso/Pods/Appirater/tr.lproj (in target 'Appirater-Appirater' from project 'Pods')
    cd /Users/runner/work/Potatso/Potatso/Pods
    builtin-copy -exclude .DS_Store -exclude CVS -exclude .svn -exclude .git -exclude .hg -resolve-src-symlinks /Users/runner/work/Potatso/Potatso/Pods/Appirater/tr.lproj /Users/runner/work/_temp/build/DerivedData/Build/Intermediates.noindex/ArchiveIntermediates/Potatso/IntermediateBuildFilesPath/UninstalledProducts/iphoneos/Appirater.bundle

CpResource /Users/runner/work/_temp/build/DerivedData/Build/Intermediates.noindex/ArchiveIntermediates/Potatso/IntermediateBuildFilesPath/UninstalledProducts/iphoneos/Appirater.bundle/th.lproj /Users/runner/work/Potatso/Potatso/Pods/Appirater/th.lproj (in target 'Appirater-Appirater' from project 'Pods')
    cd /Users/runner/work/Potatso/Potatso/Pods
    builtin-copy -exclude .DS_Store -exclude CVS -exclude .svn -exclude .git -exclude .hg -resolve-src-symlinks /Users/runner/work/Potatso/Potatso/Pods/Appirater/th.lproj /Users/runner/work/_temp/build/DerivedData/Build/Intermediates.noindex/ArchiveIntermediates/Potatso/IntermediateBuildFilesPath/UninstalledProducts/iphoneos/Appirater.bundle

CpResource /Users/runner/work/_temp/build/DerivedData/Build/Intermediates.noindex/ArchiveIntermediates/Potatso/IntermediateBuildFilesPath/UninstalledProducts/iphoneos/Appirater.bundle/sv.lproj /Users/runner/work/Potatso/Potatso/Pods/Appirater/sv.lproj (in target 'Appirater-Appirater' from project 'Pods')
    cd /Users/runner/work/Potatso/Potatso/Pods
    builtin-copy -exclude .DS_Store -exclude CVS -exclude .svn -exclude .git -exclude .hg -resolve-src-symlinks /Users/runner/work/Potatso/Potatso/Pods/Appirater/sv.lproj /Users/runner/work/_temp/build/DerivedData/Build/Intermediates.noindex/ArchiveIntermediates/Potatso/IntermediateBuildFilesPath/UninstalledProducts/iphoneos/Appirater.bundle

CpResource /Users/runner/work/_temp/build/DerivedData/Build/Intermediates.noindex/ArchiveIntermediates/Potatso/IntermediateBuildFilesPath/UninstalledProducts/iphoneos/Appirater.bundle/sk.lproj /Users/runner/work/Potatso/Potatso/Pods/Appirater/sk.lproj (in target 'Appirater-Appirater' from project 'Pods')
    cd /Users/runner/work/Potatso/Potatso/Pods
    builtin-copy -exclude .DS_Store -exclude CVS -exclude .svn -exclude .git -exclude .hg -resolve-src-symlinks /Users/runner/work/Potatso/Potatso/Pods/Appirater/sk.lproj /Users/runner/work/_temp/build/DerivedData/Build/Intermediates.noindex/ArchiveIntermediates/Potatso/IntermediateBuildFilesPath/UninstalledProducts/iphoneos/Appirater.bundle

CpResource /Users/runner/work/_temp/build/DerivedData/Build/Intermediates.noindex/ArchiveIntermediates/Potatso/IntermediateBuildFilesPath/UninstalledProducts/iphoneos/Appirater.bundle/ru.lproj /Users/runner/work/Potatso/Potatso/Pods/Appirater/ru.lproj (in target 'Appirater-Appirater' from project 'Pods')
    cd /Users/runner/work/Potatso/Potatso/Pods
    builtin-copy -exclude .DS_Store -exclude CVS -exclude .svn -exclude .git -exclude .hg -resolve-src-symlinks /Users/runner/work/Potatso/Potatso/Pods/Appirater/ru.lproj /Users/runner/work/_temp/build/DerivedData/Build/Intermediates.noindex/ArchiveIntermediates/Potatso/IntermediateBuildFilesPath/UninstalledProducts/iphoneos/Appirater.bundle

CpResource /Users/runner/work/_temp/build/DerivedData/Build/Intermediates.noindex/ArchiveIntermediates/Potatso/IntermediateBuildFilesPath/UninstalledProducts/iphoneos/Appirater.bundle/ro.lproj /Users/runner/work/Potatso/Potatso/Pods/Appirater/ro.lproj (in target 'Appirater-Appirater' from project 'Pods')
    cd /Users/runner/work/Potatso/Potatso/Pods
    builtin-copy -exclude .DS_Store -exclude CVS -exclude .svn -exclude .git -exclude .hg -resolve-src-symlinks /Users/runner/work/Potatso/Potatso/Pods/Appirater/ro.lproj /Users/runner/work/_temp/build/DerivedData/Build/Intermediates.noindex/ArchiveIntermediates/Potatso/IntermediateBuildFilesPath/UninstalledProducts/iphoneos/Appirater.bundle

CpResource /Users/runner/work/_temp/build/DerivedData/Build/Intermediates.noindex/ArchiveIntermediates/Potatso/IntermediateBuildFilesPath/UninstalledProducts/iphoneos/Appirater.bundle/pt.lproj /Users/runner/work/Potatso/Potatso/Pods/Appirater/pt.lproj (in target 'Appirater-Appirater' from project 'Pods')
    cd /Users/runner/work/Potatso/Potatso/Pods
    builtin-copy -exclude .DS_Store -exclude CVS -exclude .svn -exclude .git -exclude .hg -resolve-src-symlinks /Users/runner/work/Potatso/Potatso/Pods/Appirater/pt.lproj /Users/runner/work/_temp/build/DerivedData/Build/Intermediates.noindex/ArchiveIntermediates/Potatso/IntermediateBuildFilesPath/UninstalledProducts/iphoneos/Appirater.bundle

CpResource /Users/runner/work/_temp/build/DerivedData/Build/Intermediates.noindex/ArchiveIntermediates/Potatso/IntermediateBuildFilesPath/UninstalledProducts/iphoneos/Appirater.bundle/pt-BR.lproj /Users/runner/work/Potatso/Potatso/Pods/Appirater/pt-BR.lproj (in target 'Appirater-Appirater' from project 'Pods')
    cd /Users/runner/work/Potatso/Potatso/Pods
    builtin-copy -exclude .DS_Store -exclude CVS -exclude .svn -exclude .git -exclude .hg -resolve-src-symlinks /Users/runner/work/Potatso/Potatso/Pods/Appirater/pt-BR.lproj /Users/runner/work/_temp/build/DerivedData/Build/Intermediates.noindex/ArchiveIntermediates/Potatso/IntermediateBuildFilesPath/UninstalledProducts/iphoneos/Appirater.bundle

CpResource /Users/runner/work/_temp/build/DerivedData/Build/Intermediates.noindex/ArchiveIntermediates/Potatso/IntermediateBuildFilesPath/UninstalledProducts/iphoneos/Appirater.bundle/pl.lproj /Users/runner/work/Potatso/Potatso/Pods/Appirater/pl.lproj (in target 'Appirater-Appirater' from project 'Pods')
    cd /Users/runner/work/Potatso/Potatso/Pods
    builtin-copy -exclude .DS_Store -exclude CVS -exclude .svn -exclude .git -exclude .hg -resolve-src-symlinks /Users/runner/work/Potatso/Potatso/Pods/Appirater/pl.lproj /Users/runner/work/_temp/build/DerivedData/Build/Intermediates.noindex/ArchiveIntermediates/Potatso/IntermediateBuildFilesPath/UninstalledProducts/iphoneos/Appirater.bundle

CpResource /Users/runner/work/_temp/build/DerivedData/Build/Intermediates.noindex/ArchiveIntermediates/Potatso/IntermediateBuildFilesPath/UninstalledProducts/iphoneos/Appirater.bundle/nl.lproj /Users/runner/work/Potatso/Potatso/Pods/Appirater/nl.lproj (in target 'Appirater-Appirater' from project 'Pods')
    cd /Users/runner/work/Potatso/Potatso/Pods
    builtin-copy -exclude .DS_Store -exclude CVS -exclude .svn -exclude .git -exclude .hg -resolve-src-symlinks /Users/runner/work/Potatso/Potatso/Pods/Appirater/nl.lproj /Users/runner/work/_temp/build/DerivedData/Build/Intermediates.noindex/ArchiveIntermediates/Potatso/IntermediateBuildFilesPath/UninstalledProducts/iphoneos/Appirater.bundle

CpResource /Users/runner/work/_temp/build/DerivedData/Build/Intermediates.noindex/ArchiveIntermediates/Potatso/IntermediateBuildFilesPath/UninstalledProducts/iphoneos/Appirater.bundle/nb.lproj /Users/runner/work/Potatso/Potatso/Pods/Appirater/nb.lproj (in target 'Appirater-Appirater' from project 'Pods')
    cd /Users/runner/work/Potatso/Potatso/Pods
    builtin-copy -exclude .DS_Store -exclude CVS -exclude .svn -exclude .git -exclude .hg -resolve-src-symlinks /Users/runner/work/Potatso/Potatso/Pods/Appirater/nb.lproj /Users/runner/work/_temp/build/DerivedData/Build/Intermediates.noindex/ArchiveIntermediates/Potatso/IntermediateBuildFilesPath/UninstalledProducts/iphoneos/Appirater.bundle

CpResource /Users/runner/work/_temp/build/DerivedData/Build/Intermediates.noindex/ArchiveIntermediates/Potatso/IntermediateBuildFilesPath/UninstalledProducts/iphoneos/Appirater.bundle/ms.lproj /Users/runner/work/Potatso/Potatso/Pods/Appirater/ms.lproj (in target 'Appirater-Appirater' from project 'Pods')
    cd /Users/runner/work/Potatso/Potatso/Pods
    builtin-copy -exclude .DS_Store -exclude CVS -exclude .svn -exclude .git -exclude .hg -resolve-src-symlinks /Users/runner/work/Potatso/Potatso/Pods/Appirater/ms.lproj /Users/runner/work/_temp/build/DerivedData/Build/Intermediates.noindex/ArchiveIntermediates/Potatso/IntermediateBuildFilesPath/UninstalledProducts/iphoneos/Appirater.bundle

CpResource /Users/runner/work/_temp/build/DerivedData/Build/Intermediates.noindex/ArchiveIntermediates/Potatso/IntermediateBuildFilesPath/UninstalledProducts/iphoneos/Appirater.bundle/ko.lproj /Users/runner/work/Potatso/Potatso/Pods/Appirater/ko.lproj (in target 'Appirater-Appirater' from project 'Pods')
    cd /Users/runner/work/Potatso/Potatso/Pods
    builtin-copy -exclude .DS_Store -exclude CVS -exclude .svn -exclude .git -exclude .hg -resolve-src-symlinks /Users/runner/work/Potatso/Potatso/Pods/Appirater/ko.lproj /Users/runner/work/_temp/build/DerivedData/Build/Intermediates.noindex/ArchiveIntermediates/Potatso/IntermediateBuildFilesPath/UninstalledProducts/iphoneos/Appirater.bundle

CpResource /Users/runner/work/_temp/build/DerivedData/Build/Intermediates.noindex/ArchiveIntermediates/Potatso/IntermediateBuildFilesPath/UninstalledProducts/iphoneos/Appirater.bundle/ja.lproj /Users/runner/work/Potatso/Potatso/Pods/Appirater/ja.lproj (in target 'Appirater-Appirater' from project 'Pods')
    cd /Users/runner/work/Potatso/Potatso/Pods
    builtin-copy -exclude .DS_Store -exclude CVS -exclude .svn -exclude .git -exclude .hg -resolve-src-symlinks /Users/runner/work/Potatso/Potatso/Pods/Appirater/ja.lproj /Users/runner/work/_temp/build/DerivedData/Build/Intermediates.noindex/ArchiveIntermediates/Potatso/IntermediateBuildFilesPath/UninstalledProducts/iphoneos/Appirater.bundle

CpResource /Users/runner/work/_temp/build/DerivedData/Build/Intermediates.noindex/ArchiveIntermediates/Potatso/IntermediateBuildFilesPath/UninstalledProducts/iphoneos/Appirater.bundle/it.lproj /Users/runner/work/Potatso/Potatso/Pods/Appirater/it.lproj (in target 'Appirater-Appirater' from project 'Pods')
    cd /Users/runner/work/Potatso/Potatso/Pods
    builtin-copy -exclude .DS_Store -exclude CVS -exclude .svn -exclude .git -exclude .hg -resolve-src-symlinks /Users/runner/work/Potatso/Potatso/Pods/Appirater/it.lproj /Users/runner/work/_temp/build/DerivedData/Build/Intermediates.noindex/ArchiveIntermediates/Potatso/IntermediateBuildFilesPath/UninstalledProducts/iphoneos/Appirater.bundle

CpResource /Users/runner/work/_temp/build/DerivedData/Build/Intermediates.noindex/ArchiveIntermediates/Potatso/IntermediateBuildFilesPath/UninstalledProducts/iphoneos/Appirater.bundle/id.lproj /Users/runner/work/Potatso/Potatso/Pods/Appirater/id.lproj (in target 'Appirater-Appirater' from project 'Pods')
    cd /Users/runner/work/Potatso/Potatso/Pods
    builtin-copy -exclude .DS_Store -exclude CVS -exclude .svn -exclude .git -exclude .hg -resolve-src-symlinks /Users/runner/work/Potatso/Potatso/Pods/Appirater/id.lproj /Users/runner/work/_temp/build/DerivedData/Build/Intermediates.noindex/ArchiveIntermediates/Potatso/IntermediateBuildFilesPath/UninstalledProducts/iphoneos/Appirater.bundle

CpResource /Users/runner/work/_temp/build/DerivedData/Build/Intermediates.noindex/ArchiveIntermediates/Potatso/IntermediateBuildFilesPath/UninstalledProducts/iphoneos/Appirater.bundle/hu.lproj /Users/runner/work/Potatso/Potatso/Pods/Appirater/hu.lproj (in target 'Appirater-Appirater' from project 'Pods')
    cd /Users/runner/work/Potatso/Potatso/Pods
    builtin-copy -exclude .DS_Store -exclude CVS -exclude .svn -exclude .git -exclude .hg -resolve-src-symlinks /Users/runner/work/Potatso/Potatso/Pods/Appirater/hu.lproj /Users/runner/work/_temp/build/DerivedData/Build/Intermediates.noindex/ArchiveIntermediates/Potatso/IntermediateBuildFilesPath/UninstalledProducts/iphoneos/Appirater.bundle

CpResource /Users/runner/work/_temp/build/DerivedData/Build/Intermediates.noindex/ArchiveIntermediates/Potatso/IntermediateBuildFilesPath/UninstalledProducts/iphoneos/Appirater.bundle/he.lproj /Users/runner/work/Potatso/Potatso/Pods/Appirater/he.lproj (in target 'Appirater-Appirater' from project 'Pods')
    cd /Users/runner/work/Potatso/Potatso/Pods
    builtin-copy -exclude .DS_Store -exclude CVS -exclude .svn -exclude .git -exclude .hg -resolve-src-symlinks /Users/runner/work/Potatso/Potatso/Pods/Appirater/he.lproj /Users/runner/work/_temp/build/DerivedData/Build/Intermediates.noindex/ArchiveIntermediates/Potatso/IntermediateBuildFilesPath/UninstalledProducts/iphoneos/Appirater.bundle

CpResource /Users/runner/work/_temp/build/DerivedData/Build/Intermediates.noindex/ArchiveIntermediates/Potatso/IntermediateBuildFilesPath/UninstalledProducts/iphoneos/Appirater.bundle/fr.lproj /Users/runner/work/Potatso/Potatso/Pods/Appirater/fr.lproj (in target 'Appirater-Appirater' from project 'Pods')
    cd /Users/runner/work/Potatso/Potatso/Pods
    builtin-copy -exclude .DS_Store -exclude CVS -exclude .svn -exclude .git -exclude .hg -resolve-src-symlinks /Users/runner/work/Potatso/Potatso/Pods/Appirater/fr.lproj /Users/runner/work/_temp/build/DerivedData/Build/Intermediates.noindex/ArchiveIntermediates/Potatso/IntermediateBuildFilesPath/UninstalledProducts/iphoneos/Appirater.bundle

CpResource /Users/runner/work/_temp/build/DerivedData/Build/Intermediates.noindex/ArchiveIntermediates/Potatso/IntermediateBuildFilesPath/UninstalledProducts/iphoneos/Appirater.bundle/fi.lproj /Users/runner/work/Potatso/Potatso/Pods/Appirater/fi.lproj (in target 'Appirater-Appirater' from project 'Pods')
    cd /Users/runner/work/Potatso/Potatso/Pods
    builtin-copy -exclude .DS_Store -exclude CVS -exclude .svn -exclude .git -exclude .hg -resolve-src-symlinks /Users/runner/work/Potatso/Potatso/Pods/Appirater/fi.lproj /Users/runner/work/_temp/build/DerivedData/Build/Intermediates.noindex/ArchiveIntermediates/Potatso/IntermediateBuildFilesPath/UninstalledProducts/iphoneos/Appirater.bundle

CpResource /Users/runner/work/_temp/build/DerivedData/Build/Intermediates.noindex/ArchiveIntermediates/Potatso/IntermediateBuildFilesPath/UninstalledProducts/iphoneos/Appirater.bundle/es.lproj /Users/runner/work/Potatso/Potatso/Pods/Appirater/es.lproj (in target 'Appirater-Appirater' from project 'Pods')
    cd /Users/runner/work/Potatso/Potatso/Pods
    builtin-copy -exclude .DS_Store -exclude CVS -exclude .svn -exclude .git -exclude .hg -resolve-src-symlinks /Users/runner/work/Potatso/Potatso/Pods/Appirater/es.lproj /Users/runner/work/_temp/build/DerivedData/Build/Intermediates.noindex/ArchiveIntermediates/Potatso/IntermediateBuildFilesPath/UninstalledProducts/iphoneos/Appirater.bundle

CpResource /Users/runner/work/_temp/build/DerivedData/Build/Intermediates.noindex/ArchiveIntermediates/Potatso/IntermediateBuildFilesPath/UninstalledProducts/iphoneos/Appirater.bundle/en.lproj /Users/runner/work/Potatso/Potatso/Pods/Appirater/en.lproj (in target 'Appirater-Appirater' from project 'Pods')
    cd /Users/runner/work/Potatso/Potatso/Pods
    builtin-copy -exclude .DS_Store -exclude CVS -exclude .svn -exclude .git -exclude .hg -resolve-src-symlinks /Users/runner/work/Potatso/Potatso/Pods/Appirater/en.lproj /Users/runner/work/_temp/build/DerivedData/Build/Intermediates.noindex/ArchiveIntermediates/Potatso/IntermediateBuildFilesPath/UninstalledProducts/iphoneos/Appirater.bundle

CpResource /Users/runner/work/_temp/build/DerivedData/Build/Intermediates.noindex/ArchiveIntermediates/Potatso/IntermediateBuildFilesPath/UninstalledProducts/iphoneos/Appirater.bundle/el.lproj /Users/runner/work/Potatso/Potatso/Pods/Appirater/el.lproj (in target 'Appirater-Appirater' from project 'Pods')
    cd /Users/runner/work/Potatso/Potatso/Pods
    builtin-copy -exclude .DS_Store -exclude CVS -exclude .svn -exclude .git -exclude .hg -resolve-src-symlinks /Users/runner/work/Potatso/Potatso/Pods/Appirater/el.lproj /Users/runner/work/_temp/build/DerivedData/Build/Intermediates.noindex/ArchiveIntermediates/Potatso/IntermediateBuildFilesPath/UninstalledProducts/iphoneos/Appirater.bundle

CpResource /Users/runner/work/_temp/build/DerivedData/Build/Intermediates.noindex/ArchiveIntermediates/Potatso/IntermediateBuildFilesPath/UninstalledProducts/iphoneos/Appirater.bundle/de.lproj /Users/runner/work/Potatso/Potatso/Pods/Appirater/de.lproj (in target 'Appirater-Appirater' from project 'Pods')
    cd /Users/runner/work/Potatso/Potatso/Pods
    builtin-copy -exclude .DS_Store -exclude CVS -exclude .svn -exclude .git -exclude .hg -resolve-src-symlinks /Users/runner/work/Potatso/Potatso/Pods/Appirater/de.lproj /Users/runner/work/_temp/build/DerivedData/Build/Intermediates.noindex/ArchiveIntermediates/Potatso/IntermediateBuildFilesPath/UninstalledProducts/iphoneos/Appirater.bundle

CpResource /Users/runner/work/_temp/build/DerivedData/Build/Intermediates.noindex/ArchiveIntermediates/Potatso/IntermediateBuildFilesPath/UninstalledProducts/iphoneos/Appirater.bundle/da.lproj /Users/runner/work/Potatso/Potatso/Pods/Appirater/da.lproj (in target 'Appirater-Appirater' from project 'Pods')
    cd /Users/runner/work/Potatso/Potatso/Pods
    builtin-copy -exclude .DS_Store -exclude CVS -exclude .svn -exclude .git -exclude .hg -resolve-src-symlinks /Users/runner/work/Potatso/Potatso/Pods/Appirater/da.lproj /Users/runner/work/_temp/build/DerivedData/Build/Intermediates.noindex/ArchiveIntermediates/Potatso/IntermediateBuildFilesPath/UninstalledProducts/iphoneos/Appirater.bundle

CpResource /Users/runner/work/_temp/build/DerivedData/Build/Intermediates.noindex/ArchiveIntermediates/Potatso/IntermediateBuildFilesPath/UninstalledProducts/iphoneos/Appirater.bundle/cs.lproj /Users/runner/work/Potatso/Potatso/Pods/Appirater/cs.lproj (in target 'Appirater-Appirater' from project 'Pods')
    cd /Users/runner/work/Potatso/Potatso/Pods
    builtin-copy -exclude .DS_Store -exclude CVS -exclude .svn -exclude .git -exclude .hg -resolve-src-symlinks /Users/runner/work/Potatso/Potatso/Pods/Appirater/cs.lproj /Users/runner/work/_temp/build/DerivedData/Build/Intermediates.noindex/ArchiveIntermediates/Potatso/IntermediateBuildFilesPath/UninstalledProducts/iphoneos/Appirater.bundle

CpResource /Users/runner/work/_temp/build/DerivedData/Build/Intermediates.noindex/ArchiveIntermediates/Potatso/IntermediateBuildFilesPath/UninstalledProducts/iphoneos/Appirater.bundle/ca.lproj /Users/runner/work/Potatso/Potatso/Pods/Appirater/ca.lproj (in target 'Appirater-Appirater' from project 'Pods')
    cd /Users/runner/work/Potatso/Potatso/Pods
    builtin-copy -exclude .DS_Store -exclude CVS -exclude .svn -exclude .git -exclude .hg -resolve-src-symlinks /Users/runner/work/Potatso/Potatso/Pods/Appirater/ca.lproj /Users/runner/work/_temp/build/DerivedData/Build/Intermediates.noindex/ArchiveIntermediates/Potatso/IntermediateBuildFilesPath/UninstalledProducts/iphoneos/Appirater.bundle

CpResource /Users/runner/work/_temp/build/DerivedData/Build/Intermediates.noindex/ArchiveIntermediates/Potatso/IntermediateBuildFilesPath/UninstalledProducts/iphoneos/Appirater.bundle/ar.lproj /Users/runner/work/Potatso/Potatso/Pods/Appirater/ar.lproj (in target 'Appirater-Appirater' from project 'Pods')
    cd /Users/runner/work/Potatso/Potatso/Pods
    builtin-copy -exclude .DS_Store -exclude CVS -exclude .svn -exclude .git -exclude .hg -resolve-src-symlinks /Users/runner/work/Potatso/Potatso/Pods/Appirater/ar.lproj /Users/runner/work/_temp/build/DerivedData/Build/Intermediates.noindex/ArchiveIntermediates/Potatso/IntermediateBuildFilesPath/UninstalledProducts/iphoneos/Appirater.bundle

WriteAuxiliaryFile /Users/runner/work/_temp/build/DerivedData/Build/Intermediates.noindex/ArchiveIntermediates/Potatso/IntermediateBuildFilesPath/Pods.build/Release-iphoneos/Alamofire.build/all-product-headers.yaml (in target 'Alamofire' from project 'Pods')
    cd /Users/runner/work/Potatso/Potatso/Pods
    write-file /Users/runner/work/_temp/build/DerivedData/Build/Intermediates.noindex/ArchiveIntermediates/Potatso/IntermediateBuildFilesPath/Pods.build/Release-iphoneos/Alamofire.build/all-product-headers.yaml

WriteAuxiliaryFile /Users/runner/work/_temp/build/DerivedData/Build/Intermediates.noindex/ArchiveIntermediates/Potatso/IntermediateBuildFilesPath/Pods.build/Release-iphoneos/Alamofire.build/Alamofire.hmap (in target 'Alamofire' from project 'Pods')
    cd /Users/runner/work/Potatso/Potatso/Pods
    write-file /Users/runner/work/_temp/build/DerivedData/Build/Intermediates.noindex/ArchiveIntermediates/Potatso/IntermediateBuildFilesPath/Pods.build/Release-iphoneos/Alamofire.build/Alamofire.hmap

WriteAuxiliaryFile /Users/runner/work/_temp/build/DerivedData/Build/Intermediates.noindex/ArchiveIntermediates/Potatso/IntermediateBuildFilesPath/Pods.build/Release-iphoneos/Alamofire.build/Alamofire-project-headers.hmap (in target 'Alamofire' from project 'Pods')
    cd /Users/runner/work/Potatso/Potatso/Pods
    write-file /Users/runner/work/_temp/build/DerivedData/Build/Intermediates.noindex/ArchiveIntermediates/Potatso/IntermediateBuildFilesPath/Pods.build/Release-iphoneos/Alamofire.build/Alamofire-project-headers.hmap

WriteAuxiliaryFile /Users/runner/work/_temp/build/DerivedData/Build/Intermediates.noindex/ArchiveIntermediates/Potatso/IntermediateBuildFilesPath/Pods.build/Release-iphoneos/Alamofire.build/Alamofire-own-target-headers.hmap (in target 'Alamofire' from project 'Pods')
    cd /Users/runner/work/Potatso/Potatso/Pods
    write-file /Users/runner/work/_temp/build/DerivedData/Build/Intermediates.noindex/ArchiveIntermediates/Potatso/IntermediateBuildFilesPath/Pods.build/Release-iphoneos/Alamofire.build/Alamofire-own-target-headers.hmap

WriteAuxiliaryFile /Users/runner/work/_temp/build/DerivedData/Build/Intermediates.noindex/ArchiveIntermediates/Potatso/IntermediateBuildFilesPath/Pods.build/Release-iphoneos/Alamofire.build/Alamofire-generated-files.hmap (in target 'Alamofire' from project 'Pods')
    cd /Users/runner/work/Potatso/Potatso/Pods
    write-file /Users/runner/work/_temp/build/DerivedData/Build/Intermediates.noindex/ArchiveIntermediates/Potatso/IntermediateBuildFilesPath/Pods.build/Release-iphoneos/Alamofire.build/Alamofire-generated-files.hmap

WriteAuxiliaryFile /Users/runner/work/_temp/build/DerivedData/Build/Intermediates.noindex/ArchiveIntermediates/Potatso/IntermediateBuildFilesPath/Pods.build/Release-iphoneos/Alamofire.build/Alamofire-all-target-headers.hmap (in target 'Alamofire' from project 'Pods')
    cd /Users/runner/work/Potatso/Potatso/Pods
    write-file /Users/runner/work/_temp/build/DerivedData/Build/Intermediates.noindex/ArchiveIntermediates/Potatso/IntermediateBuildFilesPath/Pods.build/Release-iphoneos/Alamofire.build/Alamofire-all-target-headers.hmap

WriteAuxiliaryFile /Users/runner/work/_temp/build/DerivedData/Build/Intermediates.noindex/ArchiveIntermediates/Potatso/IntermediateBuildFilesPath/Pods.build/Release-iphoneos/Alamofire.build/Alamofire-all-non-framework-target-headers.hmap (in target 'Alamofire' from project 'Pods')
    cd /Users/runner/work/Potatso/Potatso/Pods
    write-file /Users/runner/work/_temp/build/DerivedData/Build/Intermediates.noindex/ArchiveIntermediates/Potatso/IntermediateBuildFilesPath/Pods.build/Release-iphoneos/Alamofire.build/Alamofire-all-non-framework-target-headers.hmap

CpHeader /Users/runner/work/_temp/build/DerivedData/Build/Intermediates.noindex/ArchiveIntermediates/Potatso/IntermediateBuildFilesPath/UninstalledProducts/iphoneos/Appirater.framework/Headers/AppiraterDelegate.h /Users/runner/work/Potatso/Potatso/Pods/Appirater/AppiraterDelegate.h (in target 'Appirater' from project 'Pods')
    cd /Users/runner/work/Potatso/Potatso/Pods
    builtin-copy -exclude .DS_Store -exclude CVS -exclude .svn -exclude .git -exclude .hg -resolve-src-symlinks /Users/runner/work/Potatso/Potatso/Pods/Appirater/AppiraterDelegate.h /Users/runner/work/_temp/build/DerivedData/Build/Intermediates.noindex/ArchiveIntermediates/Potatso/IntermediateBuildFilesPath/UninstalledProducts/iphoneos/Appirater.framework/Headers

CpHeader /Users/runner/work/_temp/build/DerivedData/Build/Intermediates.noindex/ArchiveIntermediates/Potatso/IntermediateBuildFilesPath/UninstalledProducts/iphoneos/Appirater.framework/Headers/Appirater.h /Users/runner/work/Potatso/Potatso/Pods/Appirater/Appirater.h (in target 'Appirater' from project 'Pods')
    cd /Users/runner/work/Potatso/Potatso/Pods
    builtin-copy -exclude .DS_Store -exclude CVS -exclude .svn -exclude .git -exclude .hg -resolve-src-symlinks /Users/runner/work/Potatso/Potatso/Pods/Appirater/Appirater.h /Users/runner/work/_temp/build/DerivedData/Build/Intermediates.noindex/ArchiveIntermediates/Potatso/IntermediateBuildFilesPath/UninstalledProducts/iphoneos/Appirater.framework/Headers

CpHeader /Users/runner/work/_temp/build/DerivedData/Build/Intermediates.noindex/ArchiveIntermediates/Potatso/IntermediateBuildFilesPath/UninstalledProducts/iphoneos/Appirater.framework/Headers/Appirater-umbrella.h /Users/runner/work/Potatso/Potatso/Pods/Target\ Support\ Files/Appirater/Appirater-umbrella.h (in target 'Appirater' from project 'Pods')
    cd /Users/runner/work/Potatso/Potatso/Pods
    builtin-copy -exclude .DS_Store -exclude CVS -exclude .svn -exclude .git -exclude .hg -resolve-src-symlinks /Users/runner/work/Potatso/Potatso/Pods/Target\ Support\ Files/Appirater/Appirater-umbrella.h /Users/runner/work/_temp/build/DerivedData/Build/Intermediates.noindex/ArchiveIntermediates/Potatso/IntermediateBuildFilesPath/UninstalledProducts/iphoneos/Appirater.framework/Headers

WriteAuxiliaryFile /Users/runner/work/_temp/build/DerivedData/Build/Intermediates.noindex/ArchiveIntermediates/Potatso/IntermediateBuildFilesPath/Pods.build/Release-iphoneos/Appirater.build/Objects-normal/arm64/e6072d4f65d7061329687fe24e3d63a7-common-args.resp (in target 'Appirater' from project 'Pods')
    cd /Users/runner/work/Potatso/Potatso/Pods
    write-file /Users/runner/work/_temp/build/DerivedData/Build/Intermediates.noindex/ArchiveIntermediates/Potatso/IntermediateBuildFilesPath/Pods.build/Release-iphoneos/Appirater.build/Objects-normal/arm64/e6072d4f65d7061329687fe24e3d63a7-common-args.resp
-target arm64-apple-ios12.0 '-std=gnu11' -fobjc-arc -fobjc-weak -fmodules -gmodules '-fmodules-cache-path=/Users/runner/work/_temp/build/DerivedData/ModuleCache.noindex' '-fmodule-name=Appirater' -fpascal-strings -Os -fno-common '-DPOD_CONFIGURATION_RELEASE=1' '-DCOCOAPODS=1' '-DNS_BLOCK_ASSERTIONS=1' '-DOBJC_OLD_DISPATCH_PROTOTYPES=0' -isysroot /Applications/Xcode_15.4.app/Contents/Developer/Platforms/iPhoneOS.platform/Developer/SDKs/iPhoneOS17.5.sdk -g -iquote /Users/runner/work/_temp/build/DerivedData/Build/Intermediates.noindex/ArchiveIntermediates/Potatso/IntermediateBuildFilesPath/Pods.build/Release-iphoneos/Appirater.build/Appirater-generated-files.hmap -I/Users/runner/work/_temp/build/DerivedData/Build/Intermediates.noindex/ArchiveIntermediates/Potatso/IntermediateBuildFilesPath/Pods.build/Release-iphoneos/Appirater.build/Appirater-own-target-headers.hmap -I/Users/runner/work/_temp/build/DerivedData/Build/Intermediates.noindex/ArchiveIntermediates/Potatso/IntermediateBuildFilesPath/Pods.build/Release-iphoneos/Appirater.build/Appirater-all-non-framework-target-headers.hmap -ivfsoverlay /Users/runner/work/_temp/build/DerivedData/Build/Intermediates.noindex/ArchiveIntermediates/Potatso/IntermediateBuildFilesPath/Pods.build/Release-iphoneos/Appirater.build/all-product-headers.yaml -iquote /Users/runner/work/_temp/build/DerivedData/Build/Intermediates.noindex/ArchiveIntermediates/Potatso/IntermediateBuildFilesPath/Pods.build/Release-iphoneos/Appirater.build/Appirater-project-headers.hmap -I/Users/runner/work/_temp/build/DerivedData/Build/Intermediates.noindex/ArchiveIntermediates/Potatso/BuildProductsPath/Release-iphoneos/Appirater/include -I/Users/runner/work/_temp/build/DerivedData/Build/Intermediates.noindex/ArchiveIntermediates/Potatso/IntermediateBuildFilesPath/Pods.build/Release-iphoneos/Appirater.build/DerivedSources-normal/arm64 -I/Users/runner/work/_temp/build/DerivedData/Build/Intermediates.noindex/ArchiveIntermediates/Potatso/IntermediateBuildFilesPath/Pods.build/Release-iphoneos/Appirater.build/DerivedSources/arm64 -I/Users/runner/work/_temp/build/DerivedData/Build/Intermediates.noindex/ArchiveIntermediates/Potatso/IntermediateBuildFilesPath/Pods.build/Release-iphoneos/Appirater.build/DerivedSources -F/Users/runner/work/_temp/build/DerivedData/Build/Intermediates.noindex/ArchiveIntermediates/Potatso/BuildProductsPath/Release-iphoneos/Appirater

WriteAuxiliaryFile /Users/runner/work/_temp/build/DerivedData/Build/Intermediates.noindex/ArchiveIntermediates/Potatso/IntermediateBuildFilesPath/Pods.build/Release-iphoneos/Appirater.build/Objects-normal/arm64/7187679823f38a2a940e0043cdf9d637-common-args.resp (in target 'Appirater' from project 'Pods')
    cd /Users/runner/work/Potatso/Potatso/Pods
    write-file /Users/runner/work/_temp/build/DerivedData/Build/Intermediates.noindex/ArchiveIntermediates/Potatso/IntermediateBuildFilesPath/Pods.build/Release-iphoneos/Appirater.build/Objects-normal/arm64/7187679823f38a2a940e0043cdf9d637-common-args.resp
-target arm64-apple-ios12.0 '-std=gnu11' -fmodules -gmodules '-fmodules-cache-path=/Users/runner/work/_temp/build/DerivedData/ModuleCache.noindex' '-fmodule-name=Appirater' -fpascal-strings -Os -fno-common '-DPOD_CONFIGURATION_RELEASE=1' '-DCOCOAPODS=1' -isysroot /Applications/Xcode_15.4.app/Contents/Developer/Platforms/iPhoneOS.platform/Developer/SDKs/iPhoneOS17.5.sdk -g -iquote /Users/runner/work/_temp/build/DerivedData/Build/Intermediates.noindex/ArchiveIntermediates/Potatso/IntermediateBuildFilesPath/Pods.build/Release-iphoneos/Appirater.build/Appirater-generated-files.hmap -I/Users/runner/work/_temp/build/DerivedData/Build/Intermediates.noindex/ArchiveIntermediates/Potatso/IntermediateBuildFilesPath/Pods.build/Release-iphoneos/Appirater.build/Appirater-own-target-headers.hmap -I/Users/runner/work/_temp/build/DerivedData/Build/Intermediates.noindex/ArchiveIntermediates/Potatso/IntermediateBuildFilesPath/Pods.build/Release-iphoneos/Appirater.build/Appirater-all-non-framework-target-headers.hmap -ivfsoverlay /Users/runner/work/_temp/build/DerivedData/Build/Intermediates.noindex/ArchiveIntermediates/Potatso/IntermediateBuildFilesPath/Pods.build/Release-iphoneos/Appirater.build/all-product-headers.yaml -iquote /Users/runner/work/_temp/build/DerivedData/Build/Intermediates.noindex/ArchiveIntermediates/Potatso/IntermediateBuildFilesPath/Pods.build/Release-iphoneos/Appirater.build/Appirater-project-headers.hmap -I/Users/runner/work/_temp/build/DerivedData/Build/Intermediates.noindex/ArchiveIntermediates/Potatso/BuildProductsPath/Release-iphoneos/Appirater/include -I/Users/runner/work/_temp/build/DerivedData/Build/Intermediates.noindex/ArchiveIntermediates/Potatso/IntermediateBuildFilesPath/Pods.build/Release-iphoneos/Appirater.build/DerivedSources-normal/arm64 -I/Users/runner/work/_temp/build/DerivedData/Build/Intermediates.noindex/ArchiveIntermediates/Potatso/IntermediateBuildFilesPath/Pods.build/Release-iphoneos/Appirater.build/DerivedSources/arm64 -I/Users/runner/work/_temp/build/DerivedData/Build/Intermediates.noindex/ArchiveIntermediates/Potatso/IntermediateBuildFilesPath/Pods.build/Release-iphoneos/Appirater.build/DerivedSources -F/Users/runner/work/_temp/build/DerivedData/Build/Intermediates.noindex/ArchiveIntermediates/Potatso/BuildProductsPath/Release-iphoneos/Appirater

WriteAuxiliaryFile /Users/runner/work/_temp/build/DerivedData/Build/Intermediates.noindex/ArchiveIntermediates/Potatso/IntermediateBuildFilesPath/Pods.build/Release-iphoneos/Appirater.build/DerivedSources/Appirater_vers.c (in target 'Appirater' from project 'Pods')
    cd /Users/runner/work/Potatso/Potatso/Pods
    write-file /Users/runner/work/_temp/build/DerivedData/Build/Intermediates.noindex/ArchiveIntermediates/Potatso/IntermediateBuildFilesPath/Pods.build/Release-iphoneos/Appirater.build/DerivedSources/Appirater_vers.c

SetOwnerAndGroup runner:staff /Users/runner/work/_temp/build/DerivedData/Build/Intermediates.noindex/ArchiveIntermediates/Potatso/IntermediateBuildFilesPath/UninstalledProducts/iphoneos/Appirater.bundle (in target 'Appirater-Appirater' from project 'Pods')
    cd /Users/runner/work/Potatso/Potatso/Pods
    /usr/sbin/chown -RH runner:staff /Users/runner/work/_temp/build/DerivedData/Build/Intermediates.noindex/ArchiveIntermediates/Potatso/IntermediateBuildFilesPath/UninstalledProducts/iphoneos/Appirater.bundle

WriteAuxiliaryFile /Users/runner/work/_temp/build/DerivedData/Build/Intermediates.noindex/ArchiveIntermediates/Potatso/IntermediateBuildFilesPath/Pods.build/Release-iphoneos/Alamofire.build/unextended-module.modulemap (in target 'Alamofire' from project 'Pods')
    cd /Users/runner/work/Potatso/Potatso/Pods
    write-file /Users/runner/work/_temp/build/DerivedData/Build/Intermediates.noindex/ArchiveIntermediates/Potatso/IntermediateBuildFilesPath/Pods.build/Release-iphoneos/Alamofire.build/unextended-module.modulemap

WriteAuxiliaryFile /Users/runner/work/_temp/build/DerivedData/Build/Intermediates.noindex/ArchiveIntermediates/Potatso/IntermediateBuildFilesPath/Pods.build/Release-iphoneos/Alamofire.build/unextended-module-overlay.yaml (in target 'Alamofire' from project 'Pods')
    cd /Users/runner/work/Potatso/Potatso/Pods
    write-file /Users/runner/work/_temp/build/DerivedData/Build/Intermediates.noindex/ArchiveIntermediates/Potatso/IntermediateBuildFilesPath/Pods.build/Release-iphoneos/Alamofire.build/unextended-module-overlay.yaml

WriteAuxiliaryFile /Users/runner/work/_temp/build/DerivedData/Build/Intermediates.noindex/ArchiveIntermediates/Potatso/IntermediateBuildFilesPath/Pods.build/Release-iphoneos/Alamofire.build/module.modulemap (in target 'Alamofire' from project 'Pods')
    cd /Users/runner/work/Potatso/Potatso/Pods
    write-file /Users/runner/work/_temp/build/DerivedData/Build/Intermediates.noindex/ArchiveIntermediates/Potatso/IntermediateBuildFilesPath/Pods.build/Release-iphoneos/Alamofire.build/module.modulemap

Copy /Users/runner/work/_temp/build/DerivedData/Build/Intermediates.noindex/ArchiveIntermediates/Potatso/IntermediateBuildFilesPath/UninstalledProducts/iphoneos/Alamofire.framework/Modules/module.modulemap /Users/runner/work/_temp/build/DerivedData/Build/Intermediates.noindex/ArchiveIntermediates/Potatso/IntermediateBuildFilesPath/Pods.build/Release-iphoneos/Alamofire.build/module.modulemap (in target 'Alamofire' from project 'Pods')
    cd /Users/runner/work/Potatso/Potatso/Pods
    builtin-copy -exclude .DS_Store -exclude CVS -exclude .svn -exclude .git -exclude .hg -resolve-src-symlinks /Users/runner/work/_temp/build/DerivedData/Build/Intermediates.noindex/ArchiveIntermediates/Potatso/IntermediateBuildFilesPath/Pods.build/Release-iphoneos/Alamofire.build/module.modulemap /Users/runner/work/_temp/build/DerivedData/Build/Intermediates.noindex/ArchiveIntermediates/Potatso/IntermediateBuildFilesPath/UninstalledProducts/iphoneos/Alamofire.framework/Modules

CpHeader /Users/runner/work/_temp/build/DerivedData/Build/Intermediates.noindex/ArchiveIntermediates/Potatso/IntermediateBuildFilesPath/UninstalledProducts/iphoneos/Alamofire.framework/Headers/Alamofire-umbrella.h /Users/runner/work/Potatso/Potatso/Pods/Target\ Support\ Files/Alamofire/Alamofire-umbrella.h (in target 'Alamofire' from project 'Pods')
    cd /Users/runner/work/Potatso/Potatso/Pods
    builtin-copy -exclude .DS_Store -exclude CVS -exclude .svn -exclude .git -exclude .hg -resolve-src-symlinks /Users/runner/work/Potatso/Potatso/Pods/Target\ Support\ Files/Alamofire/Alamofire-umbrella.h /Users/runner/work/_temp/build/DerivedData/Build/Intermediates.noindex/ArchiveIntermediates/Potatso/IntermediateBuildFilesPath/UninstalledProducts/iphoneos/Alamofire.framework/Headers

ProcessInfoPlistFile /Users/runner/work/_temp/build/DerivedData/Build/Intermediates.noindex/ArchiveIntermediates/Potatso/IntermediateBuildFilesPath/UninstalledProducts/iphoneos/Alamofire.framework/Info.plist /Users/runner/work/Potatso/Potatso/Pods/Target\ Support\ Files/Alamofire/Alamofire-Info.plist (in target 'Alamofire' from project 'Pods')
    cd /Users/runner/work/Potatso/Potatso/Pods
    builtin-infoPlistUtility /Users/runner/work/Potatso/Potatso/Pods/Target\ Support\ Files/Alamofire/Alamofire-Info.plist -producttype com.apple.product-type.framework -expandbuildsettings -format binary -platform iphoneos -requiredArchitecture arm64 -o /Users/runner/work/_temp/build/DerivedData/Build/Intermediates.noindex/ArchiveIntermediates/Potatso/IntermediateBuildFilesPath/UninstalledProducts/iphoneos/Alamofire.framework/Info.plist

SetMode u+w,go-w,a+rX /Users/runner/work/_temp/build/DerivedData/Build/Intermediates.noindex/ArchiveIntermediates/Potatso/IntermediateBuildFilesPath/UninstalledProducts/iphoneos/Appirater.bundle (in target 'Appirater-Appirater' from project 'Pods')
    cd /Users/runner/work/Potatso/Potatso/Pods
    /bin/chmod -RH u+w,go-w,a+rX /Users/runner/work/_temp/build/DerivedData/Build/Intermediates.noindex/ArchiveIntermediates/Potatso/IntermediateBuildFilesPath/UninstalledProducts/iphoneos/Appirater.bundle

WriteAuxiliaryFile /Users/runner/work/_temp/build/DerivedData/Build/Intermediates.noindex/ArchiveIntermediates/Potatso/IntermediateBuildFilesPath/Pods.build/Release-iphoneos/Alamofire.build/Objects-normal/arm64/Alamofire.LinkFileList (in target 'Alamofire' from project 'Pods')
    cd /Users/runner/work/Potatso/Potatso/Pods
    write-file /Users/runner/work/_temp/build/DerivedData/Build/Intermediates.noindex/ArchiveIntermediates/Potatso/IntermediateBuildFilesPath/Pods.build/Release-iphoneos/Alamofire.build/Objects-normal/arm64/Alamofire.LinkFileList

WriteAuxiliaryFile /Users/runner/work/_temp/build/DerivedData/Build/Intermediates.noindex/ArchiveIntermediates/Potatso/IntermediateBuildFilesPath/Pods.build/Release-iphoneos/Alamofire.build/Objects-normal/arm64/e6072d4f65d7061329687fe24e3d63a7-common-args.resp (in target 'Alamofire' from project 'Pods')
    cd /Users/runner/work/Potatso/Potatso/Pods
    write-file /Users/runner/work/_temp/build/DerivedData/Build/Intermediates.noindex/ArchiveIntermediates/Potatso/IntermediateBuildFilesPath/Pods.build/Release-iphoneos/Alamofire.build/Objects-normal/arm64/e6072d4f65d7061329687fe24e3d63a7-common-args.resp
-target arm64-apple-ios12.0 '-std=gnu11' -fobjc-arc -fobjc-weak -fmodules -gmodules '-fmodules-cache-path=/Users/runner/work/_temp/build/DerivedData/ModuleCache.noindex' '-fmodule-name=Alamofire' -fpascal-strings -Os -fno-common '-DPOD_CONFIGURATION_RELEASE=1' '-DCOCOAPODS=1' '-DNS_BLOCK_ASSERTIONS=1' '-DOBJC_OLD_DISPATCH_PROTOTYPES=0' -isysroot /Applications/Xcode_15.4.app/Contents/Developer/Platforms/iPhoneOS.platform/Developer/SDKs/iPhoneOS17.5.sdk -g -iquote /Users/runner/work/_temp/build/DerivedData/Build/Intermediates.noindex/ArchiveIntermediates/Potatso/IntermediateBuildFilesPath/Pods.build/Release-iphoneos/Alamofire.build/Alamofire-generated-files.hmap -I/Users/runner/work/_temp/build/DerivedData/Build/Intermediates.noindex/ArchiveIntermediates/Potatso/IntermediateBuildFilesPath/Pods.build/Release-iphoneos/Alamofire.build/Alamofire-own-target-headers.hmap -I/Users/runner/work/_temp/build/DerivedData/Build/Intermediates.noindex/ArchiveIntermediates/Potatso/IntermediateBuildFilesPath/Pods.build/Release-iphoneos/Alamofire.build/Alamofire-all-non-framework-target-headers.hmap -ivfsoverlay /Users/runner/work/_temp/build/DerivedData/Build/Intermediates.noindex/ArchiveIntermediates/Potatso/IntermediateBuildFilesPath/Pods.build/Release-iphoneos/Alamofire.build/all-product-headers.yaml -iquote /Users/runner/work/_temp/build/DerivedData/Build/Intermediates.noindex/ArchiveIntermediates/Potatso/IntermediateBuildFilesPath/Pods.build/Release-iphoneos/Alamofire.build/Alamofire-project-headers.hmap -I/Users/runner/work/_temp/build/DerivedData/Build/Intermediates.noindex/ArchiveIntermediates/Potatso/BuildProductsPath/Release-iphoneos/Alamofire/include -I/Users/runner/work/_temp/build/DerivedData/Build/Intermediates.noindex/ArchiveIntermediates/Potatso/IntermediateBuildFilesPath/Pods.build/Release-iphoneos/Alamofire.build/DerivedSources-normal/arm64 -I/Users/runner/work/_temp/build/DerivedData/Build/Intermediates.noindex/ArchiveIntermediates/Potatso/IntermediateBuildFilesPath/Pods.build/Release-iphoneos/Alamofire.build/DerivedSources/arm64 -I/Users/runner/work/_temp/build/DerivedData/Build/Intermediates.noindex/ArchiveIntermediates/Potatso/IntermediateBuildFilesPath/Pods.build/Release-iphoneos/Alamofire.build/DerivedSources -F/Users/runner/work/_temp/build/DerivedData/Build/Intermediates.noindex/ArchiveIntermediates/Potatso/BuildProductsPath/Release-iphoneos/Alamofire

WriteAuxiliaryFile /Users/runner/work/_temp/build/DerivedData/Build/Intermediates.noindex/ArchiveIntermediates/Potatso/IntermediateBuildFilesPath/Pods.build/Release-iphoneos/Alamofire.build/Objects-normal/arm64/Alamofire_const_extract_protocols.json (in target 'Alamofire' from project 'Pods')
    cd /Users/runner/work/Potatso/Potatso/Pods
    write-file /Users/runner/work/_temp/build/DerivedData/Build/Intermediates.noindex/ArchiveIntermediates/Potatso/IntermediateBuildFilesPath/Pods.build/Release-iphoneos/Alamofire.build/Objects-normal/arm64/Alamofire_const_extract_protocols.json

WriteAuxiliaryFile /Users/runner/work/_temp/build/DerivedData/Build/Intermediates.noindex/ArchiveIntermediates/Potatso/IntermediateBuildFilesPath/Pods.build/Release-iphoneos/Alamofire.build/Objects-normal/arm64/Alamofire.SwiftFileList (in target 'Alamofire' from project 'Pods')
    cd /Users/runner/work/Potatso/Potatso/Pods
    write-file /Users/runner/work/_temp/build/DerivedData/Build/Intermediates.noindex/ArchiveIntermediates/Potatso/IntermediateBuildFilesPath/Pods.build/Release-iphoneos/Alamofire.build/Objects-normal/arm64/Alamofire.SwiftFileList

WriteAuxiliaryFile /Users/runner/work/_temp/build/DerivedData/Build/Intermediates.noindex/ArchiveIntermediates/Potatso/IntermediateBuildFilesPath/Pods.build/Release-iphoneos/Alamofire.build/Objects-normal/arm64/Alamofire-OutputFileMap.json (in target 'Alamofire' from project 'Pods')
    cd /Users/runner/work/Potatso/Potatso/Pods
    write-file /Users/runner/work/_temp/build/DerivedData/Build/Intermediates.noindex/ArchiveIntermediates/Potatso/IntermediateBuildFilesPath/Pods.build/Release-iphoneos/Alamofire.build/Objects-normal/arm64/Alamofire-OutputFileMap.json

WriteAuxiliaryFile /Users/runner/work/_temp/build/DerivedData/Build/Intermediates.noindex/ArchiveIntermediates/Potatso/IntermediateBuildFilesPath/Pods.build/Release-iphoneos/Alamofire.build/Objects-normal/arm64/7187679823f38a2a940e0043cdf9d637-common-args.resp (in target 'Alamofire' from project 'Pods')
    cd /Users/runner/work/Potatso/Potatso/Pods
    write-file /Users/runner/work/_temp/build/DerivedData/Build/Intermediates.noindex/ArchiveIntermediates/Potatso/IntermediateBuildFilesPath/Pods.build/Release-iphoneos/Alamofire.build/Objects-normal/arm64/7187679823f38a2a940e0043cdf9d637-common-args.resp
-target arm64-apple-ios12.0 '-std=gnu11' -fmodules -gmodules '-fmodules-cache-path=/Users/runner/work/_temp/build/DerivedData/ModuleCache.noindex' '-fmodule-name=Alamofire' -fpascal-strings -Os -fno-common '-DPOD_CONFIGURATION_RELEASE=1' '-DCOCOAPODS=1' -isysroot /Applications/Xcode_15.4.app/Contents/Developer/Platforms/iPhoneOS.platform/Developer/SDKs/iPhoneOS17.5.sdk -g -iquote /Users/runner/work/_temp/build/DerivedData/Build/Intermediates.noindex/ArchiveIntermediates/Potatso/IntermediateBuildFilesPath/Pods.build/Release-iphoneos/Alamofire.build/Alamofire-generated-files.hmap -I/Users/runner/work/_temp/build/DerivedData/Build/Intermediates.noindex/ArchiveIntermediates/Potatso/IntermediateBuildFilesPath/Pods.build/Release-iphoneos/Alamofire.build/Alamofire-own-target-headers.hmap -I/Users/runner/work/_temp/build/DerivedData/Build/Intermediates.noindex/ArchiveIntermediates/Potatso/IntermediateBuildFilesPath/Pods.build/Release-iphoneos/Alamofire.build/Alamofire-all-non-framework-target-headers.hmap -ivfsoverlay /Users/runner/work/_temp/build/DerivedData/Build/Intermediates.noindex/ArchiveIntermediates/Potatso/IntermediateBuildFilesPath/Pods.build/Release-iphoneos/Alamofire.build/all-product-headers.yaml -iquote /Users/runner/work/_temp/build/DerivedData/Build/Intermediates.noindex/ArchiveIntermediates/Potatso/IntermediateBuildFilesPath/Pods.build/Release-iphoneos/Alamofire.build/Alamofire-project-headers.hmap -I/Users/runner/work/_temp/build/DerivedData/Build/Intermediates.noindex/ArchiveIntermediates/Potatso/BuildProductsPath/Release-iphoneos/Alamofire/include -I/Users/runner/work/_temp/build/DerivedData/Build/Intermediates.noindex/ArchiveIntermediates/Potatso/IntermediateBuildFilesPath/Pods.build/Release-iphoneos/Alamofire.build/DerivedSources-normal/arm64 -I/Users/runner/work/_temp/build/DerivedData/Build/Intermediates.noindex/ArchiveIntermediates/Potatso/IntermediateBuildFilesPath/Pods.build/Release-iphoneos/Alamofire.build/DerivedSources/arm64 -I/Users/runner/work/_temp/build/DerivedData/Build/Intermediates.noindex/ArchiveIntermediates/Potatso/IntermediateBuildFilesPath/Pods.build/Release-iphoneos/Alamofire.build/DerivedSources -F/Users/runner/work/_temp/build/DerivedData/Build/Intermediates.noindex/ArchiveIntermediates/Potatso/BuildProductsPath/Release-iphoneos/Alamofire

WriteAuxiliaryFile /Users/runner/work/_temp/build/DerivedData/Build/Intermediates.noindex/ArchiveIntermediates/Potatso/IntermediateBuildFilesPath/Pods.build/Release-iphoneos/Alamofire.build/DerivedSources/Alamofire_vers.c (in target 'Alamofire' from project 'Pods')
    cd /Users/runner/work/Potatso/Potatso/Pods
    write-file /Users/runner/work/_temp/build/DerivedData/Build/Intermediates.noindex/ArchiveIntermediates/Potatso/IntermediateBuildFilesPath/Pods.build/Release-iphoneos/Alamofire.build/DerivedSources/Alamofire_vers.c

RegisterExecutionPolicyException /Users/runner/work/_temp/build/DerivedData/Build/Intermediates.noindex/ArchiveIntermediates/Potatso/IntermediateBuildFilesPath/UninstalledProducts/iphoneos/Appirater.bundle (in target 'Appirater-Appirater' from project 'Pods')
    cd /Users/runner/work/Potatso/Potatso/Pods
    builtin-RegisterExecutionPolicyException /Users/runner/work/_temp/build/DerivedData/Build/Intermediates.noindex/ArchiveIntermediates/Potatso/IntermediateBuildFilesPath/UninstalledProducts/iphoneos/Appirater.bundle

Touch /Users/runner/work/_temp/build/DerivedData/Build/Intermediates.noindex/ArchiveIntermediates/Potatso/IntermediateBuildFilesPath/UninstalledProducts/iphoneos/Appirater.bundle (in target 'Appirater-Appirater' from project 'Pods')
    cd /Users/runner/work/Potatso/Potatso/Pods
    /usr/bin/touch -c /Users/runner/work/_temp/build/DerivedData/Build/Intermediates.noindex/ArchiveIntermediates/Potatso/IntermediateBuildFilesPath/UninstalledProducts/iphoneos/Appirater.bundle

ProcessInfoPlistFile /Users/runner/work/_temp/build/DerivedData/Build/Intermediates.noindex/ArchiveIntermediates/Potatso/IntermediateBuildFilesPath/UninstalledProducts/iphoneos/Appirater.framework/Info.plist /Users/runner/work/Potatso/Potatso/Pods/Target\ Support\ Files/Appirater/Appirater-Info.plist (in target 'Appirater' from project 'Pods')
    cd /Users/runner/work/Potatso/Potatso/Pods
    builtin-infoPlistUtility /Users/runner/work/Potatso/Potatso/Pods/Target\ Support\ Files/Appirater/Appirater-Info.plist -producttype com.apple.product-type.framework -expandbuildsettings -format binary -platform iphoneos -requiredArchitecture arm64 -o /Users/runner/work/_temp/build/DerivedData/Build/Intermediates.noindex/ArchiveIntermediates/Potatso/IntermediateBuildFilesPath/UninstalledProducts/iphoneos/Appirater.framework/Info.plist

CpResource /Users/runner/work/_temp/build/DerivedData/Build/Intermediates.noindex/ArchiveIntermediates/Potatso/IntermediateBuildFilesPath/UninstalledProducts/iphoneos/Appirater.framework/Appirater.bundle /Users/runner/work/_temp/build/DerivedData/Build/Intermediates.noindex/ArchiveIntermediates/Potatso/BuildProductsPath/Release-iphoneos/Appirater/Appirater.bundle (in target 'Appirater' from project 'Pods')
    cd /Users/runner/work/Potatso/Potatso/Pods
    builtin-copy -exclude .DS_Store -exclude CVS -exclude .svn -exclude .git -exclude .hg -resolve-src-symlinks /Users/runner/work/_temp/build/DerivedData/Build/Intermediates.noindex/ArchiveIntermediates/Potatso/BuildProductsPath/Release-iphoneos/Appirater/Appirater.bundle /Users/runner/work/_temp/build/DerivedData/Build/Intermediates.noindex/ArchiveIntermediates/Potatso/IntermediateBuildFilesPath/UninstalledProducts/iphoneos/Appirater.framework

WriteAuxiliaryFile /Users/runner/work/_temp/build/DerivedData/Build/Intermediates.noindex/ArchiveIntermediates/Potatso/IntermediateBuildFilesPath/Pods.build/Release-iphoneos/Appirater.build/Objects-normal/arm64/Appirater.LinkFileList (in target 'Appirater' from project 'Pods')
    cd /Users/runner/work/Potatso/Potatso/Pods
    write-file /Users/runner/work/_temp/build/DerivedData/Build/Intermediates.noindex/ArchiveIntermediates/Potatso/IntermediateBuildFilesPath/Pods.build/Release-iphoneos/Appirater.build/Objects-normal/arm64/Appirater.LinkFileList

CompileC /Users/runner/work/_temp/build/DerivedData/Build/Intermediates.noindex/ArchiveIntermediates/Potatso/IntermediateBuildFilesPath/Pods.build/Release-iphoneos/YAML-Framework.build/Objects-normal/arm64/YAML_Framework_vers.o /Users/runner/work/_temp/build/DerivedData/Build/Intermediates.noindex/ArchiveIntermediates/Potatso/IntermediateBuildFilesPath/Pods.build/Release-iphoneos/YAML-Framework.build/DerivedSources/YAML_Framework_vers.c normal arm64 c com.apple.compilers.llvm.clang.1_0.compiler (in target 'YAML-Framework' from project 'Pods')
    cd /Users/runner/work/Potatso/Potatso/Pods
    /Applications/Xcode_15.4.app/Contents/Developer/Toolchains/XcodeDefault.xctoolchain/usr/bin/clang -x c -ivfsstatcache /Users/runner/work/_temp/build/DerivedData/SDKStatCaches.noindex/iphoneos17.5-21F77-f0fa7969d082b13145125136a829df3a.sdkstatcache -fmessage-length\=0 -fdiagnostics-show-note-include-stack -fmacro-backtrace-limit\=0 -fno-color-diagnostics -fmodules-prune-interval\=86400 -fmodules-prune-after\=345600 -fbuild-session-file\=/Users/runner/work/_temp/build/DerivedData/ModuleCache.noindex/Session.modulevalidation -fmodules-validate-once-per-build-session -Wnon-modular-include-in-framework-module -Werror\=non-modular-include-in-framework-module -Wno-trigraphs -Wno-missing-field-initializers -Wno-missing-prototypes -Werror\=return-type -Wdocumentation -Wunreachable-code -Werror\=deprecated-objc-isa-usage -Werror\=objc-root-class -Wno-missing-braces -Wparentheses -Wswitch -Wunused-function -Wno-unused-label -Wno-unused-parameter -Wunused-variable -Wunused-value -Wempty-body -Wuninitialized -Wconditional-uninitialized -Wno-unknown-pragmas -Wno-shadow -Wno-four-char-constants -Wno-conversion -Wconstant-conversion -Wint-conversion -Wbool-conversion -Wenum-conversion -Wno-float-conversion -Wnon-literal-null-conversion -Wobjc-literal-conversion -Wshorten-64-to-32 -Wpointer-sign -Wno-newline-eof -Wno-implicit-fallthrough -fstrict-aliasing -Wdeprecated-declarations -Wno-sign-conversion -Winfinite-recursion -Wcomma -Wblock-capture-autoreleasing -Wstrict-prototypes -Wno-semicolon-before-method-body -Wunguarded-availability @/Users/runner/work/_temp/build/DerivedData/Build/Intermediates.noindex/ArchiveIntermediates/Potatso/IntermediateBuildFilesPath/Pods.build/Release-iphoneos/YAML-Framework.build/Objects-normal/arm64/7187679823f38a2a940e0043cdf9d637-common-args.resp -MMD -MT dependencies -MF /Users/runner/work/_temp/build/DerivedData/Build/Intermediates.noindex/ArchiveIntermediates/Potatso/IntermediateBuildFilesPath/Pods.build/Release-iphoneos/YAML-Framework.build/Objects-normal/arm64/YAML_Framework_vers.d --serialize-diagnostics /Users/runner/work/_temp/build/DerivedData/Build/Intermediates.noindex/ArchiveIntermediates/Potatso/IntermediateBuildFilesPath/Pods.build/Release-iphoneos/YAML-Framework.build/Objects-normal/arm64/YAML_Framework_vers.dia -c /Users/runner/work/_temp/build/DerivedData/Build/Intermediates.noindex/ArchiveIntermediates/Potatso/IntermediateBuildFilesPath/Pods.build/Release-iphoneos/YAML-Framework.build/DerivedSources/YAML_Framework_vers.c -o /Users/runner/work/_temp/build/DerivedData/Build/Intermediates.noindex/ArchiveIntermediates/Potatso/IntermediateBuildFilesPath/Pods.build/Release-iphoneos/YAML-Framework.build/Objects-normal/arm64/YAML_Framework_vers.o

CompileC /Users/runner/work/_temp/build/DerivedData/Build/Intermediates.noindex/ArchiveIntermediates/Potatso/IntermediateBuildFilesPath/Pods.build/Release-iphoneos/YAML-Framework.build/Objects-normal/arm64/YAML-Framework-dummy.o /Users/runner/work/Potatso/Potatso/Pods/Target\ Support\ Files/YAML-Framework/YAML-Framework-dummy.m normal arm64 objective-c com.apple.compilers.llvm.clang.1_0.compiler (in target 'YAML-Framework' from project 'Pods')
    cd /Users/runner/work/Potatso/Potatso/Pods
    /Applications/Xcode_15.4.app/Contents/Developer/Toolchains/XcodeDefault.xctoolchain/usr/bin/clang -x objective-c -ivfsstatcache /Users/runner/work/_temp/build/DerivedData/SDKStatCaches.noindex/iphoneos17.5-21F77-f0fa7969d082b13145125136a829df3a.sdkstatcache -fmessage-length\=0 -fdiagnostics-show-note-include-stack -fmacro-backtrace-limit\=0 -fno-color-diagnostics -fmodules-prune-interval\=86400 -fmodules-prune-after\=345600 -fbuild-session-file\=/Users/runner/work/_temp/build/DerivedData/ModuleCache.noindex/Session.modulevalidation -fmodules-validate-once-per-build-session -Wnon-modular-include-in-framework-module -Werror\=non-modular-include-in-framework-module -Wno-trigraphs -Wno-missing-field-initializers -Wno-missing-prototypes -Werror\=return-type -Wdocumentation -Wunreachable-code -Wno-implicit-atomic-properties -Werror\=deprecated-objc-isa-usage -Wno-objc-interface-ivars -Werror\=objc-root-class -Wno-arc-repeated-use-of-weak -Wimplicit-retain-self -Wduplicate-method-match -Wno-missing-braces -Wparentheses -Wswitch -Wunused-function -Wno-unused-label -Wno-unused-parameter -Wunused-variable -Wunused-value -Wempty-body -Wuninitialized -Wconditional-uninitialized -Wno-unknown-pragmas -Wno-shadow -Wno-four-char-constants -Wno-conversion -Wconstant-conversion -Wint-conversion -Wbool-conversion -Wenum-conversion -Wno-float-conversion -Wnon-literal-null-conversion -Wobjc-literal-conversion -Wshorten-64-to-32 -Wpointer-sign -Wno-newline-eof -Wno-selector -Wno-strict-selector-match -Wundeclared-selector -Wdeprecated-implementations -Wno-implicit-fallthrough -fstrict-aliasing -Wprotocol -Wdeprecated-declarations -Wno-sign-conversion -Winfinite-recursion -Wcomma -Wblock-capture-autoreleasing -Wstrict-prototypes -Wno-semicolon-before-method-body -Wunguarded-availability @/Users/runner/work/_temp/build/DerivedData/Build/Intermediates.noindex/ArchiveIntermediates/Potatso/IntermediateBuildFilesPath/Pods.build/Release-iphoneos/YAML-Framework.build/Objects-normal/arm64/e6072d4f65d7061329687fe24e3d63a7-common-args.resp -include /Users/runner/work/Potatso/Potatso/Pods/Target\ Support\ Files/YAML-Framework/YAML-Framework-prefix.pch -MMD -MT dependencies -MF /Users/runner/work/_temp/build/DerivedData/Build/Intermediates.noindex/ArchiveIntermediates/Potatso/IntermediateBuildFilesPath/Pods.build/Release-iphoneos/YAML-Framework.build/Objects-normal/arm64/YAML-Framework-dummy.d --serialize-diagnostics /Users/runner/work/_temp/build/DerivedData/Build/Intermediates.noindex/ArchiveIntermediates/Potatso/IntermediateBuildFilesPath/Pods.build/Release-iphoneos/YAML-Framework.build/Objects-normal/arm64/YAML-Framework-dummy.dia -c /Users/runner/work/Potatso/Potatso/Pods/Target\ Support\ Files/YAML-Framework/YAML-Framework-dummy.m -o /Users/runner/work/_temp/build/DerivedData/Build/Intermediates.noindex/ArchiveIntermediates/Potatso/IntermediateBuildFilesPath/Pods.build/Release-iphoneos/YAML-Framework.build/Objects-normal/arm64/YAML-Framework-dummy.o

CompileC /Users/runner/work/_temp/build/DerivedData/Build/Intermediates.noindex/ArchiveIntermediates/Potatso/IntermediateBuildFilesPath/Pods.build/Release-iphoneos/YAML-Framework.build/Objects-normal/arm64/YAMLSerialization.o /Users/runner/work/Potatso/Potatso/Library/YAML-Framework/YAMLSerialization.m normal arm64 objective-c com.apple.compilers.llvm.clang.1_0.compiler (in target 'YAML-Framework' from project 'Pods')
    cd /Users/runner/work/Potatso/Potatso/Pods
    /Applications/Xcode_15.4.app/Contents/Developer/Toolchains/XcodeDefault.xctoolchain/usr/bin/clang -x objective-c -ivfsstatcache /Users/runner/work/_temp/build/DerivedData/SDKStatCaches.noindex/iphoneos17.5-21F77-f0fa7969d082b13145125136a829df3a.sdkstatcache -fmessage-length\=0 -fdiagnostics-show-note-include-stack -fmacro-backtrace-limit\=0 -fno-color-diagnostics -fmodules-prune-interval\=86400 -fmodules-prune-after\=345600 -fbuild-session-file\=/Users/runner/work/_temp/build/DerivedData/ModuleCache.noindex/Session.modulevalidation -fmodules-validate-once-per-build-session -Wnon-modular-include-in-framework-module -Werror\=non-modular-include-in-framework-module -Wno-trigraphs -Wno-missing-field-initializers -Wno-missing-prototypes -Werror\=return-type -Wdocumentation -Wunreachable-code -Wno-implicit-atomic-properties -Werror\=deprecated-objc-isa-usage -Wno-objc-interface-ivars -Werror\=objc-root-class -Wno-arc-repeated-use-of-weak -Wimplicit-retain-self -Wduplicate-method-match -Wno-missing-braces -Wparentheses -Wswitch -Wunused-function -Wno-unused-label -Wno-unused-parameter -Wunused-variable -Wunused-value -Wempty-body -Wuninitialized -Wconditional-uninitialized -Wno-unknown-pragmas -Wno-shadow -Wno-four-char-constants -Wno-conversion -Wconstant-conversion -Wint-conversion -Wbool-conversion -Wenum-conversion -Wno-float-conversion -Wnon-literal-null-conversion -Wobjc-literal-conversion -Wshorten-64-to-32 -Wpointer-sign -Wno-newline-eof -Wno-selector -Wno-strict-selector-match -Wundeclared-selector -Wdeprecated-implementations -Wno-implicit-fallthrough -fstrict-aliasing -Wprotocol -Wdeprecated-declarations -Wno-sign-conversion -Winfinite-recursion -Wcomma -Wblock-capture-autoreleasing -Wstrict-prototypes -Wno-semicolon-before-method-body -Wunguarded-availability @/Users/runner/work/_temp/build/DerivedData/Build/Intermediates.noindex/ArchiveIntermediates/Potatso/IntermediateBuildFilesPath/Pods.build/Release-iphoneos/YAML-Framework.build/Objects-normal/arm64/e6072d4f65d7061329687fe24e3d63a7-common-args.resp -fno-objc-arc -w -Xanalyzer -analyzer-disable-all-checks -include /Users/runner/work/Potatso/Potatso/Pods/Target\ Support\ Files/YAML-Framework/YAML-Framework-prefix.pch -MMD -MT dependencies -MF /Users/runner/work/_temp/build/DerivedData/Build/Intermediates.noindex/ArchiveIntermediates/Potatso/IntermediateBuildFilesPath/Pods.build/Release-iphoneos/YAML-Framework.build/Objects-normal/arm64/YAMLSerialization.d --serialize-diagnostics /Users/runner/work/_temp/build/DerivedData/Build/Intermediates.noindex/ArchiveIntermediates/Potatso/IntermediateBuildFilesPath/Pods.build/Release-iphoneos/YAML-Framework.build/Objects-normal/arm64/YAMLSerialization.dia -c /Users/runner/work/Potatso/Potatso/Library/YAML-Framework/YAMLSerialization.m -o /Users/runner/work/_temp/build/DerivedData/Build/Intermediates.noindex/ArchiveIntermediates/Potatso/IntermediateBuildFilesPath/Pods.build/Release-iphoneos/YAML-Framework.build/Objects-normal/arm64/YAMLSerialization.o

SwiftDriver SwiftColor normal arm64 com.apple.xcode.tools.swift.compiler (in target 'SwiftColor' from project 'Pods')
    cd /Users/runner/work/Potatso/Potatso/Pods
    builtin-SwiftDriver -- /Applications/Xcode_15.4.app/Contents/Developer/Toolchains/XcodeDefault.xctoolchain/usr/bin/swiftc -module-name SwiftColor -O -whole-module-optimization -enforce-exclusivity\=checked @/Users/runner/work/_temp/build/DerivedData/Build/Intermediates.noindex/ArchiveIntermediates/Potatso/IntermediateBuildFilesPath/Pods.build/Release-iphoneos/SwiftColor.build/Objects-normal/arm64/SwiftColor.SwiftFileList -D COCOAPODS -suppress-warnings -sdk /Applications/Xcode_15.4.app/Contents/Developer/Platforms/iPhoneOS.platform/Developer/SDKs/iPhoneOS17.5.sdk -target arm64-apple-ios12.0 -enable-bare-slash-regex -g -module-cache-path /Users/runner/work/_temp/build/DerivedData/ModuleCache.noindex -Xfrontend -serialize-debugging-options -application-extension -swift-version 4 -I /Users/runner/work/_temp/build/DerivedData/Build/Intermediates.noindex/ArchiveIntermediates/Potatso/BuildProductsPath/Release-iphoneos/SwiftColor -F /Users/runner/work/_temp/build/DerivedData/Build/Intermediates.noindex/ArchiveIntermediates/Potatso/BuildProductsPath/Release-iphoneos/SwiftColor -parse-as-library -c -num-threads 3 -Xcc -ivfsstatcache -Xcc /Users/runner/work/_temp/build/DerivedData/SDKStatCaches.noindex/iphoneos17.5-21F77-f0fa7969d082b13145125136a829df3a.sdkstatcache -output-file-map /Users/runner/work/_temp/build/DerivedData/Build/Intermediates.noindex/ArchiveIntermediates/Potatso/IntermediateBuildFilesPath/Pods.build/Release-iphoneos/SwiftColor.build/Objects-normal/arm64/SwiftColor-OutputFileMap.json -use-frontend-parseable-output -save-temps -no-color-diagnostics -serialize-diagnostics -emit-dependencies -emit-module -emit-module-path /Users/runner/work/_temp/build/DerivedData/Build/Intermediates.noindex/ArchiveIntermediates/Potatso/IntermediateBuildFilesPath/Pods.build/Release-iphoneos/SwiftColor.build/Objects-normal/arm64/SwiftColor.swiftmodule -validate-clang-modules-once -clang-build-session-file /Users/runner/work/_temp/build/DerivedData/ModuleCache.noindex/Session.modulevalidation -Xcc -I/Users/runner/work/_temp/build/DerivedData/Build/Intermediates.noindex/ArchiveIntermediates/Potatso/IntermediateBuildFilesPath/Pods.build/Release-iphoneos/SwiftColor.build/swift-overrides.hmap -emit-const-values -Xfrontend -const-gather-protocols-file -Xfrontend /Users/runner/work/_temp/build/DerivedData/Build/Intermediates.noindex/ArchiveIntermediates/Potatso/IntermediateBuildFilesPath/Pods.build/Release-iphoneos/SwiftColor.build/Objects-normal/arm64/SwiftColor_const_extract_protocols.json -Xcc -iquote -Xcc /Users/runner/work/_temp/build/DerivedData/Build/Intermediates.noindex/ArchiveIntermediates/Potatso/IntermediateBuildFilesPath/Pods.build/Release-iphoneos/SwiftColor.build/SwiftColor-generated-files.hmap -Xcc -I/Users/runner/work/_temp/build/DerivedData/Build/Intermediates.noindex/ArchiveIntermediates/Potatso/IntermediateBuildFilesPath/Pods.build/Release-iphoneos/SwiftColor.build/SwiftColor-own-target-headers.hmap -Xcc -I/Users/runner/work/_temp/build/DerivedData/Build/Intermediates.noindex/ArchiveIntermediates/Potatso/IntermediateBuildFilesPath/Pods.build/Release-iphoneos/SwiftColor.build/SwiftColor-all-non-framework-target-headers.hmap -Xcc -ivfsoverlay -Xcc /Users/runner/work/_temp/build/DerivedData/Build/Intermediates.noindex/ArchiveIntermediates/Potatso/IntermediateBuildFilesPath/Pods.build/Release-iphoneos/SwiftColor.build/all-product-headers.yaml -Xcc -iquote -Xcc /Users/runner/work/_temp/build/DerivedData/Build/Intermediates.noindex/ArchiveIntermediates/Potatso/IntermediateBuildFilesPath/Pods.build/Release-iphoneos/SwiftColor.build/SwiftColor-project-headers.hmap -Xcc -I/Users/runner/work/_temp/build/DerivedData/Build/Intermediates.noindex/ArchiveIntermediates/Potatso/BuildProductsPath/Release-iphoneos/SwiftColor/include -Xcc -I/Users/runner/work/_temp/build/DerivedData/Build/Intermediates.noindex/ArchiveIntermediates/Potatso/IntermediateBuildFilesPath/Pods.build/Release-iphoneos/SwiftColor.build/DerivedSources-normal/arm64 -Xcc -I/Users/runner/work/_temp/build/DerivedData/Build/Intermediates.noindex/ArchiveIntermediates/Potatso/IntermediateBuildFilesPath/Pods.build/Release-iphoneos/SwiftColor.build/DerivedSources/arm64 -Xcc -I/Users/runner/work/_temp/build/DerivedData/Build/Intermediates.noindex/ArchiveIntermediates/Potatso/IntermediateBuildFilesPath/Pods.build/Release-iphoneos/SwiftColor.build/DerivedSources -Xcc -DPOD_CONFIGURATION_RELEASE\=1 -Xcc -DCOCOAPODS\=1 -emit-objc-header -emit-objc-header-path /Users/runner/work/_temp/build/DerivedData/Build/Intermediates.noindex/ArchiveIntermediates/Potatso/IntermediateBuildFilesPath/Pods.build/Release-iphoneos/SwiftColor.build/Objects-normal/arm64/SwiftColor-Swift.h -import-underlying-module -Xcc -ivfsoverlay -Xcc /Users/runner/work/_temp/build/DerivedData/Build/Intermediates.noindex/ArchiveIntermediates/Potatso/IntermediateBuildFilesPath/Pods.build/Release-iphoneos/SwiftColor.build/unextended-module-overlay.yaml -working-directory /Users/runner/work/Potatso/Potatso/Pods -no-emit-module-separately-wmo

SwiftDriver PotatsoBase normal arm64 com.apple.xcode.tools.swift.compiler (in target 'PotatsoBase' from project 'Potatso')
    cd /Users/runner/work/Potatso/Potatso
    builtin-SwiftDriver -- /Applications/Xcode_15.4.app/Contents/Developer/Toolchains/XcodeDefault.xctoolchain/usr/bin/swiftc -module-name PotatsoBase -O -whole-module-optimization -enforce-exclusivity\=checked @/Users/runner/work/_temp/build/DerivedData/Build/Intermediates.noindex/ArchiveIntermediates/Potatso/IntermediateBuildFilesPath/Potatso.build/Release-iphoneos/PotatsoBase.build/Objects-normal/arm64/PotatsoBase.SwiftFileList -sdk /Applications/Xcode_15.4.app/Contents/Developer/Platforms/iPhoneOS.platform/Developer/SDKs/iPhoneOS17.5.sdk -target arm64-apple-ios9.0 -enable-bare-slash-regex -g -module-cache-path /Users/runner/work/_temp/build/DerivedData/ModuleCache.noindex -Xfrontend -serialize-debugging-options -application-extension -swift-version 4 -I /Users/runner/work/_temp/build/DerivedData/Build/Intermediates.noindex/ArchiveIntermediates/Potatso/BuildProductsPath/Release-iphoneos -F /Users/runner/work/_temp/build/DerivedData/Build/Intermediates.noindex/ArchiveIntermediates/Potatso/BuildProductsPath/Release-iphoneos -c -num-threads 3 -Xcc -ivfsstatcache -Xcc /Users/runner/work/_temp/build/DerivedData/SDKStatCaches.noindex/iphoneos17.5-21F77-f0fa7969d082b13145125136a829df3a.sdkstatcache -output-file-map /Users/runner/work/_temp/build/DerivedData/Build/Intermediates.noindex/ArchiveIntermediates/Potatso/IntermediateBuildFilesPath/Potatso.build/Release-iphoneos/PotatsoBase.build/Objects-normal/arm64/PotatsoBase-OutputFileMap.json -use-frontend-parseable-output -save-temps -no-color-diagnostics -serialize-diagnostics -emit-dependencies -emit-module -emit-module-path /Users/runner/work/_temp/build/DerivedData/Build/Intermediates.noindex/ArchiveIntermediates/Potatso/IntermediateBuildFilesPath/Potatso.build/Release-iphoneos/PotatsoBase.build/Objects-normal/arm64/PotatsoBase.swiftmodule -validate-clang-modules-once -clang-build-session-file /Users/runner/work/_temp/build/DerivedData/ModuleCache.noindex/Session.modulevalidation -Xcc -I/Users/runner/work/_temp/build/DerivedData/Build/Intermediates.noindex/ArchiveIntermediates/Potatso/IntermediateBuildFilesPath/Potatso.build/Release-iphoneos/PotatsoBase.build/swift-overrides.hmap -emit-const-values -Xfrontend -const-gather-protocols-file -Xfrontend /Users/runner/work/_temp/build/DerivedData/Build/Intermediates.noindex/ArchiveIntermediates/Potatso/IntermediateBuildFilesPath/Potatso.build/Release-iphoneos/PotatsoBase.build/Objects-normal/arm64/PotatsoBase_const_extract_protocols.json -Xcc -iquote -Xcc /Users/runner/work/_temp/build/DerivedData/Build/Intermediates.noindex/ArchiveIntermediates/Potatso/IntermediateBuildFilesPath/Potatso.build/Release-iphoneos/PotatsoBase.build/PotatsoBase-generated-files.hmap -Xcc -I/Users/runner/work/_temp/build/DerivedData/Build/Intermediates.noindex/ArchiveIntermediates/Potatso/IntermediateBuildFilesPath/Potatso.build/Release-iphoneos/PotatsoBase.build/PotatsoBase-own-target-headers.hmap -Xcc -I/Users/runner/work/_temp/build/DerivedData/Build/Intermediates.noindex/ArchiveIntermediates/Potatso/IntermediateBuildFilesPath/Potatso.build/Release-iphoneos/PotatsoBase.build/PotatsoBase-all-non-framework-target-headers.hmap -Xcc -ivfsoverlay -Xcc /Users/runner/work/_temp/build/DerivedData/Build/Intermediates.noindex/ArchiveIntermediates/Potatso/IntermediateBuildFilesPath/Potatso.build/Release-iphoneos/PotatsoBase.build/all-product-headers.yaml -Xcc -iquote -Xcc /Users/runner/work/_temp/build/DerivedData/Build/Intermediates.noindex/ArchiveIntermediates/Potatso/IntermediateBuildFilesPath/Potatso.build/Release-iphoneos/PotatsoBase.build/PotatsoBase-project-headers.hmap -Xcc -I/Users/runner/work/_temp/build/DerivedData/Build/Intermediates.noindex/ArchiveIntermediates/Potatso/BuildProductsPath/Release-iphoneos/include -Xcc -I/Users/runner/work/_temp/build/DerivedData/Build/Intermediates.noindex/ArchiveIntermediates/Potatso/IntermediateBuildFilesPath/Potatso.build/Release-iphoneos/PotatsoBase.build/DerivedSources-normal/arm64 -Xcc -I/Users/runner/work/_temp/build/DerivedData/Build/Intermediates.noindex/ArchiveIntermediates/Potatso/IntermediateBuildFilesPath/Potatso.build/Release-iphoneos/PotatsoBase.build/DerivedSources/arm64 -Xcc -I/Users/runner/work/_temp/build/DerivedData/Build/Intermediates.noindex/ArchiveIntermediates/Potatso/IntermediateBuildFilesPath/Potatso.build/Release-iphoneos/PotatsoBase.build/DerivedSources -emit-objc-header -emit-objc-header-path /Users/runner/work/_temp/build/DerivedData/Build/Intermediates.noindex/ArchiveIntermediates/Potatso/IntermediateBuildFilesPath/Potatso.build/Release-iphoneos/PotatsoBase.build/Objects-normal/arm64/PotatsoBase-Swift.h -import-underlying-module -Xcc -ivfsoverlay -Xcc /Users/runner/work/_temp/build/DerivedData/Build/Intermediates.noindex/ArchiveIntermediates/Potatso/IntermediateBuildFilesPath/Potatso.build/Release-iphoneos/PotatsoBase.build/unextended-module-overlay.yaml -working-directory /Users/runner/work/Potatso/Potatso -no-emit-module-separately-wmo

SwiftCompile normal arm64 Compiling\ SwiftColor.swift /Users/runner/work/Potatso/Potatso/Pods/SwiftColor/SwiftColor/SwiftColor.swift (in target 'SwiftColor' from project 'Pods')
    cd /Users/runner/work/Potatso/Potatso/Pods
    builtin-swiftTaskExecution -- /Applications/Xcode_15.4.app/Contents/Developer/Toolchains/XcodeDefault.xctoolchain/usr/bin/swift-frontend -frontend -c /Users/runner/work/Potatso/Potatso/Pods/SwiftColor/SwiftColor/SwiftColor.swift -emit-module-path /Users/runner/work/_temp/build/DerivedData/Build/Intermediates.noindex/ArchiveIntermediates/Potatso/IntermediateBuildFilesPath/Pods.build/Release-iphoneos/SwiftColor.build/Objects-normal/arm64/SwiftColor.swiftmodule -emit-module-doc-path /Users/runner/work/_temp/build/DerivedData/Build/Intermediates.noindex/ArchiveIntermediates/Potatso/IntermediateBuildFilesPath/Pods.build/Release-iphoneos/SwiftColor.build/Objects-normal/arm64/SwiftColor.swiftdoc -emit-module-source-info-path /Users/runner/work/_temp/build/DerivedData/Build/Intermediates.noindex/ArchiveIntermediates/Potatso/IntermediateBuildFilesPath/Pods.build/Release-iphoneos/SwiftColor.build/Objects-normal/arm64/SwiftColor.swiftsourceinfo -emit-dependencies-path /Users/runner/work/_temp/build/DerivedData/Build/Intermediates.noindex/ArchiveIntermediates/Potatso/IntermediateBuildFilesPath/Pods.build/Release-iphoneos/SwiftColor.build/Objects-normal/arm64/SwiftColor-master.d -emit-const-values-path /Users/runner/work/_temp/build/DerivedData/Build/Intermediates.noindex/ArchiveIntermediates/Potatso/IntermediateBuildFilesPath/Pods.build/Release-iphoneos/SwiftColor.build/Objects-normal/arm64/SwiftColor-master.swiftconstvalues -serialize-diagnostics-path /Users/runner/work/_temp/build/DerivedData/Build/Intermediates.noindex/ArchiveIntermediates/Potatso/IntermediateBuildFilesPath/Pods.build/Release-iphoneos/SwiftColor.build/Objects-normal/arm64/SwiftColor-master.dia -emit-objc-header-path /Users/runner/work/_temp/build/DerivedData/Build/Intermediates.noindex/ArchiveIntermediates/Potatso/IntermediateBuildFilesPath/Pods.build/Release-iphoneos/SwiftColor.build/Objects-normal/arm64/SwiftColor-Swift.h -emit-abi-descriptor-path /Users/runner/work/_temp/build/DerivedData/Build/Intermediates.noindex/ArchiveIntermediates/Potatso/IntermediateBuildFilesPath/Pods.build/Release-iphoneos/SwiftColor.build/Objects-normal/arm64/SwiftColor.abi.json -target arm64-apple-ios12.0 -Xllvm -aarch64-use-tbi -enable-objc-interop -sdk /Applications/Xcode_15.4.app/Contents/Developer/Platforms/iPhoneOS.platform/Developer/SDKs/iPhoneOS17.5.sdk -I /Users/runner/work/_temp/build/DerivedData/Build/Intermediates.noindex/ArchiveIntermediates/Potatso/BuildProductsPath/Release-iphoneos/SwiftColor -F /Users/runner/work/_temp/build/DerivedData/Build/Intermediates.noindex/ArchiveIntermediates/Potatso/BuildProductsPath/Release-iphoneos/SwiftColor -no-color-diagnostics -application-extension -g -import-underlying-module -module-cache-path /Users/runner/work/_temp/build/DerivedData/ModuleCache.noindex -suppress-warnings -swift-version 4 -enforce-exclusivity\=checked -O -D COCOAPODS -serialize-debugging-options -const-gather-protocols-file /Users/runner/work/_temp/build/DerivedData/Build/Intermediates.noindex/ArchiveIntermediates/Potatso/IntermediateBuildFilesPath/Pods.build/Release-iphoneos/SwiftColor.build/Objects-normal/arm64/SwiftColor_const_extract_protocols.json -enable-bare-slash-regex -empty-abi-descriptor -validate-clang-modules-once -clang-build-session-file /Users/runner/work/_temp/build/DerivedData/ModuleCache.noindex/Session.modulevalidation -Xcc -working-directory -Xcc /Users/runner/work/Potatso/Potatso/Pods -resource-dir /Applications/Xcode_15.4.app/Contents/Developer/Toolchains/XcodeDefault.xctoolchain/usr/lib/swift -Xcc -ivfsstatcache -Xcc /Users/runner/work/_temp/build/DerivedData/SDKStatCaches.noindex/iphoneos17.5-21F77-f0fa7969d082b13145125136a829df3a.sdkstatcache -Xcc -I/Users/runner/work/_temp/build/DerivedData/Build/Intermediates.noindex/ArchiveIntermediates/Potatso/IntermediateBuildFilesPath/Pods.build/Release-iphoneos/SwiftColor.build/swift-overrides.hmap -Xcc -iquote -Xcc /Users/runner/work/_temp/build/DerivedData/Build/Intermediates.noindex/ArchiveIntermediates/Potatso/IntermediateBuildFilesPath/Pods.build/Release-iphoneos/SwiftColor.build/SwiftColor-generated-files.hmap -Xcc -I/Users/runner/work/_temp/build/DerivedData/Build/Intermediates.noindex/ArchiveIntermediates/Potatso/IntermediateBuildFilesPath/Pods.build/Release-iphoneos/SwiftColor.build/SwiftColor-own-target-headers.hmap -Xcc -I/Users/runner/work/_temp/build/DerivedData/Build/Intermediates.noindex/ArchiveIntermediates/Potatso/IntermediateBuildFilesPath/Pods.build/Release-iphoneos/SwiftColor.build/SwiftColor-all-non-framework-target-headers.hmap -Xcc -ivfsoverlay -Xcc /Users/runner/work/_temp/build/DerivedData/Build/Intermediates.noindex/ArchiveIntermediates/Potatso/IntermediateBuildFilesPath/Pods.build/Release-iphoneos/SwiftColor.build/all-product-headers.yaml -Xcc -iquote -Xcc /Users/runner/work/_temp/build/DerivedData/Build/Intermediates.noindex/ArchiveIntermediates/Potatso/IntermediateBuildFilesPath/Pods.build/Release-iphoneos/SwiftColor.build/SwiftColor-project-headers.hmap -Xcc -I/Users/runner/work/_temp/build/DerivedData/Build/Intermediates.noindex/ArchiveIntermediates/Potatso/BuildProductsPath/Release-iphoneos/SwiftColor/include -Xcc -I/Users/runner/work/_temp/build/DerivedData/Build/Intermediates.noindex/ArchiveIntermediates/Potatso/IntermediateBuildFilesPath/Pods.build/Release-iphoneos/SwiftColor.build/DerivedSources-normal/arm64 -Xcc -I/Users/runner/work/_temp/build/DerivedData/Build/Intermediates.noindex/ArchiveIntermediates/Potatso/IntermediateBuildFilesPath/Pods.build/Release-iphoneos/SwiftColor.build/DerivedSources/arm64 -Xcc -I/Users/runner/work/_temp/build/DerivedData/Build/Intermediates.noindex/ArchiveIntermediates/Potatso/IntermediateBuildFilesPath/Pods.build/Release-iphoneos/SwiftColor.build/DerivedSources -Xcc -DPOD_CONFIGURATION_RELEASE\=1 -Xcc -DCOCOAPODS\=1 -Xcc -ivfsoverlay -Xcc /Users/runner/work/_temp/build/DerivedData/Build/Intermediates.noindex/ArchiveIntermediates/Potatso/IntermediateBuildFilesPath/Pods.build/Release-iphoneos/SwiftColor.build/unextended-module-overlay.yaml -module-name SwiftColor -frontend-parseable-output -disable-clang-spi -target-sdk-version 17.5 -target-sdk-name iphoneos17.5 -external-plugin-path /Applications/Xcode_15.4.app/Contents/Developer/Platforms/iPhoneOS.platform/Developer/SDKs/iPhoneOS17.5.sdk/usr/lib/swift/host/plugins\#/Applications/Xcode_15.4.app/Contents/Developer/Platforms/iPhoneOS.platform/Developer/SDKs/iPhoneOS17.5.sdk/usr/bin/swift-plugin-server -external-plugin-path /Applications/Xcode_15.4.app/Contents/Developer/Platforms/iPhoneOS.platform/Developer/SDKs/iPhoneOS17.5.sdk/usr/local/lib/swift/host/plugins\#/Applications/Xcode_15.4.app/Contents/Developer/Platforms/iPhoneOS.platform/Developer/SDKs/iPhoneOS17.5.sdk/usr/bin/swift-plugin-server -external-plugin-path /Applications/Xcode_15.4.app/Contents/Developer/Platforms/iPhoneOS.platform/Developer/usr/lib/swift/host/plugins\#/Applications/Xcode_15.4.app/Contents/Developer/Platforms/iPhoneOS.platform/Developer/usr/bin/swift-plugin-server -external-plugin-path /Applications/Xcode_15.4.app/Contents/Developer/Platforms/iPhoneOS.platform/Developer/usr/local/lib/swift/host/plugins\#/Applications/Xcode_15.4.app/Contents/Developer/Platforms/iPhoneOS.platform/Developer/usr/bin/swift-plugin-server -plugin-path /Applications/Xcode_15.4.app/Contents/Developer/Toolchains/XcodeDefault.xctoolchain/usr/lib/swift/host/plugins -plugin-path /Applications/Xcode_15.4.app/Contents/Developer/Toolchains/XcodeDefault.xctoolchain/usr/local/lib/swift/host/plugins -enable-default-cmo -parse-as-library -num-threads 3 -o /Users/runner/work/_temp/build/DerivedData/Build/Intermediates.noindex/ArchiveIntermediates/Potatso/IntermediateBuildFilesPath/Pods.build/Release-iphoneos/SwiftColor.build/Objects-normal/arm64/SwiftColor.o -index-unit-output-path /Pods.build/Release-iphoneos/SwiftColor.build/Objects-normal/arm64/SwiftColor.o
SwiftCompile normal arm64 /Users/runner/work/Potatso/Potatso/Pods/SwiftColor/SwiftColor/SwiftColor.swift (in target 'SwiftColor' from project 'Pods')
    cd /Users/runner/work/Potatso/Potatso/Pods
    /Applications/Xcode_15.4.app/Contents/Developer/Toolchains/XcodeDefault.xctoolchain/usr/bin/swift-frontend -c /Users/runner/work/Potatso/Potatso/Pods/SwiftColor/SwiftColor/SwiftColor.swift -emit-module-path /Users/runner/work/_temp/build/DerivedData/Build/Intermediates.noindex/ArchiveIntermediates/Potatso/IntermediateBuildFilesPath/Pods.build/Release-iphoneos/SwiftColor.build/Objects-normal/arm64/SwiftColor.swiftmodule -emit-module-doc-path /Users/runner/work/_temp/build/DerivedData/Build/Intermediates.noindex/ArchiveIntermediates/Potatso/IntermediateBuildFilesPath/Pods.build/Release-iphoneos/SwiftColor.build/Objects-normal/arm64/SwiftColor.swiftdoc -emit-module-source-info-path /Users/runner/work/_temp/build/DerivedData/Build/Intermediates.noindex/ArchiveIntermediates/Potatso/IntermediateBuildFilesPath/Pods.build/Release-iphoneos/SwiftColor.build/Objects-normal/arm64/SwiftColor.swiftsourceinfo -emit-dependencies-path /Users/runner/work/_temp/build/DerivedData/Build/Intermediates.noindex/ArchiveIntermediates/Potatso/IntermediateBuildFilesPath/Pods.build/Release-iphoneos/SwiftColor.build/Objects-normal/arm64/SwiftColor-master.d -emit-const-values-path /Users/runner/work/_temp/build/DerivedData/Build/Intermediates.noindex/ArchiveIntermediates/Potatso/IntermediateBuildFilesPath/Pods.build/Release-iphoneos/SwiftColor.build/Objects-normal/arm64/SwiftColor-master.swiftconstvalues -serialize-diagnostics-path /Users/runner/work/_temp/build/DerivedData/Build/Intermediates.noindex/ArchiveIntermediates/Potatso/IntermediateBuildFilesPath/Pods.build/Release-iphoneos/SwiftColor.build/Objects-normal/arm64/SwiftColor-master.dia -emit-objc-header-path /Users/runner/work/_temp/build/DerivedData/Build/Intermediates.noindex/ArchiveIntermediates/Potatso/IntermediateBuildFilesPath/Pods.build/Release-iphoneos/SwiftColor.build/Objects-normal/arm64/SwiftColor-Swift.h -emit-abi-descriptor-path /Users/runner/work/_temp/build/DerivedData/Build/Intermediates.noindex/ArchiveIntermediates/Potatso/IntermediateBuildFilesPath/Pods.build/Release-iphoneos/SwiftColor.build/Objects-normal/arm64/SwiftColor.abi.json -target arm64-apple-ios12.0 -Xllvm -aarch64-use-tbi -enable-objc-interop -sdk /Applications/Xcode_15.4.app/Contents/Developer/Platforms/iPhoneOS.platform/Developer/SDKs/iPhoneOS17.5.sdk -I /Users/runner/work/_temp/build/DerivedData/Build/Intermediates.noindex/ArchiveIntermediates/Potatso/BuildProductsPath/Release-iphoneos/SwiftColor -F /Users/runner/work/_temp/build/DerivedData/Build/Intermediates.noindex/ArchiveIntermediates/Potatso/BuildProductsPath/Release-iphoneos/SwiftColor -no-color-diagnostics -application-extension -g -import-underlying-module -module-cache-path /Users/runner/work/_temp/build/DerivedData/ModuleCache.noindex -suppress-warnings -swift-version 4 -enforce-exclusivity\=checked -O -D COCOAPODS -serialize-debugging-options -const-gather-protocols-file /Users/runner/work/_temp/build/DerivedData/Build/Intermediates.noindex/ArchiveIntermediates/Potatso/IntermediateBuildFilesPath/Pods.build/Release-iphoneos/SwiftColor.build/Objects-normal/arm64/SwiftColor_const_extract_protocols.json -enable-bare-slash-regex -empty-abi-descriptor -validate-clang-modules-once -clang-build-session-file /Users/runner/work/_temp/build/DerivedData/ModuleCache.noindex/Session.modulevalidation -Xcc -working-directory -Xcc /Users/runner/work/Potatso/Potatso/Pods -resource-dir /Applications/Xcode_15.4.app/Contents/Developer/Toolchains/XcodeDefault.xctoolchain/usr/lib/swift -Xcc -ivfsstatcache -Xcc /Users/runner/work/_temp/build/DerivedData/SDKStatCaches.noindex/iphoneos17.5-21F77-f0fa7969d082b13145125136a829df3a.sdkstatcache -Xcc -I/Users/runner/work/_temp/build/DerivedData/Build/Intermediates.noindex/ArchiveIntermediates/Potatso/IntermediateBuildFilesPath/Pods.build/Release-iphoneos/SwiftColor.build/swift-overrides.hmap -Xcc -iquote -Xcc /Users/runner/work/_temp/build/DerivedData/Build/Intermediates.noindex/ArchiveIntermediates/Potatso/IntermediateBuildFilesPath/Pods.build/Release-iphoneos/SwiftColor.build/SwiftColor-generated-files.hmap -Xcc -I/Users/runner/work/_temp/build/DerivedData/Build/Intermediates.noindex/ArchiveIntermediates/Potatso/IntermediateBuildFilesPath/Pods.build/Release-iphoneos/SwiftColor.build/SwiftColor-own-target-headers.hmap -Xcc -I/Users/runner/work/_temp/build/DerivedData/Build/Intermediates.noindex/ArchiveIntermediates/Potatso/IntermediateBuildFilesPath/Pods.build/Release-iphoneos/SwiftColor.build/SwiftColor-all-non-framework-target-headers.hmap -Xcc -ivfsoverlay -Xcc /Users/runner/work/_temp/build/DerivedData/Build/Intermediates.noindex/ArchiveIntermediates/Potatso/IntermediateBuildFilesPath/Pods.build/Release-iphoneos/SwiftColor.build/all-product-headers.yaml -Xcc -iquote -Xcc /Users/runner/work/_temp/build/DerivedData/Build/Intermediates.noindex/ArchiveIntermediates/Potatso/IntermediateBuildFilesPath/Pods.build/Release-iphoneos/SwiftColor.build/SwiftColor-project-headers.hmap -Xcc -I/Users/runner/work/_temp/build/DerivedData/Build/Intermediates.noindex/ArchiveIntermediates/Potatso/BuildProductsPath/Release-iphoneos/SwiftColor/include -Xcc -I/Users/runner/work/_temp/build/DerivedData/Build/Intermediates.noindex/ArchiveIntermediates/Potatso/IntermediateBuildFilesPath/Pods.build/Release-iphoneos/SwiftColor.build/DerivedSources-normal/arm64 -Xcc -I/Users/runner/work/_temp/build/DerivedData/Build/Intermediates.noindex/ArchiveIntermediates/Potatso/IntermediateBuildFilesPath/Pods.build/Release-iphoneos/SwiftColor.build/DerivedSources/arm64 -Xcc -I/Users/runner/work/_temp/build/DerivedData/Build/Intermediates.noindex/ArchiveIntermediates/Potatso/IntermediateBuildFilesPath/Pods.build/Release-iphoneos/SwiftColor.build/DerivedSources -Xcc -DPOD_CONFIGURATION_RELEASE\=1 -Xcc -DCOCOAPODS\=1 -Xcc -ivfsoverlay -Xcc /Users/runner/work/_temp/build/DerivedData/Build/Intermediates.noindex/ArchiveIntermediates/Potatso/IntermediateBuildFilesPath/Pods.build/Release-iphoneos/SwiftColor.build/unextended-module-overlay.yaml -module-name SwiftColor -frontend-parseable-output -disable-clang-spi -target-sdk-version 17.5 -target-sdk-name iphoneos17.5 -external-plugin-path /Applications/Xcode_15.4.app/Contents/Developer/Platforms/iPhoneOS.platform/Developer/SDKs/iPhoneOS17.5.sdk/usr/lib/swift/host/plugins\#/Applications/Xcode_15.4.app/Contents/Developer/Platforms/iPhoneOS.platform/Developer/SDKs/iPhoneOS17.5.sdk/usr/bin/swift-plugin-server -external-plugin-path /Applications/Xcode_15.4.app/Contents/Developer/Platforms/iPhoneOS.platform/Developer/SDKs/iPhoneOS17.5.sdk/usr/local/lib/swift/host/plugins\#/Applications/Xcode_15.4.app/Contents/Developer/Platforms/iPhoneOS.platform/Developer/SDKs/iPhoneOS17.5.sdk/usr/bin/swift-plugin-server -external-plugin-path /Applications/Xcode_15.4.app/Contents/Developer/Platforms/iPhoneOS.platform/Developer/usr/lib/swift/host/plugins\#/Applications/Xcode_15.4.app/Contents/Developer/Platforms/iPhoneOS.platform/Developer/usr/bin/swift-plugin-server -external-plugin-path /Applications/Xcode_15.4.app/Contents/Developer/Platforms/iPhoneOS.platform/Developer/usr/local/lib/swift/host/plugins\#/Applications/Xcode_15.4.app/Contents/Developer/Platforms/iPhoneOS.platform/Developer/usr/bin/swift-plugin-server -plugin-path /Applications/Xcode_15.4.app/Contents/Developer/Toolchains/XcodeDefault.xctoolchain/usr/lib/swift/host/plugins -plugin-path /Applications/Xcode_15.4.app/Contents/Developer/Toolchains/XcodeDefault.xctoolchain/usr/local/lib/swift/host/plugins -enable-default-cmo -parse-as-library -num-threads 3 -o /Users/runner/work/_temp/build/DerivedData/Build/Intermediates.noindex/ArchiveIntermediates/Potatso/IntermediateBuildFilesPath/Pods.build/Release-iphoneos/SwiftColor.build/Objects-normal/arm64/SwiftColor.o -index-unit-output-path /Pods.build/Release-iphoneos/SwiftColor.build/Objects-normal/arm64/SwiftColor.o

SwiftCompile normal arm64 Compiling\ Localized.swift,\ InfoInternal.swift /Users/runner/work/Potatso/Potatso/PotatsoBase/Localized.swift /Users/runner/work/Potatso/Potatso/PotatsoBase/InfoInternal.swift (in target 'PotatsoBase' from project 'Potatso')
    cd /Users/runner/work/Potatso/Potatso
    builtin-swiftTaskExecution -- /Applications/Xcode_15.4.app/Contents/Developer/Toolchains/XcodeDefault.xctoolchain/usr/bin/swift-frontend -frontend -c /Users/runner/work/Potatso/Potatso/PotatsoBase/Localized.swift /Users/runner/work/Potatso/Potatso/PotatsoBase/InfoInternal.swift -emit-module-path /Users/runner/work/_temp/build/DerivedData/Build/Intermediates.noindex/ArchiveIntermediates/Potatso/IntermediateBuildFilesPath/Potatso.build/Release-iphoneos/PotatsoBase.build/Objects-normal/arm64/PotatsoBase.swiftmodule -emit-module-doc-path /Users/runner/work/_temp/build/DerivedData/Build/Intermediates.noindex/ArchiveIntermediates/Potatso/IntermediateBuildFilesPath/Potatso.build/Release-iphoneos/PotatsoBase.build/Objects-normal/arm64/PotatsoBase.swiftdoc -emit-module-source-info-path /Users/runner/work/_temp/build/DerivedData/Build/Intermediates.noindex/ArchiveIntermediates/Potatso/IntermediateBuildFilesPath/Potatso.build/Release-iphoneos/PotatsoBase.build/Objects-normal/arm64/PotatsoBase.swiftsourceinfo -emit-dependencies-path /Users/runner/work/_temp/build/DerivedData/Build/Intermediates.noindex/ArchiveIntermediates/Potatso/IntermediateBuildFilesPath/Potatso.build/Release-iphoneos/PotatsoBase.build/Objects-normal/arm64/PotatsoBase-master.d -emit-const-values-path /Users/runner/work/_temp/build/DerivedData/Build/Intermediates.noindex/ArchiveIntermediates/Potatso/IntermediateBuildFilesPath/Potatso.build/Release-iphoneos/PotatsoBase.build/Objects-normal/arm64/PotatsoBase-master.swiftconstvalues -serialize-diagnostics-path /Users/runner/work/_temp/build/DerivedData/Build/Intermediates.noindex/ArchiveIntermediates/Potatso/IntermediateBuildFilesPath/Potatso.build/Release-iphoneos/PotatsoBase.build/Objects-normal/arm64/PotatsoBase-master.dia -emit-objc-header-path /Users/runner/work/_temp/build/DerivedData/Build/Intermediates.noindex/ArchiveIntermediates/Potatso/IntermediateBuildFilesPath/Potatso.build/Release-iphoneos/PotatsoBase.build/Objects-normal/arm64/PotatsoBase-Swift.h -emit-abi-descriptor-path /Users/runner/work/_temp/build/DerivedData/Build/Intermediates.noindex/ArchiveIntermediates/Potatso/IntermediateBuildFilesPath/Potatso.build/Release-iphoneos/PotatsoBase.build/Objects-normal/arm64/PotatsoBase.abi.json -target arm64-apple-ios9.0 -Xllvm -aarch64-use-tbi -enable-objc-interop -sdk /Applications/Xcode_15.4.app/Contents/Developer/Platforms/iPhoneOS.platform/Developer/SDKs/iPhoneOS17.5.sdk -I /Users/runner/work/_temp/build/DerivedData/Build/Intermediates.noindex/ArchiveIntermediates/Potatso/BuildProductsPath/Release-iphoneos -F /Users/runner/work/_temp/build/DerivedData/Build/Intermediates.noindex/ArchiveIntermediates/Potatso/BuildProductsPath/Release-iphoneos -no-color-diagnostics -application-extension -g -import-underlying-module -module-cache-path /Users/runner/work/_temp/build/DerivedData/ModuleCache.noindex -swift-version 4 -enforce-exclusivity\=checked -O -serialize-debugging-options -const-gather-protocols-file /Users/runner/work/_temp/build/DerivedData/Build/Intermediates.noindex/ArchiveIntermediates/Potatso/IntermediateBuildFilesPath/Potatso.build/Release-iphoneos/PotatsoBase.build/Objects-normal/arm64/PotatsoBase_const_extract_protocols.json -enable-bare-slash-regex -empty-abi-descriptor -validate-clang-modules-once -clang-build-session-file /Users/runner/work/_temp/build/DerivedData/ModuleCache.noindex/Session.modulevalidation -Xcc -working-directory -Xcc /Users/runner/work/Potatso/Potatso -resource-dir /Applications/Xcode_15.4.app/Contents/Developer/Toolchains/XcodeDefault.xctoolchain/usr/lib/swift -Xcc -ivfsstatcache -Xcc /Users/runner/work/_temp/build/DerivedData/SDKStatCaches.noindex/iphoneos17.5-21F77-f0fa7969d082b13145125136a829df3a.sdkstatcache -Xcc -I/Users/runner/work/_temp/build/DerivedData/Build/Intermediates.noindex/ArchiveIntermediates/Potatso/IntermediateBuildFilesPath/Potatso.build/Release-iphoneos/PotatsoBase.build/swift-overrides.hmap -Xcc -iquote -Xcc /Users/runner/work/_temp/build/DerivedData/Build/Intermediates.noindex/ArchiveIntermediates/Potatso/IntermediateBuildFilesPath/Potatso.build/Release-iphoneos/PotatsoBase.build/PotatsoBase-generated-files.hmap -Xcc -I/Users/runner/work/_temp/build/DerivedData/Build/Intermediates.noindex/ArchiveIntermediates/Potatso/IntermediateBuildFilesPath/Potatso.build/Release-iphoneos/PotatsoBase.build/PotatsoBase-own-target-headers.hmap -Xcc -I/Users/runner/work/_temp/build/DerivedData/Build/Intermediates.noindex/ArchiveIntermediates/Potatso/IntermediateBuildFilesPath/Potatso.build/Release-iphoneos/PotatsoBase.build/PotatsoBase-all-non-framework-target-headers.hmap -Xcc -ivfsoverlay -Xcc /Users/runner/work/_temp/build/DerivedData/Build/Intermediates.noindex/ArchiveIntermediates/Potatso/IntermediateBuildFilesPath/Potatso.build/Release-iphoneos/PotatsoBase.build/all-product-headers.yaml -Xcc -iquote -Xcc /Users/runner/work/_temp/build/DerivedData/Build/Intermediates.noindex/ArchiveIntermediates/Potatso/IntermediateBuildFilesPath/Potatso.build/Release-iphoneos/PotatsoBase.build/PotatsoBase-project-headers.hmap -Xcc -I/Users/runner/work/_temp/build/DerivedData/Build/Intermediates.noindex/ArchiveIntermediates/Potatso/BuildProductsPath/Release-iphoneos/include -Xcc -I/Users/runner/work/_temp/build/DerivedData/Build/Intermediates.noindex/ArchiveIntermediates/Potatso/IntermediateBuildFilesPath/Potatso.build/Release-iphoneos/PotatsoBase.build/DerivedSources-normal/arm64 -Xcc -I/Users/runner/work/_temp/build/DerivedData/Build/Intermediates.noindex/ArchiveIntermediates/Potatso/IntermediateBuildFilesPath/Potatso.build/Release-iphoneos/PotatsoBase.build/DerivedSources/arm64 -Xcc -I/Users/runner/work/_temp/build/DerivedData/Build/Intermediates.noindex/ArchiveIntermediates/Potatso/IntermediateBuildFilesPath/Potatso.build/Release-iphoneos/PotatsoBase.build/DerivedSources -Xcc -ivfsoverlay -Xcc /Users/runner/work/_temp/build/DerivedData/Build/Intermediates.noindex/ArchiveIntermediates/Potatso/IntermediateBuildFilesPath/Potatso.build/Release-iphoneos/PotatsoBase.build/unextended-module-overlay.yaml -module-name PotatsoBase -frontend-parseable-output -disable-clang-spi -target-sdk-version 17.5 -target-sdk-name iphoneos17.5 -external-plugin-path /Applications/Xcode_15.4.app/Contents/Developer/Platforms/iPhoneOS.platform/Developer/SDKs/iPhoneOS17.5.sdk/usr/lib/swift/host/plugins\#/Applications/Xcode_15.4.app/Contents/Developer/Platforms/iPhoneOS.platform/Developer/SDKs/iPhoneOS17.5.sdk/usr/bin/swift-plugin-server -external-plugin-path /Applications/Xcode_15.4.app/Contents/Developer/Platforms/iPhoneOS.platform/Developer/SDKs/iPhoneOS17.5.sdk/usr/local/lib/swift/host/plugins\#/Applications/Xcode_15.4.app/Contents/Developer/Platforms/iPhoneOS.platform/Developer/SDKs/iPhoneOS17.5.sdk/usr/bin/swift-plugin-server -external-plugin-path /Applications/Xcode_15.4.app/Contents/Developer/Platforms/iPhoneOS.platform/Developer/usr/lib/swift/host/plugins\#/Applications/Xcode_15.4.app/Contents/Developer/Platforms/iPhoneOS.platform/Developer/usr/bin/swift-plugin-server -external-plugin-path /Applications/Xcode_15.4.app/Contents/Developer/Platforms/iPhoneOS.platform/Developer/usr/local/lib/swift/host/plugins\#/Applications/Xcode_15.4.app/Contents/Developer/Platforms/iPhoneOS.platform/Developer/usr/bin/swift-plugin-server -plugin-path /Applications/Xcode_15.4.app/Contents/Developer/Toolchains/XcodeDefault.xctoolchain/usr/lib/swift/host/plugins -plugin-path /Applications/Xcode_15.4.app/Contents/Developer/Toolchains/XcodeDefault.xctoolchain/usr/local/lib/swift/host/plugins -enable-default-cmo -num-threads 3 -o /Users/runner/work/_temp/build/DerivedData/Build/Intermediates.noindex/ArchiveIntermediates/Potatso/IntermediateBuildFilesPath/Potatso.build/Release-iphoneos/PotatsoBase.build/Objects-normal/arm64/Localized.o -o /Users/runner/work/_temp/build/DerivedData/Build/Intermediates.noindex/ArchiveIntermediates/Potatso/IntermediateBuildFilesPath/Potatso.build/Release-iphoneos/PotatsoBase.build/Objects-normal/arm64/InfoInternal.o -index-unit-output-path /Potatso.build/Release-iphoneos/PotatsoBase.build/Objects-normal/arm64/Localized.o -index-unit-output-path /Potatso.build/Release-iphoneos/PotatsoBase.build/Objects-normal/arm64/InfoInternal.o
CompileSwift normal arm64 (in target 'PotatsoBase' from project 'Potatso')
    cd /Users/runner/work/Potatso/Potatso
    /Applications/Xcode_15.4.app/Contents/Developer/Toolchains/XcodeDefault.xctoolchain/usr/bin/swift-frontend -c /Users/runner/work/Potatso/Potatso/PotatsoBase/Localized.swift /Users/runner/work/Potatso/Potatso/PotatsoBase/InfoInternal.swift -emit-module-path /Users/runner/work/_temp/build/DerivedData/Build/Intermediates.noindex/ArchiveIntermediates/Potatso/IntermediateBuildFilesPath/Potatso.build/Release-iphoneos/PotatsoBase.build/Objects-normal/arm64/PotatsoBase.swiftmodule -emit-module-doc-path /Users/runner/work/_temp/build/DerivedData/Build/Intermediates.noindex/ArchiveIntermediates/Potatso/IntermediateBuildFilesPath/Potatso.build/Release-iphoneos/PotatsoBase.build/Objects-normal/arm64/PotatsoBase.swiftdoc -emit-module-source-info-path /Users/runner/work/_temp/build/DerivedData/Build/Intermediates.noindex/ArchiveIntermediates/Potatso/IntermediateBuildFilesPath/Potatso.build/Release-iphoneos/PotatsoBase.build/Objects-normal/arm64/PotatsoBase.swiftsourceinfo -emit-dependencies-path /Users/runner/work/_temp/build/DerivedData/Build/Intermediates.noindex/ArchiveIntermediates/Potatso/IntermediateBuildFilesPath/Potatso.build/Release-iphoneos/PotatsoBase.build/Objects-normal/arm64/PotatsoBase-master.d -emit-const-values-path /Users/runner/work/_temp/build/DerivedData/Build/Intermediates.noindex/ArchiveIntermediates/Potatso/IntermediateBuildFilesPath/Potatso.build/Release-iphoneos/PotatsoBase.build/Objects-normal/arm64/PotatsoBase-master.swiftconstvalues -serialize-diagnostics-path /Users/runner/work/_temp/build/DerivedData/Build/Intermediates.noindex/ArchiveIntermediates/Potatso/IntermediateBuildFilesPath/Potatso.build/Release-iphoneos/PotatsoBase.build/Objects-normal/arm64/PotatsoBase-master.dia -emit-objc-header-path /Users/runner/work/_temp/build/DerivedData/Build/Intermediates.noindex/ArchiveIntermediates/Potatso/IntermediateBuildFilesPath/Potatso.build/Release-iphoneos/PotatsoBase.build/Objects-normal/arm64/PotatsoBase-Swift.h -emit-abi-descriptor-path /Users/runner/work/_temp/build/DerivedData/Build/Intermediates.noindex/ArchiveIntermediates/Potatso/IntermediateBuildFilesPath/Potatso.build/Release-iphoneos/PotatsoBase.build/Objects-normal/arm64/PotatsoBase.abi.json -target arm64-apple-ios9.0 -Xllvm -aarch64-use-tbi -enable-objc-interop -sdk /Applications/Xcode_15.4.app/Contents/Developer/Platforms/iPhoneOS.platform/Developer/SDKs/iPhoneOS17.5.sdk -I /Users/runner/work/_temp/build/DerivedData/Build/Intermediates.noindex/ArchiveIntermediates/Potatso/BuildProductsPath/Release-iphoneos -F /Users/runner/work/_temp/build/DerivedData/Build/Intermediates.noindex/ArchiveIntermediates/Potatso/BuildProductsPath/Release-iphoneos -no-color-diagnostics -application-extension -g -import-underlying-module -module-cache-path /Users/runner/work/_temp/build/DerivedData/ModuleCache.noindex -swift-version 4 -enforce-exclusivity\=checked -O -serialize-debugging-options -const-gather-protocols-file /Users/runner/work/_temp/build/DerivedData/Build/Intermediates.noindex/ArchiveIntermediates/Potatso/IntermediateBuildFilesPath/Potatso.build/Release-iphoneos/PotatsoBase.build/Objects-normal/arm64/PotatsoBase_const_extract_protocols.json -enable-bare-slash-regex -empty-abi-descriptor -validate-clang-modules-once -clang-build-session-file /Users/runner/work/_temp/build/DerivedData/ModuleCache.noindex/Session.modulevalidation -Xcc -working-directory -Xcc /Users/runner/work/Potatso/Potatso -resource-dir /Applications/Xcode_15.4.app/Contents/Developer/Toolchains/XcodeDefault.xctoolchain/usr/lib/swift -Xcc -ivfsstatcache -Xcc /Users/runner/work/_temp/build/DerivedData/SDKStatCaches.noindex/iphoneos17.5-21F77-f0fa7969d082b13145125136a829df3a.sdkstatcache -Xcc -I/Users/runner/work/_temp/build/DerivedData/Build/Intermediates.noindex/ArchiveIntermediates/Potatso/IntermediateBuildFilesPath/Potatso.build/Release-iphoneos/PotatsoBase.build/swift-overrides.hmap -Xcc -iquote -Xcc /Users/runner/work/_temp/build/DerivedData/Build/Intermediates.noindex/ArchiveIntermediates/Potatso/IntermediateBuildFilesPath/Potatso.build/Release-iphoneos/PotatsoBase.build/PotatsoBase-generated-files.hmap -Xcc -I/Users/runner/work/_temp/build/DerivedData/Build/Intermediates.noindex/ArchiveIntermediates/Potatso/IntermediateBuildFilesPath/Potatso.build/Release-iphoneos/PotatsoBase.build/PotatsoBase-own-target-headers.hmap -Xcc -I/Users/runner/work/_temp/build/DerivedData/Build/Intermediates.noindex/ArchiveIntermediates/Potatso/IntermediateBuildFilesPath/Potatso.build/Release-iphoneos/PotatsoBase.build/PotatsoBase-all-non-framework-target-headers.hmap -Xcc -ivfsoverlay -Xcc /Users/runner/work/_temp/build/DerivedData/Build/Intermediates.noindex/ArchiveIntermediates/Potatso/IntermediateBuildFilesPath/Potatso.build/Release-iphoneos/PotatsoBase.build/all-product-headers.yaml -Xcc -iquote -Xcc /Users/runner/work/_temp/build/DerivedData/Build/Intermediates.noindex/ArchiveIntermediates/Potatso/IntermediateBuildFilesPath/Potatso.build/Release-iphoneos/PotatsoBase.build/PotatsoBase-project-headers.hmap -Xcc -I/Users/runner/work/_temp/build/DerivedData/Build/Intermediates.noindex/ArchiveIntermediates/Potatso/BuildProductsPath/Release-iphoneos/include -Xcc -I/Users/runner/work/_temp/build/DerivedData/Build/Intermediates.noindex/ArchiveIntermediates/Potatso/IntermediateBuildFilesPath/Potatso.build/Release-iphoneos/PotatsoBase.build/DerivedSources-normal/arm64 -Xcc -I/Users/runner/work/_temp/build/DerivedData/Build/Intermediates.noindex/ArchiveIntermediates/Potatso/IntermediateBuildFilesPath/Potatso.build/Release-iphoneos/PotatsoBase.build/DerivedSources/arm64 -Xcc -I/Users/runner/work/_temp/build/DerivedData/Build/Intermediates.noindex/ArchiveIntermediates/Potatso/IntermediateBuildFilesPath/Potatso.build/Release-iphoneos/PotatsoBase.build/DerivedSources -Xcc -ivfsoverlay -Xcc /Users/runner/work/_temp/build/DerivedData/Build/Intermediates.noindex/ArchiveIntermediates/Potatso/IntermediateBuildFilesPath/Potatso.build/Release-iphoneos/PotatsoBase.build/unextended-module-overlay.yaml -module-name PotatsoBase -frontend-parseable-output -disable-clang-spi -target-sdk-version 17.5 -target-sdk-name iphoneos17.5 -external-plugin-path /Applications/Xcode_15.4.app/Contents/Developer/Platforms/iPhoneOS.platform/Developer/SDKs/iPhoneOS17.5.sdk/usr/lib/swift/host/plugins\#/Applications/Xcode_15.4.app/Contents/Developer/Platforms/iPhoneOS.platform/Developer/SDKs/iPhoneOS17.5.sdk/usr/bin/swift-plugin-server -external-plugin-path /Applications/Xcode_15.4.app/Contents/Developer/Platforms/iPhoneOS.platform/Developer/SDKs/iPhoneOS17.5.sdk/usr/local/lib/swift/host/plugins\#/Applications/Xcode_15.4.app/Contents/Developer/Platforms/iPhoneOS.platform/Developer/SDKs/iPhoneOS17.5.sdk/usr/bin/swift-plugin-server -external-plugin-path /Applications/Xcode_15.4.app/Contents/Developer/Platforms/iPhoneOS.platform/Developer/usr/lib/swift/host/plugins\#/Applications/Xcode_15.4.app/Contents/Developer/Platforms/iPhoneOS.platform/Developer/usr/bin/swift-plugin-server -external-plugin-path /Applications/Xcode_15.4.app/Contents/Developer/Platforms/iPhoneOS.platform/Developer/usr/local/lib/swift/host/plugins\#/Applications/Xcode_15.4.app/Contents/Developer/Platforms/iPhoneOS.platform/Developer/usr/bin/swift-plugin-server -plugin-path /Applications/Xcode_15.4.app/Contents/Developer/Toolchains/XcodeDefault.xctoolchain/usr/lib/swift/host/plugins -plugin-path /Applications/Xcode_15.4.app/Contents/Developer/Toolchains/XcodeDefault.xctoolchain/usr/local/lib/swift/host/plugins -enable-default-cmo -num-threads 3 -o /Users/runner/work/_temp/build/DerivedData/Build/Intermediates.noindex/ArchiveIntermediates/Potatso/IntermediateBuildFilesPath/Potatso.build/Release-iphoneos/PotatsoBase.build/Objects-normal/arm64/Localized.o -o /Users/runner/work/_temp/build/DerivedData/Build/Intermediates.noindex/ArchiveIntermediates/Potatso/IntermediateBuildFilesPath/Potatso.build/Release-iphoneos/PotatsoBase.build/Objects-normal/arm64/InfoInternal.o -index-unit-output-path /Potatso.build/Release-iphoneos/PotatsoBase.build/Objects-normal/arm64/Localized.o -index-unit-output-path /Potatso.build/Release-iphoneos/PotatsoBase.build/Objects-normal/arm64/InfoInternal.o
/Users/runner/work/Potatso/Potatso/PotatsoBase/Localized.swift:25:5: warning: 'public' modifier is redundant for instance method declared in a public extension
    public func localized() -> String {
    ^~~~~~~
    
/Users/runner/work/Potatso/Potatso/PotatsoBase/Localized.swift:38:5: warning: 'public' modifier is redundant for instance method declared in a public extension
    public func localizedFormat(_ arguments: CVarArg...) -> String {
    ^~~~~~~
    
/Users/runner/work/Potatso/Potatso/PotatsoBase/Localized.swift:49:5: warning: 'public' modifier is redundant for instance method declared in a public extension
    public func localizedPlural(_ argument: CVarArg) -> String {
    ^~~~~~~
    

SwiftDriver PSOperations normal arm64 com.apple.xcode.tools.swift.compiler (in target 'PSOperations' from project 'Pods')
    cd /Users/runner/work/Potatso/Potatso/Pods
    builtin-SwiftDriver -- /Applications/Xcode_15.4.app/Contents/Developer/Toolchains/XcodeDefault.xctoolchain/usr/bin/swiftc -module-name PSOperations -O -whole-module-optimization -enforce-exclusivity\=checked @/Users/runner/work/_temp/build/DerivedData/Build/Intermediates.noindex/ArchiveIntermediates/Potatso/IntermediateBuildFilesPath/Pods.build/Release-iphoneos/PSOperations.build/Objects-normal/arm64/PSOperations.SwiftFileList -D COCOAPODS -suppress-warnings -sdk /Applications/Xcode_15.4.app/Contents/Developer/Platforms/iPhoneOS.platform/Developer/SDKs/iPhoneOS17.5.sdk -target arm64-apple-ios12.0 -enable-bare-slash-regex -g -module-cache-path /Users/runner/work/_temp/build/DerivedData/ModuleCache.noindex -Xfrontend -serialize-debugging-options -swift-version 4 -I /Users/runner/work/_temp/build/DerivedData/Build/Intermediates.noindex/ArchiveIntermediates/Potatso/BuildProductsPath/Release-iphoneos/PSOperations -F /Users/runner/work/_temp/build/DerivedData/Build/Intermediates.noindex/ArchiveIntermediates/Potatso/BuildProductsPath/Release-iphoneos/PSOperations -c -num-threads 3 -Xcc -ivfsstatcache -Xcc /Users/runner/work/_temp/build/DerivedData/SDKStatCaches.noindex/iphoneos17.5-21F77-f0fa7969d082b13145125136a829df3a.sdkstatcache -output-file-map /Users/runner/work/_temp/build/DerivedData/Build/Intermediates.noindex/ArchiveIntermediates/Potatso/IntermediateBuildFilesPath/Pods.build/Release-iphoneos/PSOperations.build/Objects-normal/arm64/PSOperations-OutputFileMap.json -use-frontend-parseable-output -save-temps -no-color-diagnostics -serialize-diagnostics -emit-dependencies -emit-module -emit-module-path /Users/runner/work/_temp/build/DerivedData/Build/Intermediates.noindex/ArchiveIntermediates/Potatso/IntermediateBuildFilesPath/Pods.build/Release-iphoneos/PSOperations.build/Objects-normal/arm64/PSOperations.swiftmodule -validate-clang-modules-once -clang-build-session-file /Users/runner/work/_temp/build/DerivedData/ModuleCache.noindex/Session.modulevalidation -Xcc -I/Users/runner/work/_temp/build/DerivedData/Build/Intermediates.noindex/ArchiveIntermediates/Potatso/IntermediateBuildFilesPath/Pods.build/Release-iphoneos/PSOperations.build/swift-overrides.hmap -emit-const-values -Xfrontend -const-gather-protocols-file -Xfrontend /Users/runner/work/_temp/build/DerivedData/Build/Intermediates.noindex/ArchiveIntermediates/Potatso/IntermediateBuildFilesPath/Pods.build/Release-iphoneos/PSOperations.build/Objects-normal/arm64/PSOperations_const_extract_protocols.json -Xcc -iquote -Xcc /Users/runner/work/_temp/build/DerivedData/Build/Intermediates.noindex/ArchiveIntermediates/Potatso/IntermediateBuildFilesPath/Pods.build/Release-iphoneos/PSOperations.build/PSOperations-generated-files.hmap -Xcc -I/Users/runner/work/_temp/build/DerivedData/Build/Intermediates.noindex/ArchiveIntermediates/Potatso/IntermediateBuildFilesPath/Pods.build/Release-iphoneos/PSOperations.build/PSOperations-own-target-headers.hmap -Xcc -I/Users/runner/work/_temp/build/DerivedData/Build/Intermediates.noindex/ArchiveIntermediates/Potatso/IntermediateBuildFilesPath/Pods.build/Release-iphoneos/PSOperations.build/PSOperations-all-non-framework-target-headers.hmap -Xcc -ivfsoverlay -Xcc /Users/runner/work/_temp/build/DerivedData/Build/Intermediates.noindex/ArchiveIntermediates/Potatso/IntermediateBuildFilesPath/Pods.build/Release-iphoneos/PSOperations.build/all-product-headers.yaml -Xcc -iquote -Xcc /Users/runner/work/_temp/build/DerivedData/Build/Intermediates.noindex/ArchiveIntermediates/Potatso/IntermediateBuildFilesPath/Pods.build/Release-iphoneos/PSOperations.build/PSOperations-project-headers.hmap -Xcc -I/Users/runner/work/_temp/build/DerivedData/Build/Intermediates.noindex/ArchiveIntermediates/Potatso/BuildProductsPath/Release-iphoneos/PSOperations/include -Xcc -I/Users/runner/work/_temp/build/DerivedData/Build/Intermediates.noindex/ArchiveIntermediates/Potatso/IntermediateBuildFilesPath/Pods.build/Release-iphoneos/PSOperations.build/DerivedSources-normal/arm64 -Xcc -I/Users/runner/work/_temp/build/DerivedData/Build/Intermediates.noindex/ArchiveIntermediates/Potatso/IntermediateBuildFilesPath/Pods.build/Release-iphoneos/PSOperations.build/DerivedSources/arm64 -Xcc -I/Users/runner/work/_temp/build/DerivedData/Build/Intermediates.noindex/ArchiveIntermediates/Potatso/IntermediateBuildFilesPath/Pods.build/Release-iphoneos/PSOperations.build/DerivedSources -Xcc -DPOD_CONFIGURATION_RELEASE\=1 -Xcc -DCOCOAPODS\=1 -emit-objc-header -emit-objc-header-path /Users/runner/work/_temp/build/DerivedData/Build/Intermediates.noindex/ArchiveIntermediates/Potatso/IntermediateBuildFilesPath/Pods.build/Release-iphoneos/PSOperations.build/Objects-normal/arm64/PSOperations-Swift.h -import-underlying-module -Xcc -ivfsoverlay -Xcc /Users/runner/work/_temp/build/DerivedData/Build/Intermediates.noindex/ArchiveIntermediates/Potatso/IntermediateBuildFilesPath/Pods.build/Release-iphoneos/PSOperations.build/unextended-module-overlay.yaml -working-directory /Users/runner/work/Potatso/Potatso/Pods -no-emit-module-separately-wmo

SwiftDriverJobDiscovery normal arm64 Compiling SwiftColor.swift (in target 'SwiftColor' from project 'Pods')

SwiftDriver ObjectMapper normal arm64 com.apple.xcode.tools.swift.compiler (in target 'ObjectMapper' from project 'Pods')
    cd /Users/runner/work/Potatso/Potatso/Pods
    builtin-SwiftDriver -- /Applications/Xcode_15.4.app/Contents/Developer/Toolchains/XcodeDefault.xctoolchain/usr/bin/swiftc -module-name ObjectMapper -O -whole-module-optimization -enforce-exclusivity\=checked @/Users/runner/work/_temp/build/DerivedData/Build/Intermediates.noindex/ArchiveIntermediates/Potatso/IntermediateBuildFilesPath/Pods.build/Release-iphoneos/ObjectMapper.build/Objects-normal/arm64/ObjectMapper.SwiftFileList -D COCOAPODS -suppress-warnings -sdk /Applications/Xcode_15.4.app/Contents/Developer/Platforms/iPhoneOS.platform/Developer/SDKs/iPhoneOS17.5.sdk -target arm64-apple-ios12.0 -enable-bare-slash-regex -g -module-cache-path /Users/runner/work/_temp/build/DerivedData/ModuleCache.noindex -Xfrontend -serialize-debugging-options -swift-version 5 -I /Users/runner/work/_temp/build/DerivedData/Build/Intermediates.noindex/ArchiveIntermediates/Potatso/BuildProductsPath/Release-iphoneos/ObjectMapper -F /Users/runner/work/_temp/build/DerivedData/Build/Intermediates.noindex/ArchiveIntermediates/Potatso/BuildProductsPath/Release-iphoneos/ObjectMapper -c -num-threads 3 -Xcc -ivfsstatcache -Xcc /Users/runner/work/_temp/build/DerivedData/SDKStatCaches.noindex/iphoneos17.5-21F77-f0fa7969d082b13145125136a829df3a.sdkstatcache -output-file-map /Users/runner/work/_temp/build/DerivedData/Build/Intermediates.noindex/ArchiveIntermediates/Potatso/IntermediateBuildFilesPath/Pods.build/Release-iphoneos/ObjectMapper.build/Objects-normal/arm64/ObjectMapper-OutputFileMap.json -use-frontend-parseable-output -save-temps -no-color-diagnostics -serialize-diagnostics -emit-dependencies -emit-module -emit-module-path /Users/runner/work/_temp/build/DerivedData/Build/Intermediates.noindex/ArchiveIntermediates/Potatso/IntermediateBuildFilesPath/Pods.build/Release-iphoneos/ObjectMapper.build/Objects-normal/arm64/ObjectMapper.swiftmodule -validate-clang-modules-once -clang-build-session-file /Users/runner/work/_temp/build/DerivedData/ModuleCache.noindex/Session.modulevalidation -Xcc -I/Users/runner/work/_temp/build/DerivedData/Build/Intermediates.noindex/ArchiveIntermediates/Potatso/IntermediateBuildFilesPath/Pods.build/Release-iphoneos/ObjectMapper.build/swift-overrides.hmap -emit-const-values -Xfrontend -const-gather-protocols-file -Xfrontend /Users/runner/work/_temp/build/DerivedData/Build/Intermediates.noindex/ArchiveIntermediates/Potatso/IntermediateBuildFilesPath/Pods.build/Release-iphoneos/ObjectMapper.build/Objects-normal/arm64/ObjectMapper_const_extract_protocols.json -Xcc -iquote -Xcc /Users/runner/work/_temp/build/DerivedData/Build/Intermediates.noindex/ArchiveIntermediates/Potatso/IntermediateBuildFilesPath/Pods.build/Release-iphoneos/ObjectMapper.build/ObjectMapper-generated-files.hmap -Xcc -I/Users/runner/work/_temp/build/DerivedData/Build/Intermediates.noindex/ArchiveIntermediates/Potatso/IntermediateBuildFilesPath/Pods.build/Release-iphoneos/ObjectMapper.build/ObjectMapper-own-target-headers.hmap -Xcc -I/Users/runner/work/_temp/build/DerivedData/Build/Intermediates.noindex/ArchiveIntermediates/Potatso/IntermediateBuildFilesPath/Pods.build/Release-iphoneos/ObjectMapper.build/ObjectMapper-all-non-framework-target-headers.hmap -Xcc -ivfsoverlay -Xcc /Users/runner/work/_temp/build/DerivedData/Build/Intermediates.noindex/ArchiveIntermediates/Potatso/IntermediateBuildFilesPath/Pods.build/Release-iphoneos/ObjectMapper.build/all-product-headers.yaml -Xcc -iquote -Xcc /Users/runner/work/_temp/build/DerivedData/Build/Intermediates.noindex/ArchiveIntermediates/Potatso/IntermediateBuildFilesPath/Pods.build/Release-iphoneos/ObjectMapper.build/ObjectMapper-project-headers.hmap -Xcc -I/Users/runner/work/_temp/build/DerivedData/Build/Intermediates.noindex/ArchiveIntermediates/Potatso/BuildProductsPath/Release-iphoneos/ObjectMapper/include -Xcc -I/Users/runner/work/_temp/build/DerivedData/Build/Intermediates.noindex/ArchiveIntermediates/Potatso/IntermediateBuildFilesPath/Pods.build/Release-iphoneos/ObjectMapper.build/DerivedSources-normal/arm64 -Xcc -I/Users/runner/work/_temp/build/DerivedData/Build/Intermediates.noindex/ArchiveIntermediates/Potatso/IntermediateBuildFilesPath/Pods.build/Release-iphoneos/ObjectMapper.build/DerivedSources/arm64 -Xcc -I/Users/runner/work/_temp/build/DerivedData/Build/Intermediates.noindex/ArchiveIntermediates/Potatso/IntermediateBuildFilesPath/Pods.build/Release-iphoneos/ObjectMapper.build/DerivedSources -Xcc -DPOD_CONFIGURATION_RELEASE\=1 -Xcc -DCOCOAPODS\=1 -emit-objc-header -emit-objc-header-path /Users/runner/work/_temp/build/DerivedData/Build/Intermediates.noindex/ArchiveIntermediates/Potatso/IntermediateBuildFilesPath/Pods.build/Release-iphoneos/ObjectMapper.build/Objects-normal/arm64/ObjectMapper-Swift.h -import-underlying-module -Xcc -ivfsoverlay -Xcc /Users/runner/work/_temp/build/DerivedData/Build/Intermediates.noindex/ArchiveIntermediates/Potatso/IntermediateBuildFilesPath/Pods.build/Release-iphoneos/ObjectMapper.build/unextended-module-overlay.yaml -working-directory /Users/runner/work/Potatso/Potatso/Pods -no-emit-module-separately-wmo

SwiftDriver\ Compilation\ Requirements SwiftColor normal arm64 com.apple.xcode.tools.swift.compiler (in target 'SwiftColor' from project 'Pods')
    cd /Users/runner/work/Potatso/Potatso/Pods
    builtin-Swift-Compilation-Requirements -- /Applications/Xcode_15.4.app/Contents/Developer/Toolchains/XcodeDefault.xctoolchain/usr/bin/swiftc -module-name SwiftColor -O -whole-module-optimization -enforce-exclusivity\=checked @/Users/runner/work/_temp/build/DerivedData/Build/Intermediates.noindex/ArchiveIntermediates/Potatso/IntermediateBuildFilesPath/Pods.build/Release-iphoneos/SwiftColor.build/Objects-normal/arm64/SwiftColor.SwiftFileList -D COCOAPODS -suppress-warnings -sdk /Applications/Xcode_15.4.app/Contents/Developer/Platforms/iPhoneOS.platform/Developer/SDKs/iPhoneOS17.5.sdk -target arm64-apple-ios12.0 -enable-bare-slash-regex -g -module-cache-path /Users/runner/work/_temp/build/DerivedData/ModuleCache.noindex -Xfrontend -serialize-debugging-options -application-extension -swift-version 4 -I /Users/runner/work/_temp/build/DerivedData/Build/Intermediates.noindex/ArchiveIntermediates/Potatso/BuildProductsPath/Release-iphoneos/SwiftColor -F /Users/runner/work/_temp/build/DerivedData/Build/Intermediates.noindex/ArchiveIntermediates/Potatso/BuildProductsPath/Release-iphoneos/SwiftColor -parse-as-library -c -num-threads 3 -Xcc -ivfsstatcache -Xcc /Users/runner/work/_temp/build/DerivedData/SDKStatCaches.noindex/iphoneos17.5-21F77-f0fa7969d082b13145125136a829df3a.sdkstatcache -output-file-map /Users/runner/work/_temp/build/DerivedData/Build/Intermediates.noindex/ArchiveIntermediates/Potatso/IntermediateBuildFilesPath/Pods.build/Release-iphoneos/SwiftColor.build/Objects-normal/arm64/SwiftColor-OutputFileMap.json -use-frontend-parseable-output -save-temps -no-color-diagnostics -serialize-diagnostics -emit-dependencies -emit-module -emit-module-path /Users/runner/work/_temp/build/DerivedData/Build/Intermediates.noindex/ArchiveIntermediates/Potatso/IntermediateBuildFilesPath/Pods.build/Release-iphoneos/SwiftColor.build/Objects-normal/arm64/SwiftColor.swiftmodule -validate-clang-modules-once -clang-build-session-file /Users/runner/work/_temp/build/DerivedData/ModuleCache.noindex/Session.modulevalidation -Xcc -I/Users/runner/work/_temp/build/DerivedData/Build/Intermediates.noindex/ArchiveIntermediates/Potatso/IntermediateBuildFilesPath/Pods.build/Release-iphoneos/SwiftColor.build/swift-overrides.hmap -emit-const-values -Xfrontend -const-gather-protocols-file -Xfrontend /Users/runner/work/_temp/build/DerivedData/Build/Intermediates.noindex/ArchiveIntermediates/Potatso/IntermediateBuildFilesPath/Pods.build/Release-iphoneos/SwiftColor.build/Objects-normal/arm64/SwiftColor_const_extract_protocols.json -Xcc -iquote -Xcc /Users/runner/work/_temp/build/DerivedData/Build/Intermediates.noindex/ArchiveIntermediates/Potatso/IntermediateBuildFilesPath/Pods.build/Release-iphoneos/SwiftColor.build/SwiftColor-generated-files.hmap -Xcc -I/Users/runner/work/_temp/build/DerivedData/Build/Intermediates.noindex/ArchiveIntermediates/Potatso/IntermediateBuildFilesPath/Pods.build/Release-iphoneos/SwiftColor.build/SwiftColor-own-target-headers.hmap -Xcc -I/Users/runner/work/_temp/build/DerivedData/Build/Intermediates.noindex/ArchiveIntermediates/Potatso/IntermediateBuildFilesPath/Pods.build/Release-iphoneos/SwiftColor.build/SwiftColor-all-non-framework-target-headers.hmap -Xcc -ivfsoverlay -Xcc /Users/runner/work/_temp/build/DerivedData/Build/Intermediates.noindex/ArchiveIntermediates/Potatso/IntermediateBuildFilesPath/Pods.build/Release-iphoneos/SwiftColor.build/all-product-headers.yaml -Xcc -iquote -Xcc /Users/runner/work/_temp/build/DerivedData/Build/Intermediates.noindex/ArchiveIntermediates/Potatso/IntermediateBuildFilesPath/Pods.build/Release-iphoneos/SwiftColor.build/SwiftColor-project-headers.hmap -Xcc -I/Users/runner/work/_temp/build/DerivedData/Build/Intermediates.noindex/ArchiveIntermediates/Potatso/BuildProductsPath/Release-iphoneos/SwiftColor/include -Xcc -I/Users/runner/work/_temp/build/DerivedData/Build/Intermediates.noindex/ArchiveIntermediates/Potatso/IntermediateBuildFilesPath/Pods.build/Release-iphoneos/SwiftColor.build/DerivedSources-normal/arm64 -Xcc -I/Users/runner/work/_temp/build/DerivedData/Build/Intermediates.noindex/ArchiveIntermediates/Potatso/IntermediateBuildFilesPath/Pods.build/Release-iphoneos/SwiftColor.build/DerivedSources/arm64 -Xcc -I/Users/runner/work/_temp/build/DerivedData/Build/Intermediates.noindex/ArchiveIntermediates/Potatso/IntermediateBuildFilesPath/Pods.build/Release-iphoneos/SwiftColor.build/DerivedSources -Xcc -DPOD_CONFIGURATION_RELEASE\=1 -Xcc -DCOCOAPODS\=1 -emit-objc-header -emit-objc-header-path /Users/runner/work/_temp/build/DerivedData/Build/Intermediates.noindex/ArchiveIntermediates/Potatso/IntermediateBuildFilesPath/Pods.build/Release-iphoneos/SwiftColor.build/Objects-normal/arm64/SwiftColor-Swift.h -import-underlying-module -Xcc -ivfsoverlay -Xcc /Users/runner/work/_temp/build/DerivedData/Build/Intermediates.noindex/ArchiveIntermediates/Potatso/IntermediateBuildFilesPath/Pods.build/Release-iphoneos/SwiftColor.build/unextended-module-overlay.yaml -working-directory /Users/runner/work/Potatso/Potatso/Pods -no-emit-module-separately-wmo

SwiftCompile normal arm64 Compiling\ BlockObserver.swift,\ BlockOperation.swift,\ CalendarCapability.swift,\ Capability.swift,\ DelayOperation.swift,\ Dictionary+Operations.swift,\ DispatchQueue+.swift,\ ExclusivityController.swift,\ GroupOperation.swift,\ HealthCapability.swift,\ iCloudContainerCapability.swift,\ LocationCapability-iOS.swift,\ LocationCapability-OSX.swift,\ LocationCapability-tvOS.swift,\ LocationOperation.swift,\ MutuallyExclusive.swift,\ NegatedCondition.swift,\ NoCancelledDependencies.swift,\ NSLock+Operations.swift,\ NSOperation+Operations.swift,\ Operation.swift,\ OperationCondition.swift,\ OperationErrors.swift,\ OperationObserver.swift,\ OperationQueue.swift,\ PassbookCapability.swift,\ PhotosCapability.swift,\ PushCapability-iOS.swift,\ PushCapability-OSX.swift,\ QualityOfService+.swift,\ ReachabilityCondition.swift,\ SilentCondition.swift,\ State.swift,\ TimeoutObserver.swift,\ Typealiases.swift,\ UIUserNotifications+Operations.swift,\ URLSessionTaskOperation.swift,\ UserNotificationCapability.swift /Users/runner/work/Potatso/Potatso/Pods/PSOperations/PSOperations/BlockObserver.swift /Users/runner/work/Potatso/Potatso/Pods/PSOperations/PSOperations/BlockOperation.swift /Users/runner/work/Potatso/Potatso/Pods/PSOperations/PSOperationsCalendar/CalendarCapability.swift /Users/runner/work/Potatso/Potatso/Pods/PSOperations/PSOperations/Capability.swift /Users/runner/work/Potatso/Potatso/Pods/PSOperations/PSOperations/DelayOperation.swift /Users/runner/work/Potatso/Potatso/Pods/PSOperations/PSOperations/Dictionary+Operations.swift /Users/runner/work/Potatso/Potatso/Pods/PSOperations/PSOperations/DispatchQueue+.swift /Users/runner/work/Potatso/Potatso/Pods/PSOperations/PSOperations/ExclusivityController.swift /Users/runner/work/Potatso/Potatso/Pods/PSOperations/PSOperations/GroupOperation.swift /Users/runner/work/Potatso/Potatso/Pods/PSOperations/PSOperationsHealth/HealthCapability.swift /Users/runner/work/Potatso/Potatso/Pods/PSOperations/PSOperations/iCloudContainerCapability.swift /Users/runner/work/Potatso/Potatso/Pods/PSOperations/PSOperationsLocation/LocationCapability-iOS.swift /Users/runner/work/Potatso/Potatso/Pods/PSOperations/PSOperationsLocation/LocationCapability-OSX.swift /Users/runner/work/Potatso/Potatso/Pods/PSOperations/PSOperationsLocation/LocationCapability-tvOS.swift /Users/runner/work/Potatso/Potatso/Pods/PSOperations/PSOperationsLocation/LocationOperation.swift /Users/runner/work/Potatso/Potatso/Pods/PSOperations/PSOperations/MutuallyExclusive.swift /Users/runner/work/Potatso/Potatso/Pods/PSOperations/PSOperations/NegatedCondition.swift /Users/runner/work/Potatso/Potatso/Pods/PSOperations/PSOperations/NoCancelledDependencies.swift /Users/runner/work/Potatso/Potatso/Pods/PSOperations/PSOperations/NSLock+Operations.swift /Users/runner/work/Potatso/Potatso/Pods/PSOperations/PSOperations/NSOperation+Operations.swift /Users/runner/work/Potatso/Potatso/Pods/PSOperations/PSOperations/Operation.swift /Users/runner/work/Potatso/Potatso/Pods/PSOperations/PSOperations/OperationCondition.swift /Users/runner/work/Potatso/Potatso/Pods/PSOperations/PSOperations/OperationErrors.swift /Users/runner/work/Potatso/Potatso/Pods/PSOperations/PSOperations/OperationObserver.swift /Users/runner/work/Potatso/Potatso/Pods/PSOperations/PSOperations/OperationQueue.swift /Users/runner/work/Potatso/Potatso/Pods/PSOperations/PSOperationsPassbook/PassbookCapability.swift /Users/runner/work/Potatso/Potatso/Pods/PSOperations/PSOperations/PhotosCapability.swift /Users/runner/work/Potatso/Potatso/Pods/PSOperations/PSOperations/PushCapability-iOS.swift /Users/runner/work/Potatso/Potatso/Pods/PSOperations/PSOperations/PushCapability-OSX.swift /Users/runner/work/Potatso/Potatso/Pods/PSOperations/PSOperations/QualityOfService+.swift /Users/runner/work/Potatso/Potatso/Pods/PSOperations/PSOperations/ReachabilityCondition.swift /Users/runner/work/Potatso/Potatso/Pods/PSOperations/PSOperations/SilentCondition.swift /Users/runner/work/Potatso/Potatso/Pods/PSOperations/PSOperations/State.swift /Users/runner/work/Potatso/Potatso/Pods/PSOperations/PSOperations/TimeoutObserver.swift /Users/runner/work/Potatso/Potatso/Pods/PSOperations/PSOperations/Typealiases.swift /Users/runner/work/Potatso/Potatso/Pods/PSOperations/PSOperations/UIUserNotifications+Operations.swift /Users/runner/work/Potatso/Potatso/Pods/PSOperations/PSOperations/URLSessionTaskOperation.swift /Users/runner/work/Potatso/Potatso/Pods/PSOperations/PSOperations/UserNotificationCapability.swift (in target 'PSOperations' from project 'Pods')
    cd /Users/runner/work/Potatso/Potatso/Pods
    builtin-swiftTaskExecution -- /Applications/Xcode_15.4.app/Contents/Developer/Toolchains/XcodeDefault.xctoolchain/usr/bin/swift-frontend -frontend -c /Users/runner/work/Potatso/Potatso/Pods/PSOperations/PSOperations/BlockObserver.swift /Users/runner/work/Potatso/Potatso/Pods/PSOperations/PSOperations/BlockOperation.swift /Users/runner/work/Potatso/Potatso/Pods/PSOperations/PSOperationsCalendar/CalendarCapability.swift /Users/runner/work/Potatso/Potatso/Pods/PSOperations/PSOperations/Capability.swift /Users/runner/work/Potatso/Potatso/Pods/PSOperations/PSOperations/DelayOperation.swift /Users/runner/work/Potatso/Potatso/Pods/PSOperations/PSOperations/Dictionary+Operations.swift /Users/runner/work/Potatso/Potatso/Pods/PSOperations/PSOperations/DispatchQueue+.swift /Users/runner/work/Potatso/Potatso/Pods/PSOperations/PSOperations/ExclusivityController.swift /Users/runner/work/Potatso/Potatso/Pods/PSOperations/PSOperations/GroupOperation.swift /Users/runner/work/Potatso/Potatso/Pods/PSOperations/PSOperationsHealth/HealthCapability.swift /Users/runner/work/Potatso/Potatso/Pods/PSOperations/PSOperations/iCloudContainerCapability.swift /Users/runner/work/Potatso/Potatso/Pods/PSOperations/PSOperationsLocation/LocationCapability-iOS.swift /Users/runner/work/Potatso/Potatso/Pods/PSOperations/PSOperationsLocation/LocationCapability-OSX.swift /Users/runner/work/Potatso/Potatso/Pods/PSOperations/PSOperationsLocation/LocationCapability-tvOS.swift /Users/runner/work/Potatso/Potatso/Pods/PSOperations/PSOperationsLocation/LocationOperation.swift /Users/runner/work/Potatso/Potatso/Pods/PSOperations/PSOperations/MutuallyExclusive.swift /Users/runner/work/Potatso/Potatso/Pods/PSOperations/PSOperations/NegatedCondition.swift /Users/runner/work/Potatso/Potatso/Pods/PSOperations/PSOperations/NoCancelledDependencies.swift /Users/runner/work/Potatso/Potatso/Pods/PSOperations/PSOperations/NSLock+Operations.swift /Users/runner/work/Potatso/Potatso/Pods/PSOperations/PSOperations/NSOperation+Operations.swift /Users/runner/work/Potatso/Potatso/Pods/PSOperations/PSOperations/Operation.swift /Users/runner/work/Potatso/Potatso/Pods/PSOperations/PSOperations/OperationCondition.swift /Users/runner/work/Potatso/Potatso/Pods/PSOperations/PSOperations/OperationErrors.swift /Users/runner/work/Potatso/Potatso/Pods/PSOperations/PSOperations/OperationObserver.swift /Users/runner/work/Potatso/Potatso/Pods/PSOperations/PSOperations/OperationQueue.swift /Users/runner/work/Potatso/Potatso/Pods/PSOperations/PSOperationsPassbook/PassbookCapability.swift /Users/runner/work/Potatso/Potatso/Pods/PSOperations/PSOperations/PhotosCapability.swift /Users/runner/work/Potatso/Potatso/Pods/PSOperations/PSOperations/PushCapability-iOS.swift /Users/runner/work/Potatso/Potatso/Pods/PSOperations/PSOperations/PushCapability-OSX.swift /Users/runner/work/Potatso/Potatso/Pods/PSOperations/PSOperations/QualityOfService+.swift /Users/runner/work/Potatso/Potatso/Pods/PSOperations/PSOperations/ReachabilityCondition.swift /Users/runner/work/Potatso/Potatso/Pods/PSOperations/PSOperations/SilentCondition.swift /Users/runner/work/Potatso/Potatso/Pods/PSOperations/PSOperations/State.swift /Users/runner/work/Potatso/Potatso/Pods/PSOperations/PSOperations/TimeoutObserver.swift /Users/runner/work/Potatso/Potatso/Pods/PSOperations/PSOperations/Typealiases.swift /Users/runner/work/Potatso/Potatso/Pods/PSOperations/PSOperations/UIUserNotifications+Operations.swift /Users/runner/work/Potatso/Potatso/Pods/PSOperations/PSOperations/URLSessionTaskOperation.swift /Users/runner/work/Potatso/Potatso/Pods/PSOperations/PSOperations/UserNotificationCapability.swift -supplementary-output-file-map /Users/runner/work/_temp/build/DerivedData/Build/Intermediates.noindex/ArchiveIntermediates/Potatso/IntermediateBuildFilesPath/Pods.build/Release-iphoneos/PSOperations.build/Objects-normal/arm64/supplementaryOutputs-1 -target arm64-apple-ios12.0 -Xllvm -aarch64-use-tbi -enable-objc-interop -sdk /Applications/Xcode_15.4.app/Contents/Developer/Platforms/iPhoneOS.platform/Developer/SDKs/iPhoneOS17.5.sdk -I /Users/runner/work/_temp/build/DerivedData/Build/Intermediates.noindex/ArchiveIntermediates/Potatso/BuildProductsPath/Release-iphoneos/PSOperations -F /Users/runner/work/_temp/build/DerivedData/Build/Intermediates.noindex/ArchiveIntermediates/Potatso/BuildProductsPath/Release-iphoneos/PSOperations -no-color-diagnostics -g -import-underlying-module -module-cache-path /Users/runner/work/_temp/build/DerivedData/ModuleCache.noindex -suppress-warnings -swift-version 4 -enforce-exclusivity\=checked -O -D COCOAPODS -serialize-debugging-options -const-gather-protocols-file /Users/runner/work/_temp/build/DerivedData/Build/Intermediates.noindex/ArchiveIntermediates/Potatso/IntermediateBuildFilesPath/Pods.build/Release-iphoneos/PSOperations.build/Objects-normal/arm64/PSOperations_const_extract_protocols.json -enable-bare-slash-regex -empty-abi-descriptor -validate-clang-modules-once -clang-build-session-file /Users/runner/work/_temp/build/DerivedData/ModuleCache.noindex/Session.modulevalidation -Xcc -working-directory -Xcc /Users/runner/work/Potatso/Potatso/Pods -resource-dir /Applications/Xcode_15.4.app/Contents/Developer/Toolchains/XcodeDefault.xctoolchain/usr/lib/swift -Xcc -ivfsstatcache -Xcc /Users/runner/work/_temp/build/DerivedData/SDKStatCaches.noindex/iphoneos17.5-21F77-f0fa7969d082b13145125136a829df3a.sdkstatcache -Xcc -I/Users/runner/work/_temp/build/DerivedData/Build/Intermediates.noindex/ArchiveIntermediates/Potatso/IntermediateBuildFilesPath/Pods.build/Release-iphoneos/PSOperations.build/swift-overrides.hmap -Xcc -iquote -Xcc /Users/runner/work/_temp/build/DerivedData/Build/Intermediates.noindex/ArchiveIntermediates/Potatso/IntermediateBuildFilesPath/Pods.build/Release-iphoneos/PSOperations.build/PSOperations-generated-files.hmap -Xcc -I/Users/runner/work/_temp/build/DerivedData/Build/Intermediates.noindex/ArchiveIntermediates/Potatso/IntermediateBuildFilesPath/Pods.build/Release-iphoneos/PSOperations.build/PSOperations-own-target-headers.hmap -Xcc -I/Users/runner/work/_temp/build/DerivedData/Build/Intermediates.noindex/ArchiveIntermediates/Potatso/IntermediateBuildFilesPath/Pods.build/Release-iphoneos/PSOperations.build/PSOperations-all-non-framework-target-headers.hmap -Xcc -ivfsoverlay -Xcc /Users/runner/work/_temp/build/DerivedData/Build/Intermediates.noindex/ArchiveIntermediates/Potatso/IntermediateBuildFilesPath/Pods.build/Release-iphoneos/PSOperations.build/all-product-headers.yaml -Xcc -iquote -Xcc /Users/runner/work/_temp/build/DerivedData/Build/Intermediates.noindex/ArchiveIntermediates/Potatso/IntermediateBuildFilesPath/Pods.build/Release-iphoneos/PSOperations.build/PSOperations-project-headers.hmap -Xcc -I/Users/runner/work/_temp/build/DerivedData/Build/Intermediates.noindex/ArchiveIntermediates/Potatso/BuildProductsPath/Release-iphoneos/PSOperations/include -Xcc -I/Users/runner/work/_temp/build/DerivedData/Build/Intermediates.noindex/ArchiveIntermediates/Potatso/IntermediateBuildFilesPath/Pods.build/Release-iphoneos/PSOperations.build/DerivedSources-normal/arm64 -Xcc -I/Users/runner/work/_temp/build/DerivedData/Build/Intermediates.noindex/ArchiveIntermediates/Potatso/IntermediateBuildFilesPath/Pods.build/Release-iphoneos/PSOperations.build/DerivedSources/arm64 -Xcc -I/Users/runner/work/_temp/build/DerivedData/Build/Intermediates.noindex/ArchiveIntermediates/Potatso/IntermediateBuildFilesPath/Pods.build/Release-iphoneos/PSOperations.build/DerivedSources -Xcc -DPOD_CONFIGURATION_RELEASE\=1 -Xcc -DCOCOAPODS\=1 -Xcc -ivfsoverlay -Xcc /Users/runner/work/_temp/build/DerivedData/Build/Intermediates.noindex/ArchiveIntermediates/Potatso/IntermediateBuildFilesPath/Pods.build/Release-iphoneos/PSOperations.build/unextended-module-overlay.yaml -module-name PSOperations -frontend-parseable-output -disable-clang-spi -target-sdk-version 17.5 -target-sdk-name iphoneos17.5 -external-plugin-path /Applications/Xcode_15.4.app/Contents/Developer/Platforms/iPhoneOS.platform/Developer/SDKs/iPhoneOS17.5.sdk/usr/lib/swift/host/plugins\#/Applications/Xcode_15.4.app/Contents/Developer/Platforms/iPhoneOS.platform/Developer/SDKs/iPhoneOS17.5.sdk/usr/bin/swift-plugin-server -external-plugin-path /Applications/Xcode_15.4.app/Contents/Developer/Platforms/iPhoneOS.platform/Developer/SDKs/iPhoneOS17.5.sdk/usr/local/lib/swift/host/plugins\#/Applications/Xcode_15.4.app/Contents/Developer/Platforms/iPhoneOS.platform/Developer/SDKs/iPhoneOS17.5.sdk/usr/bin/swift-plugin-server -external-plugin-path /Applications/Xcode_15.4.app/Contents/Developer/Platforms/iPhoneOS.platform/Developer/usr/lib/swift/host/plugins\#/Applications/Xcode_15.4.app/Contents/Developer/Platforms/iPhoneOS.platform/Developer/usr/bin/swift-plugin-server -external-plugin-path /Applications/Xcode_15.4.app/Contents/Developer/Platforms/iPhoneOS.platform/Developer/usr/local/lib/swift/host/plugins\#/Applications/Xcode_15.4.app/Contents/Developer/Platforms/iPhoneOS.platform/Developer/usr/bin/swift-plugin-server -plugin-path /Applications/Xcode_15.4.app/Contents/Developer/Toolchains/XcodeDefault.xctoolchain/usr/lib/swift/host/plugins -plugin-path /Applications/Xcode_15.4.app/Contents/Developer/Toolchains/XcodeDefault.xctoolchain/usr/local/lib/swift/host/plugins -enable-default-cmo -num-threads 3 -o /Users/runner/work/_temp/build/DerivedData/Build/Intermediates.noindex/ArchiveIntermediates/Potatso/IntermediateBuildFilesPath/Pods.build/Release-iphoneos/PSOperations.build/Objects-normal/arm64/BlockObserver.o -o /Users/runner/work/_temp/build/DerivedData/Build/Intermediates.noindex/ArchiveIntermediates/Potatso/IntermediateBuildFilesPath/Pods.build/Release-iphoneos/PSOperations.build/Objects-normal/arm64/BlockOperation.o -o /Users/runner/work/_temp/build/DerivedData/Build/Intermediates.noindex/ArchiveIntermediates/Potatso/IntermediateBuildFilesPath/Pods.build/Release-iphoneos/PSOperations.build/Objects-normal/arm64/CalendarCapability.o -o /Users/runner/work/_temp/build/DerivedData/Build/Intermediates.noindex/ArchiveIntermediates/Potatso/IntermediateBuildFilesPath/Pods.build/Release-iphoneos/PSOperations.build/Objects-normal/arm64/Capability.o -o /Users/runner/work/_temp/build/DerivedData/Build/Intermediates.noindex/ArchiveIntermediates/Potatso/IntermediateBuildFilesPath/Pods.build/Release-iphoneos/PSOperations.build/Objects-normal/arm64/DelayOperation.o -o /Users/runner/work/_temp/build/DerivedData/Build/Intermediates.noindex/ArchiveIntermediates/Potatso/IntermediateBuildFilesPath/Pods.build/Release-iphoneos/PSOperations.build/Objects-normal/arm64/Dictionary+Operations.o -o /Users/runner/work/_temp/build/DerivedData/Build/Intermediates.noindex/ArchiveIntermediates/Potatso/IntermediateBuildFilesPath/Pods.build/Release-iphoneos/PSOperations.build/Objects-normal/arm64/DispatchQueue+.o -o /Users/runner/work/_temp/build/DerivedData/Build/Intermediates.noindex/ArchiveIntermediates/Potatso/IntermediateBuildFilesPath/Pods.build/Release-iphoneos/PSOperations.build/Objects-normal/arm64/ExclusivityController.o -o /Users/runner/work/_temp/build/DerivedData/Build/Intermediates.noindex/ArchiveIntermediates/Potatso/IntermediateBuildFilesPath/Pods.build/Release-iphoneos/PSOperations.build/Objects-normal/arm64/GroupOperation.o -o /Users/runner/work/_temp/build/DerivedData/Build/Intermediates.noindex/ArchiveIntermediates/Potatso/IntermediateBuildFilesPath/Pods.build/Release-iphoneos/PSOperations.build/Objects-normal/arm64/HealthCapability.o -o /Users/runner/work/_temp/build/DerivedData/Build/Intermediates.noindex/ArchiveIntermediates/Potatso/IntermediateBuildFilesPath/Pods.build/Release-iphoneos/PSOperations.build/Objects-normal/arm64/iCloudContainerCapability.o -o /Users/runner/work/_temp/build/DerivedData/Build/Intermediates.noindex/ArchiveIntermediates/Potatso/IntermediateBuildFilesPath/Pods.build/Release-iphoneos/PSOperations.build/Objects-normal/arm64/LocationCapability-iOS.o -o /Users/runner/work/_temp/build/DerivedData/Build/Intermediates.noindex/ArchiveIntermediates/Potatso/IntermediateBuildFilesPath/Pods.build/Release-iphoneos/PSOperations.build/Objects-normal/arm64/LocationCapability-OSX.o -o /Users/runner/work/_temp/build/DerivedData/Build/Intermediates.noindex/ArchiveIntermediates/Potatso/IntermediateBuildFilesPath/Pods.build/Release-iphoneos/PSOperations.build/Objects-normal/arm64/LocationCapability-tvOS.o -o /Users/runner/work/_temp/build/DerivedData/Build/Intermediates.noindex/ArchiveIntermediates/Potatso/IntermediateBuildFilesPath/Pods.build/Release-iphoneos/PSOperations.build/Objects-normal/arm64/LocationOperation.o -o /Users/runner/work/_temp/build/DerivedData/Build/Intermediates.noindex/ArchiveIntermediates/Potatso/IntermediateBuildFilesPath/Pods.build/Release-iphoneos/PSOperations.build/Objects-normal/arm64/MutuallyExclusive.o -o /Users/runner/work/_temp/build/DerivedData/Build/Intermediates.noindex/ArchiveIntermediates/Potatso/IntermediateBuildFilesPath/Pods.build/Release-iphoneos/PSOperations.build/Objects-normal/arm64/NegatedCondition.o -o /Users/runner/work/_temp/build/DerivedData/Build/Intermediates.noindex/ArchiveIntermediates/Potatso/IntermediateBuildFilesPath/Pods.build/Release-iphoneos/PSOperations.build/Objects-normal/arm64/NoCancelledDependencies.o -o /Users/runner/work/_temp/build/DerivedData/Build/Intermediates.noindex/ArchiveIntermediates/Potatso/IntermediateBuildFilesPath/Pods.build/Release-iphoneos/PSOperations.build/Objects-normal/arm64/NSLock+Operations.o -o /Users/runner/work/_temp/build/DerivedData/Build/Intermediates.noindex/ArchiveIntermediates/Potatso/IntermediateBuildFilesPath/Pods.build/Release-iphoneos/PSOperations.build/Objects-normal/arm64/NSOperation+Operations.o -o /Users/runner/work/_temp/build/DerivedData/Build/Intermediates.noindex/ArchiveIntermediates/Potatso/IntermediateBuildFilesPath/Pods.build/Release-iphoneos/PSOperations.build/Objects-normal/arm64/Operation.o -o /Users/runner/work/_temp/build/DerivedData/Build/Intermediates.noindex/ArchiveIntermediates/Potatso/IntermediateBuildFilesPath/Pods.build/Release-iphoneos/PSOperations.build/Objects-normal/arm64/OperationCondition.o -o /Users/runner/work/_temp/build/DerivedData/Build/Intermediates.noindex/ArchiveIntermediates/Potatso/IntermediateBuildFilesPath/Pods.build/Release-iphoneos/PSOperations.build/Objects-normal/arm64/OperationErrors.o -o /Users/runner/work/_temp/build/DerivedData/Build/Intermediates.noindex/ArchiveIntermediates/Potatso/IntermediateBuildFilesPath/Pods.build/Release-iphoneos/PSOperations.build/Objects-normal/arm64/OperationObserver.o -o /Users/runner/work/_temp/build/DerivedData/Build/Intermediates.noindex/ArchiveIntermediates/Potatso/IntermediateBuildFilesPath/Pods.build/Release-iphoneos/PSOperations.build/Objects-normal/arm64/OperationQueue.o -o /Users/runner/work/_temp/build/DerivedData/Build/Intermediates.noindex/ArchiveIntermediates/Potatso/IntermediateBuildFilesPath/Pods.build/Release-iphoneos/PSOperations.build/Objects-normal/arm64/PassbookCapability.o -o /Users/runner/work/_temp/build/DerivedData/Build/Intermediates.noindex/ArchiveIntermediates/Potatso/IntermediateBuildFilesPath/Pods.build/Release-iphoneos/PSOperations.build/Objects-normal/arm64/PhotosCapability.o -o /Users/runner/work/_temp/build/DerivedData/Build/Intermediates.noindex/ArchiveIntermediates/Potatso/IntermediateBuildFilesPath/Pods.build/Release-iphoneos/PSOperations.build/Objects-normal/arm64/PushCapability-iOS.o -o /Users/runner/work/_temp/build/DerivedData/Build/Intermediates.noindex/ArchiveIntermediates/Potatso/IntermediateBuildFilesPath/Pods.build/Release-iphoneos/PSOperations.build/Objects-normal/arm64/PushCapability-OSX.o -o /Users/runner/work/_temp/build/DerivedData/Build/Intermediates.noindex/ArchiveIntermediates/Potatso/IntermediateBuildFilesPath/Pods.build/Release-iphoneos/PSOperations.build/Objects-normal/arm64/QualityOfService+.o -o /Users/runner/work/_temp/build/DerivedData/Build/Intermediates.noindex/ArchiveIntermediates/Potatso/IntermediateBuildFilesPath/Pods.build/Release-iphoneos/PSOperations.build/Objects-normal/arm64/ReachabilityCondition.o -o /Users/runner/work/_temp/build/DerivedData/Build/Intermediates.noindex/ArchiveIntermediates/Potatso/IntermediateBuildFilesPath/Pods.build/Release-iphoneos/PSOperations.build/Objects-normal/arm64/SilentCondition.o -o /Users/runner/work/_temp/build/DerivedData/Build/Intermediates.noindex/ArchiveIntermediates/Potatso/IntermediateBuildFilesPath/Pods.build/Release-iphoneos/PSOperations.build/Objects-normal/arm64/State.o -o /Users/runner/work/_temp/build/DerivedData/Build/Intermediates.noindex/ArchiveIntermediates/Potatso/IntermediateBuildFilesPath/Pods.build/Release-iphoneos/PSOperations.build/Objects-normal/arm64/TimeoutObserver.o -o /Users/runner/work/_temp/build/DerivedData/Build/Intermediates.noindex/ArchiveIntermediates/Potatso/IntermediateBuildFilesPath/Pods.build/Release-iphoneos/PSOperations.build/Objects-normal/arm64/Typealiases.o -o /Users/runner/work/_temp/build/DerivedData/Build/Intermediates.noindex/ArchiveIntermediates/Potatso/IntermediateBuildFilesPath/Pods.build/Release-iphoneos/PSOperations.build/Objects-normal/arm64/UIUserNotifications+Operations.o -o /Users/runner/work/_temp/build/DerivedData/Build/Intermediates.noindex/ArchiveIntermediates/Potatso/IntermediateBuildFilesPath/Pods.build/Release-iphoneos/PSOperations.build/Objects-normal/arm64/URLSessionTaskOperation.o -o /Users/runner/work/_temp/build/DerivedData/Build/Intermediates.noindex/ArchiveIntermediates/Potatso/IntermediateBuildFilesPath/Pods.build/Release-iphoneos/PSOperations.build/Objects-normal/arm64/UserNotificationCapability.o -index-unit-output-path /Pods.build/Release-iphoneos/PSOperations.build/Objects-normal/arm64/BlockObserver.o -index-unit-output-path /Pods.build/Release-iphoneos/PSOperations.build/Objects-normal/arm64/BlockOperation.o -index-unit-output-path /Pods.build/Release-iphoneos/PSOperations.build/Objects-normal/arm64/CalendarCapability.o -index-unit-output-path /Pods.build/Release-iphoneos/PSOperations.build/Objects-normal/arm64/Capability.o -index-unit-output-path /Pods.build/Release-iphoneos/PSOperations.build/Objects-normal/arm64/DelayOperation.o -index-unit-output-path /Pods.build/Release-iphoneos/PSOperations.build/Objects-normal/arm64/Dictionary+Operations.o -index-unit-output-path /Pods.build/Release-iphoneos/PSOperations.build/Objects-normal/arm64/DispatchQueue+.o -index-unit-output-path /Pods.build/Release-iphoneos/PSOperations.build/Objects-normal/arm64/ExclusivityController.o -index-unit-output-path /Pods.build/Release-iphoneos/PSOperations.build/Objects-normal/arm64/GroupOperation.o -index-unit-output-path /Pods.build/Release-iphoneos/PSOperations.build/Objects-normal/arm64/HealthCapability.o -index-unit-output-path /Pods.build/Release-iphoneos/PSOperations.build/Objects-normal/arm64/iCloudContainerCapability.o -index-unit-output-path /Pods.build/Release-iphoneos/PSOperations.build/Objects-normal/arm64/LocationCapability-iOS.o -index-unit-output-path /Pods.build/Release-iphoneos/PSOperations.build/Objects-normal/arm64/LocationCapability-OSX.o -index-unit-output-path /Pods.build/Release-iphoneos/PSOperations.build/Objects-normal/arm64/LocationCapability-tvOS.o -index-unit-output-path /Pods.build/Release-iphoneos/PSOperations.build/Objects-normal/arm64/LocationOperation.o -index-unit-output-path /Pods.build/Release-iphoneos/PSOperations.build/Objects-normal/arm64/MutuallyExclusive.o -index-unit-output-path /Pods.build/Release-iphoneos/PSOperations.build/Objects-normal/arm64/NegatedCondition.o -index-unit-output-path /Pods.build/Release-iphoneos/PSOperations.build/Objects-normal/arm64/NoCancelledDependencies.o -index-unit-output-path /Pods.build/Release-iphoneos/PSOperations.build/Objects-normal/arm64/NSLock+Operations.o -index-unit-output-path /Pods.build/Release-iphoneos/PSOperations.build/Objects-normal/arm64/NSOperation+Operations.o -index-unit-output-path /Pods.build/Release-iphoneos/PSOperations.build/Objects-normal/arm64/Operation.o -index-unit-output-path /Pods.build/Release-iphoneos/PSOperations.build/Objects-normal/arm64/OperationCondition.o -index-unit-output-path /Pods.build/Release-iphoneos/PSOperations.build/Objects-normal/arm64/OperationErrors.o -index-unit-output-path /Pods.build/Release-iphoneos/PSOperations.build/Objects-normal/arm64/OperationObserver.o -index-unit-output-path /Pods.build/Release-iphoneos/PSOperations.build/Objects-normal/arm64/OperationQueue.o -index-unit-output-path /Pods.build/Release-iphoneos/PSOperations.build/Objects-normal/arm64/PassbookCapability.o -index-unit-output-path /Pods.build/Release-iphoneos/PSOperations.build/Objects-normal/arm64/PhotosCapability.o -index-unit-output-path /Pods.build/Release-iphoneos/PSOperations.build/Objects-normal/arm64/PushCapability-iOS.o -index-unit-output-path /Pods.build/Release-iphoneos/PSOperations.build/Objects-normal/arm64/PushCapability-OSX.o -index-unit-output-path /Pods.build/Release-iphoneos/PSOperations.build/Objects-normal/arm64/QualityOfService+.o -index-unit-output-path /Pods.build/Release-iphoneos/PSOperations.build/Objects-normal/arm64/ReachabilityCondition.o -index-unit-output-path /Pods.build/Release-iphoneos/PSOperations.build/Objects-normal/arm64/SilentCondition.o -index-unit-output-path /Pods.build/Release-iphoneos/PSOperations.build/Objects-normal/arm64/State.o -index-unit-output-path /Pods.build/Release-iphoneos/PSOperations.build/Objects-normal/arm64/TimeoutObserver.o -index-unit-output-path /Pods.build/Release-iphoneos/PSOperations.build/Objects-normal/arm64/Typealiases.o -index-unit-output-path /Pods.build/Release-iphoneos/PSOperations.build/Objects-normal/arm64/UIUserNotifications+Operations.o -index-unit-output-path /Pods.build/Release-iphoneos/PSOperations.build/Objects-normal/arm64/URLSessionTaskOperation.o -index-unit-output-path /Pods.build/Release-iphoneos/PSOperations.build/Objects-normal/arm64/UserNotificationCapability.o
CompileSwift normal arm64 (in target 'PSOperations' from project 'Pods')
    cd /Users/runner/work/Potatso/Potatso/Pods
    /Applications/Xcode_15.4.app/Contents/Developer/Toolchains/XcodeDefault.xctoolchain/usr/bin/swift-frontend -c /Users/runner/work/Potatso/Potatso/Pods/PSOperations/PSOperations/BlockObserver.swift /Users/runner/work/Potatso/Potatso/Pods/PSOperations/PSOperations/BlockOperation.swift /Users/runner/work/Potatso/Potatso/Pods/PSOperations/PSOperationsCalendar/CalendarCapability.swift /Users/runner/work/Potatso/Potatso/Pods/PSOperations/PSOperations/Capability.swift /Users/runner/work/Potatso/Potatso/Pods/PSOperations/PSOperations/DelayOperation.swift /Users/runner/work/Potatso/Potatso/Pods/PSOperations/PSOperations/Dictionary+Operations.swift /Users/runner/work/Potatso/Potatso/Pods/PSOperations/PSOperations/DispatchQueue+.swift /Users/runner/work/Potatso/Potatso/Pods/PSOperations/PSOperations/ExclusivityController.swift /Users/runner/work/Potatso/Potatso/Pods/PSOperations/PSOperations/GroupOperation.swift /Users/runner/work/Potatso/Potatso/Pods/PSOperations/PSOperationsHealth/HealthCapability.swift /Users/runner/work/Potatso/Potatso/Pods/PSOperations/PSOperations/iCloudContainerCapability.swift /Users/runner/work/Potatso/Potatso/Pods/PSOperations/PSOperationsLocation/LocationCapability-iOS.swift /Users/runner/work/Potatso/Potatso/Pods/PSOperations/PSOperationsLocation/LocationCapability-OSX.swift /Users/runner/work/Potatso/Potatso/Pods/PSOperations/PSOperationsLocation/LocationCapability-tvOS.swift /Users/runner/work/Potatso/Potatso/Pods/PSOperations/PSOperationsLocation/LocationOperation.swift /Users/runner/work/Potatso/Potatso/Pods/PSOperations/PSOperations/MutuallyExclusive.swift /Users/runner/work/Potatso/Potatso/Pods/PSOperations/PSOperations/NegatedCondition.swift /Users/runner/work/Potatso/Potatso/Pods/PSOperations/PSOperations/NoCancelledDependencies.swift /Users/runner/work/Potatso/Potatso/Pods/PSOperations/PSOperations/NSLock+Operations.swift /Users/runner/work/Potatso/Potatso/Pods/PSOperations/PSOperations/NSOperation+Operations.swift /Users/runner/work/Potatso/Potatso/Pods/PSOperations/PSOperations/Operation.swift /Users/runner/work/Potatso/Potatso/Pods/PSOperations/PSOperations/OperationCondition.swift /Users/runner/work/Potatso/Potatso/Pods/PSOperations/PSOperations/OperationErrors.swift /Users/runner/work/Potatso/Potatso/Pods/PSOperations/PSOperations/OperationObserver.swift /Users/runner/work/Potatso/Potatso/Pods/PSOperations/PSOperations/OperationQueue.swift /Users/runner/work/Potatso/Potatso/Pods/PSOperations/PSOperationsPassbook/PassbookCapability.swift /Users/runner/work/Potatso/Potatso/Pods/PSOperations/PSOperations/PhotosCapability.swift /Users/runner/work/Potatso/Potatso/Pods/PSOperations/PSOperations/PushCapability-iOS.swift /Users/runner/work/Potatso/Potatso/Pods/PSOperations/PSOperations/PushCapability-OSX.swift /Users/runner/work/Potatso/Potatso/Pods/PSOperations/PSOperations/QualityOfService+.swift /Users/runner/work/Potatso/Potatso/Pods/PSOperations/PSOperations/ReachabilityCondition.swift /Users/runner/work/Potatso/Potatso/Pods/PSOperations/PSOperations/SilentCondition.swift /Users/runner/work/Potatso/Potatso/Pods/PSOperations/PSOperations/State.swift /Users/runner/work/Potatso/Potatso/Pods/PSOperations/PSOperations/TimeoutObserver.swift /Users/runner/work/Potatso/Potatso/Pods/PSOperations/PSOperations/Typealiases.swift /Users/runner/work/Potatso/Potatso/Pods/PSOperations/PSOperations/UIUserNotifications+Operations.swift /Users/runner/work/Potatso/Potatso/Pods/PSOperations/PSOperations/URLSessionTaskOperation.swift /Users/runner/work/Potatso/Potatso/Pods/PSOperations/PSOperations/UserNotificationCapability.swift -supplementary-output-file-map /Users/runner/work/_temp/build/DerivedData/Build/Intermediates.noindex/ArchiveIntermediates/Potatso/IntermediateBuildFilesPath/Pods.build/Release-iphoneos/PSOperations.build/Objects-normal/arm64/supplementaryOutputs-1 -target arm64-apple-ios12.0 -Xllvm -aarch64-use-tbi -enable-objc-interop -sdk /Applications/Xcode_15.4.app/Contents/Developer/Platforms/iPhoneOS.platform/Developer/SDKs/iPhoneOS17.5.sdk -I /Users/runner/work/_temp/build/DerivedData/Build/Intermediates.noindex/ArchiveIntermediates/Potatso/BuildProductsPath/Release-iphoneos/PSOperations -F /Users/runner/work/_temp/build/DerivedData/Build/Intermediates.noindex/ArchiveIntermediates/Potatso/BuildProductsPath/Release-iphoneos/PSOperations -no-color-diagnostics -g -import-underlying-module -module-cache-path /Users/runner/work/_temp/build/DerivedData/ModuleCache.noindex -suppress-warnings -swift-version 4 -enforce-exclusivity\=checked -O -D COCOAPODS -serialize-debugging-options -const-gather-protocols-file /Users/runner/work/_temp/build/DerivedData/Build/Intermediates.noindex/ArchiveIntermediates/Potatso/IntermediateBuildFilesPath/Pods.build/Release-iphoneos/PSOperations.build/Objects-normal/arm64/PSOperations_const_extract_protocols.json -enable-bare-slash-regex -empty-abi-descriptor -validate-clang-modules-once -clang-build-session-file /Users/runner/work/_temp/build/DerivedData/ModuleCache.noindex/Session.modulevalidation -Xcc -working-directory -Xcc /Users/runner/work/Potatso/Potatso/Pods -resource-dir /Applications/Xcode_15.4.app/Contents/Developer/Toolchains/XcodeDefault.xctoolchain/usr/lib/swift -Xcc -ivfsstatcache -Xcc /Users/runner/work/_temp/build/DerivedData/SDKStatCaches.noindex/iphoneos17.5-21F77-f0fa7969d082b13145125136a829df3a.sdkstatcache -Xcc -I/Users/runner/work/_temp/build/DerivedData/Build/Intermediates.noindex/ArchiveIntermediates/Potatso/IntermediateBuildFilesPath/Pods.build/Release-iphoneos/PSOperations.build/swift-overrides.hmap -Xcc -iquote -Xcc /Users/runner/work/_temp/build/DerivedData/Build/Intermediates.noindex/ArchiveIntermediates/Potatso/IntermediateBuildFilesPath/Pods.build/Release-iphoneos/PSOperations.build/PSOperations-generated-files.hmap -Xcc -I/Users/runner/work/_temp/build/DerivedData/Build/Intermediates.noindex/ArchiveIntermediates/Potatso/IntermediateBuildFilesPath/Pods.build/Release-iphoneos/PSOperations.build/PSOperations-own-target-headers.hmap -Xcc -I/Users/runner/work/_temp/build/DerivedData/Build/Intermediates.noindex/ArchiveIntermediates/Potatso/IntermediateBuildFilesPath/Pods.build/Release-iphoneos/PSOperations.build/PSOperations-all-non-framework-target-headers.hmap -Xcc -ivfsoverlay -Xcc /Users/runner/work/_temp/build/DerivedData/Build/Intermediates.noindex/ArchiveIntermediates/Potatso/IntermediateBuildFilesPath/Pods.build/Release-iphoneos/PSOperations.build/all-product-headers.yaml -Xcc -iquote -Xcc /Users/runner/work/_temp/build/DerivedData/Build/Intermediates.noindex/ArchiveIntermediates/Potatso/IntermediateBuildFilesPath/Pods.build/Release-iphoneos/PSOperations.build/PSOperations-project-headers.hmap -Xcc -I/Users/runner/work/_temp/build/DerivedData/Build/Intermediates.noindex/ArchiveIntermediates/Potatso/BuildProductsPath/Release-iphoneos/PSOperations/include -Xcc -I/Users/runner/work/_temp/build/DerivedData/Build/Intermediates.noindex/ArchiveIntermediates/Potatso/IntermediateBuildFilesPath/Pods.build/Release-iphoneos/PSOperations.build/DerivedSources-normal/arm64 -Xcc -I/Users/runner/work/_temp/build/DerivedData/Build/Intermediates.noindex/ArchiveIntermediates/Potatso/IntermediateBuildFilesPath/Pods.build/Release-iphoneos/PSOperations.build/DerivedSources/arm64 -Xcc -I/Users/runner/work/_temp/build/DerivedData/Build/Intermediates.noindex/ArchiveIntermediates/Potatso/IntermediateBuildFilesPath/Pods.build/Release-iphoneos/PSOperations.build/DerivedSources -Xcc -DPOD_CONFIGURATION_RELEASE\=1 -Xcc -DCOCOAPODS\=1 -Xcc -ivfsoverlay -Xcc /Users/runner/work/_temp/build/DerivedData/Build/Intermediates.noindex/ArchiveIntermediates/Potatso/IntermediateBuildFilesPath/Pods.build/Release-iphoneos/PSOperations.build/unextended-module-overlay.yaml -module-name PSOperations -frontend-parseable-output -disable-clang-spi -target-sdk-version 17.5 -target-sdk-name iphoneos17.5 -external-plugin-path /Applications/Xcode_15.4.app/Contents/Developer/Platforms/iPhoneOS.platform/Developer/SDKs/iPhoneOS17.5.sdk/usr/lib/swift/host/plugins\#/Applications/Xcode_15.4.app/Contents/Developer/Platforms/iPhoneOS.platform/Developer/SDKs/iPhoneOS17.5.sdk/usr/bin/swift-plugin-server -external-plugin-path /Applications/Xcode_15.4.app/Contents/Developer/Platforms/iPhoneOS.platform/Developer/SDKs/iPhoneOS17.5.sdk/usr/local/lib/swift/host/plugins\#/Applications/Xcode_15.4.app/Contents/Developer/Platforms/iPhoneOS.platform/Developer/SDKs/iPhoneOS17.5.sdk/usr/bin/swift-plugin-server -external-plugin-path /Applications/Xcode_15.4.app/Contents/Developer/Platforms/iPhoneOS.platform/Developer/usr/lib/swift/host/plugins\#/Applications/Xcode_15.4.app/Contents/Developer/Platforms/iPhoneOS.platform/Developer/usr/bin/swift-plugin-server -external-plugin-path /Applications/Xcode_15.4.app/Contents/Developer/Platforms/iPhoneOS.platform/Developer/usr/local/lib/swift/host/plugins\#/Applications/Xcode_15.4.app/Contents/Developer/Platforms/iPhoneOS.platform/Developer/usr/bin/swift-plugin-server -plugin-path /Applications/Xcode_15.4.app/Contents/Developer/Toolchains/XcodeDefault.xctoolchain/usr/lib/swift/host/plugins -plugin-path /Applications/Xcode_15.4.app/Contents/Developer/Toolchains/XcodeDefault.xctoolchain/usr/local/lib/swift/host/plugins -enable-default-cmo -num-threads 3 -o /Users/runner/work/_temp/build/DerivedData/Build/Intermediates.noindex/ArchiveIntermediates/Potatso/IntermediateBuildFilesPath/Pods.build/Release-iphoneos/PSOperations.build/Objects-normal/arm64/BlockObserver.o -o /Users/runner/work/_temp/build/DerivedData/Build/Intermediates.noindex/ArchiveIntermediates/Potatso/IntermediateBuildFilesPath/Pods.build/Release-iphoneos/PSOperations.build/Objects-normal/arm64/BlockOperation.o -o /Users/runner/work/_temp/build/DerivedData/Build/Intermediates.noindex/ArchiveIntermediates/Potatso/IntermediateBuildFilesPath/Pods.build/Release-iphoneos/PSOperations.build/Objects-normal/arm64/CalendarCapability.o -o /Users/runner/work/_temp/build/DerivedData/Build/Intermediates.noindex/ArchiveIntermediates/Potatso/IntermediateBuildFilesPath/Pods.build/Release-iphoneos/PSOperations.build/Objects-normal/arm64/Capability.o -o /Users/runner/work/_temp/build/DerivedData/Build/Intermediates.noindex/ArchiveIntermediates/Potatso/IntermediateBuildFilesPath/Pods.build/Release-iphoneos/PSOperations.build/Objects-normal/arm64/DelayOperation.o -o /Users/runner/work/_temp/build/DerivedData/Build/Intermediates.noindex/ArchiveIntermediates/Potatso/IntermediateBuildFilesPath/Pods.build/Release-iphoneos/PSOperations.build/Objects-normal/arm64/Dictionary+Operations.o -o /Users/runner/work/_temp/build/DerivedData/Build/Intermediates.noindex/ArchiveIntermediates/Potatso/IntermediateBuildFilesPath/Pods.build/Release-iphoneos/PSOperations.build/Objects-normal/arm64/DispatchQueue+.o -o /Users/runner/work/_temp/build/DerivedData/Build/Intermediates.noindex/ArchiveIntermediates/Potatso/IntermediateBuildFilesPath/Pods.build/Release-iphoneos/PSOperations.build/Objects-normal/arm64/ExclusivityController.o -o /Users/runner/work/_temp/build/DerivedData/Build/Intermediates.noindex/ArchiveIntermediates/Potatso/IntermediateBuildFilesPath/Pods.build/Release-iphoneos/PSOperations.build/Objects-normal/arm64/GroupOperation.o -o /Users/runner/work/_temp/build/DerivedData/Build/Intermediates.noindex/ArchiveIntermediates/Potatso/IntermediateBuildFilesPath/Pods.build/Release-iphoneos/PSOperations.build/Objects-normal/arm64/HealthCapability.o -o /Users/runner/work/_temp/build/DerivedData/Build/Intermediates.noindex/ArchiveIntermediates/Potatso/IntermediateBuildFilesPath/Pods.build/Release-iphoneos/PSOperations.build/Objects-normal/arm64/iCloudContainerCapability.o -o /Users/runner/work/_temp/build/DerivedData/Build/Intermediates.noindex/ArchiveIntermediates/Potatso/IntermediateBuildFilesPath/Pods.build/Release-iphoneos/PSOperations.build/Objects-normal/arm64/LocationCapability-iOS.o -o /Users/runner/work/_temp/build/DerivedData/Build/Intermediates.noindex/ArchiveIntermediates/Potatso/IntermediateBuildFilesPath/Pods.build/Release-iphoneos/PSOperations.build/Objects-normal/arm64/LocationCapability-OSX.o -o /Users/runner/work/_temp/build/DerivedData/Build/Intermediates.noindex/ArchiveIntermediates/Potatso/IntermediateBuildFilesPath/Pods.build/Release-iphoneos/PSOperations.build/Objects-normal/arm64/LocationCapability-tvOS.o -o /Users/runner/work/_temp/build/DerivedData/Build/Intermediates.noindex/ArchiveIntermediates/Potatso/IntermediateBuildFilesPath/Pods.build/Release-iphoneos/PSOperations.build/Objects-normal/arm64/LocationOperation.o -o /Users/runner/work/_temp/build/DerivedData/Build/Intermediates.noindex/ArchiveIntermediates/Potatso/IntermediateBuildFilesPath/Pods.build/Release-iphoneos/PSOperations.build/Objects-normal/arm64/MutuallyExclusive.o -o /Users/runner/work/_temp/build/DerivedData/Build/Intermediates.noindex/ArchiveIntermediates/Potatso/IntermediateBuildFilesPath/Pods.build/Release-iphoneos/PSOperations.build/Objects-normal/arm64/NegatedCondition.o -o /Users/runner/work/_temp/build/DerivedData/Build/Intermediates.noindex/ArchiveIntermediates/Potatso/IntermediateBuildFilesPath/Pods.build/Release-iphoneos/PSOperations.build/Objects-normal/arm64/NoCancelledDependencies.o -o /Users/runner/work/_temp/build/DerivedData/Build/Intermediates.noindex/ArchiveIntermediates/Potatso/IntermediateBuildFilesPath/Pods.build/Release-iphoneos/PSOperations.build/Objects-normal/arm64/NSLock+Operations.o -o /Users/runner/work/_temp/build/DerivedData/Build/Intermediates.noindex/ArchiveIntermediates/Potatso/IntermediateBuildFilesPath/Pods.build/Release-iphoneos/PSOperations.build/Objects-normal/arm64/NSOperation+Operations.o -o /Users/runner/work/_temp/build/DerivedData/Build/Intermediates.noindex/ArchiveIntermediates/Potatso/IntermediateBuildFilesPath/Pods.build/Release-iphoneos/PSOperations.build/Objects-normal/arm64/Operation.o -o /Users/runner/work/_temp/build/DerivedData/Build/Intermediates.noindex/ArchiveIntermediates/Potatso/IntermediateBuildFilesPath/Pods.build/Release-iphoneos/PSOperations.build/Objects-normal/arm64/OperationCondition.o -o /Users/runner/work/_temp/build/DerivedData/Build/Intermediates.noindex/ArchiveIntermediates/Potatso/IntermediateBuildFilesPath/Pods.build/Release-iphoneos/PSOperations.build/Objects-normal/arm64/OperationErrors.o -o /Users/runner/work/_temp/build/DerivedData/Build/Intermediates.noindex/ArchiveIntermediates/Potatso/IntermediateBuildFilesPath/Pods.build/Release-iphoneos/PSOperations.build/Objects-normal/arm64/OperationObserver.o -o /Users/runner/work/_temp/build/DerivedData/Build/Intermediates.noindex/ArchiveIntermediates/Potatso/IntermediateBuildFilesPath/Pods.build/Release-iphoneos/PSOperations.build/Objects-normal/arm64/OperationQueue.o -o /Users/runner/work/_temp/build/DerivedData/Build/Intermediates.noindex/ArchiveIntermediates/Potatso/IntermediateBuildFilesPath/Pods.build/Release-iphoneos/PSOperations.build/Objects-normal/arm64/PassbookCapability.o -o /Users/runner/work/_temp/build/DerivedData/Build/Intermediates.noindex/ArchiveIntermediates/Potatso/IntermediateBuildFilesPath/Pods.build/Release-iphoneos/PSOperations.build/Objects-normal/arm64/PhotosCapability.o -o /Users/runner/work/_temp/build/DerivedData/Build/Intermediates.noindex/ArchiveIntermediates/Potatso/IntermediateBuildFilesPath/Pods.build/Release-iphoneos/PSOperations.build/Objects-normal/arm64/PushCapability-iOS.o -o /Users/runner/work/_temp/build/DerivedData/Build/Intermediates.noindex/ArchiveIntermediates/Potatso/IntermediateBuildFilesPath/Pods.build/Release-iphoneos/PSOperations.build/Objects-normal/arm64/PushCapability-OSX.o -o /Users/runner/work/_temp/build/DerivedData/Build/Intermediates.noindex/ArchiveIntermediates/Potatso/IntermediateBuildFilesPath/Pods.build/Release-iphoneos/PSOperations.build/Objects-normal/arm64/QualityOfService+.o -o /Users/runner/work/_temp/build/DerivedData/Build/Intermediates.noindex/ArchiveIntermediates/Potatso/IntermediateBuildFilesPath/Pods.build/Release-iphoneos/PSOperations.build/Objects-normal/arm64/ReachabilityCondition.o -o /Users/runner/work/_temp/build/DerivedData/Build/Intermediates.noindex/ArchiveIntermediates/Potatso/IntermediateBuildFilesPath/Pods.build/Release-iphoneos/PSOperations.build/Objects-normal/arm64/SilentCondition.o -o /Users/runner/work/_temp/build/DerivedData/Build/Intermediates.noindex/ArchiveIntermediates/Potatso/IntermediateBuildFilesPath/Pods.build/Release-iphoneos/PSOperations.build/Objects-normal/arm64/State.o -o /Users/runner/work/_temp/build/DerivedData/Build/Intermediates.noindex/ArchiveIntermediates/Potatso/IntermediateBuildFilesPath/Pods.build/Release-iphoneos/PSOperations.build/Objects-normal/arm64/TimeoutObserver.o -o /Users/runner/work/_temp/build/DerivedData/Build/Intermediates.noindex/ArchiveIntermediates/Potatso/IntermediateBuildFilesPath/Pods.build/Release-iphoneos/PSOperations.build/Objects-normal/arm64/Typealiases.o -o /Users/runner/work/_temp/build/DerivedData/Build/Intermediates.noindex/ArchiveIntermediates/Potatso/IntermediateBuildFilesPath/Pods.build/Release-iphoneos/PSOperations.build/Objects-normal/arm64/UIUserNotifications+Operations.o -o /Users/runner/work/_temp/build/DerivedData/Build/Intermediates.noindex/ArchiveIntermediates/Potatso/IntermediateBuildFilesPath/Pods.build/Release-iphoneos/PSOperations.build/Objects-normal/arm64/URLSessionTaskOperation.o -o /Users/runner/work/_temp/build/DerivedData/Build/Intermediates.noindex/ArchiveIntermediates/Potatso/IntermediateBuildFilesPath/Pods.build/Release-iphoneos/PSOperations.build/Objects-normal/arm64/UserNotificationCapability.o -index-unit-output-path /Pods.build/Release-iphoneos/PSOperations.build/Objects-normal/arm64/BlockObserver.o -index-unit-output-path /Pods.build/Release-iphoneos/PSOperations.build/Objects-normal/arm64/BlockOperation.o -index-unit-output-path /Pods.build/Release-iphoneos/PSOperations.build/Objects-normal/arm64/CalendarCapability.o -index-unit-output-path /Pods.build/Release-iphoneos/PSOperations.build/Objects-normal/arm64/Capability.o -index-unit-output-path /Pods.build/Release-iphoneos/PSOperations.build/Objects-normal/arm64/DelayOperation.o -index-unit-output-path /Pods.build/Release-iphoneos/PSOperations.build/Objects-normal/arm64/Dictionary+Operations.o -index-unit-output-path /Pods.build/Release-iphoneos/PSOperations.build/Objects-normal/arm64/DispatchQueue+.o -index-unit-output-path /Pods.build/Release-iphoneos/PSOperations.build/Objects-normal/arm64/ExclusivityController.o -index-unit-output-path /Pods.build/Release-iphoneos/PSOperations.build/Objects-normal/arm64/GroupOperation.o -index-unit-output-path /Pods.build/Release-iphoneos/PSOperations.build/Objects-normal/arm64/HealthCapability.o -index-unit-output-path /Pods.build/Release-iphoneos/PSOperations.build/Objects-normal/arm64/iCloudContainerCapability.o -index-unit-output-path /Pods.build/Release-iphoneos/PSOperations.build/Objects-normal/arm64/LocationCapability-iOS.o -index-unit-output-path /Pods.build/Release-iphoneos/PSOperations.build/Objects-normal/arm64/LocationCapability-OSX.o -index-unit-output-path /Pods.build/Release-iphoneos/PSOperations.build/Objects-normal/arm64/LocationCapability-tvOS.o -index-unit-output-path /Pods.build/Release-iphoneos/PSOperations.build/Objects-normal/arm64/LocationOperation.o -index-unit-output-path /Pods.build/Release-iphoneos/PSOperations.build/Objects-normal/arm64/MutuallyExclusive.o -index-unit-output-path /Pods.build/Release-iphoneos/PSOperations.build/Objects-normal/arm64/NegatedCondition.o -index-unit-output-path /Pods.build/Release-iphoneos/PSOperations.build/Objects-normal/arm64/NoCancelledDependencies.o -index-unit-output-path /Pods.build/Release-iphoneos/PSOperations.build/Objects-normal/arm64/NSLock+Operations.o -index-unit-output-path /Pods.build/Release-iphoneos/PSOperations.build/Objects-normal/arm64/NSOperation+Operations.o -index-unit-output-path /Pods.build/Release-iphoneos/PSOperations.build/Objects-normal/arm64/Operation.o -index-unit-output-path /Pods.build/Release-iphoneos/PSOperations.build/Objects-normal/arm64/OperationCondition.o -index-unit-output-path /Pods.build/Release-iphoneos/PSOperations.build/Objects-normal/arm64/OperationErrors.o -index-unit-output-path /Pods.build/Release-iphoneos/PSOperations.build/Objects-normal/arm64/OperationObserver.o -index-unit-output-path /Pods.build/Release-iphoneos/PSOperations.build/Objects-normal/arm64/OperationQueue.o -index-unit-output-path /Pods.build/Release-iphoneos/PSOperations.build/Objects-normal/arm64/PassbookCapability.o -index-unit-output-path /Pods.build/Release-iphoneos/PSOperations.build/Objects-normal/arm64/PhotosCapability.o -index-unit-output-path /Pods.build/Release-iphoneos/PSOperations.build/Objects-normal/arm64/PushCapability-iOS.o -index-unit-output-path /Pods.build/Release-iphoneos/PSOperations.build/Objects-normal/arm64/PushCapability-OSX.o -index-unit-output-path /Pods.build/Release-iphoneos/PSOperations.build/Objects-normal/arm64/QualityOfService+.o -index-unit-output-path /Pods.build/Release-iphoneos/PSOperations.build/Objects-normal/arm64/ReachabilityCondition.o -index-unit-output-path /Pods.build/Release-iphoneos/PSOperations.build/Objects-normal/arm64/SilentCondition.o -index-unit-output-path /Pods.build/Release-iphoneos/PSOperations.build/Objects-normal/arm64/State.o -index-unit-output-path /Pods.build/Release-iphoneos/PSOperations.build/Objects-normal/arm64/TimeoutObserver.o -index-unit-output-path /Pods.build/Release-iphoneos/PSOperations.build/Objects-normal/arm64/Typealiases.o -index-unit-output-path /Pods.build/Release-iphoneos/PSOperations.build/Objects-normal/arm64/UIUserNotifications+Operations.o -index-unit-output-path /Pods.build/Release-iphoneos/PSOperations.build/Objects-normal/arm64/URLSessionTaskOperation.o -index-unit-output-path /Pods.build/Release-iphoneos/PSOperations.build/Objects-normal/arm64/UserNotificationCapability.o

SwiftCompile normal arm64 Compiling\ CustomDateFormatTransform.swift,\ DataTransform.swift,\ DateFormatterTransform.swift,\ DateTransform.swift,\ DictionaryTransform.swift,\ EnumOperators.swift,\ EnumTransform.swift,\ FromJSON.swift,\ HexColorTransform.swift,\ ImmutableMappable.swift,\ ISO8601DateTransform.swift,\ Map.swift,\ MapError.swift,\ Mappable.swift,\ Mapper.swift,\ NSDecimalNumberTransform.swift,\ Operators.swift,\ ToJSON.swift,\ TransformOf.swift,\ TransformOperators.swift,\ TransformType.swift,\ URLTransform.swift /Users/runner/work/Potatso/Potatso/Pods/ObjectMapper/Sources/CustomDateFormatTransform.swift /Users/runner/work/Potatso/Potatso/Pods/ObjectMapper/Sources/DataTransform.swift /Users/runner/work/Potatso/Potatso/Pods/ObjectMapper/Sources/DateFormatterTransform.swift /Users/runner/work/Potatso/Potatso/Pods/ObjectMapper/Sources/DateTransform.swift /Users/runner/work/Potatso/Potatso/Pods/ObjectMapper/Sources/DictionaryTransform.swift /Users/runner/work/Potatso/Potatso/Pods/ObjectMapper/Sources/EnumOperators.swift /Users/runner/work/Potatso/Potatso/Pods/ObjectMapper/Sources/EnumTransform.swift /Users/runner/work/Potatso/Potatso/Pods/ObjectMapper/Sources/FromJSON.swift /Users/runner/work/Potatso/Potatso/Pods/ObjectMapper/Sources/HexColorTransform.swift /Users/runner/work/Potatso/Potatso/Pods/ObjectMapper/Sources/ImmutableMappable.swift /Users/runner/work/Potatso/Potatso/Pods/ObjectMapper/Sources/ISO8601DateTransform.swift /Users/runner/work/Potatso/Potatso/Pods/ObjectMapper/Sources/Map.swift /Users/runner/work/Potatso/Potatso/Pods/ObjectMapper/Sources/MapError.swift /Users/runner/work/Potatso/Potatso/Pods/ObjectMapper/Sources/Mappable.swift /Users/runner/work/Potatso/Potatso/Pods/ObjectMapper/Sources/Mapper.swift /Users/runner/work/Potatso/Potatso/Pods/ObjectMapper/Sources/NSDecimalNumberTransform.swift /Users/runner/work/Potatso/Potatso/Pods/ObjectMapper/Sources/Operators.swift /Users/runner/work/Potatso/Potatso/Pods/ObjectMapper/Sources/ToJSON.swift /Users/runner/work/Potatso/Potatso/Pods/ObjectMapper/Sources/TransformOf.swift /Users/runner/work/Potatso/Potatso/Pods/ObjectMapper/Sources/TransformOperators.swift /Users/runner/work/Potatso/Potatso/Pods/ObjectMapper/Sources/TransformType.swift /Users/runner/work/Potatso/Potatso/Pods/ObjectMapper/Sources/URLTransform.swift (in target 'ObjectMapper' from project 'Pods')
    cd /Users/runner/work/Potatso/Potatso/Pods
    builtin-swiftTaskExecution -- /Applications/Xcode_15.4.app/Contents/Developer/Toolchains/XcodeDefault.xctoolchain/usr/bin/swift-frontend -frontend -c /Users/runner/work/Potatso/Potatso/Pods/ObjectMapper/Sources/CustomDateFormatTransform.swift /Users/runner/work/Potatso/Potatso/Pods/ObjectMapper/Sources/DataTransform.swift /Users/runner/work/Potatso/Potatso/Pods/ObjectMapper/Sources/DateFormatterTransform.swift /Users/runner/work/Potatso/Potatso/Pods/ObjectMapper/Sources/DateTransform.swift /Users/runner/work/Potatso/Potatso/Pods/ObjectMapper/Sources/DictionaryTransform.swift /Users/runner/work/Potatso/Potatso/Pods/ObjectMapper/Sources/EnumOperators.swift /Users/runner/work/Potatso/Potatso/Pods/ObjectMapper/Sources/EnumTransform.swift /Users/runner/work/Potatso/Potatso/Pods/ObjectMapper/Sources/FromJSON.swift /Users/runner/work/Potatso/Potatso/Pods/ObjectMapper/Sources/HexColorTransform.swift /Users/runner/work/Potatso/Potatso/Pods/ObjectMapper/Sources/ImmutableMappable.swift /Users/runner/work/Potatso/Potatso/Pods/ObjectMapper/Sources/ISO8601DateTransform.swift /Users/runner/work/Potatso/Potatso/Pods/ObjectMapper/Sources/Map.swift /Users/runner/work/Potatso/Potatso/Pods/ObjectMapper/Sources/MapError.swift /Users/runner/work/Potatso/Potatso/Pods/ObjectMapper/Sources/Mappable.swift /Users/runner/work/Potatso/Potatso/Pods/ObjectMapper/Sources/Mapper.swift /Users/runner/work/Potatso/Potatso/Pods/ObjectMapper/Sources/NSDecimalNumberTransform.swift /Users/runner/work/Potatso/Potatso/Pods/ObjectMapper/Sources/Operators.swift /Users/runner/work/Potatso/Potatso/Pods/ObjectMapper/Sources/ToJSON.swift /Users/runner/work/Potatso/Potatso/Pods/ObjectMapper/Sources/TransformOf.swift /Users/runner/work/Potatso/Potatso/Pods/ObjectMapper/Sources/TransformOperators.swift /Users/runner/work/Potatso/Potatso/Pods/ObjectMapper/Sources/TransformType.swift /Users/runner/work/Potatso/Potatso/Pods/ObjectMapper/Sources/URLTransform.swift -supplementary-output-file-map /Users/runner/work/_temp/build/DerivedData/Build/Intermediates.noindex/ArchiveIntermediates/Potatso/IntermediateBuildFilesPath/Pods.build/Release-iphoneos/ObjectMapper.build/Objects-normal/arm64/supplementaryOutputs-2 -target arm64-apple-ios12.0 -Xllvm -aarch64-use-tbi -enable-objc-interop -sdk /Applications/Xcode_15.4.app/Contents/Developer/Platforms/iPhoneOS.platform/Developer/SDKs/iPhoneOS17.5.sdk -I /Users/runner/work/_temp/build/DerivedData/Build/Intermediates.noindex/ArchiveIntermediates/Potatso/BuildProductsPath/Release-iphoneos/ObjectMapper -F /Users/runner/work/_temp/build/DerivedData/Build/Intermediates.noindex/ArchiveIntermediates/Potatso/BuildProductsPath/Release-iphoneos/ObjectMapper -no-color-diagnostics -g -import-underlying-module -module-cache-path /Users/runner/work/_temp/build/DerivedData/ModuleCache.noindex -suppress-warnings -swift-version 5 -enforce-exclusivity\=checked -O -D COCOAPODS -serialize-debugging-options -const-gather-protocols-file /Users/runner/work/_temp/build/DerivedData/Build/Intermediates.noindex/ArchiveIntermediates/Potatso/IntermediateBuildFilesPath/Pods.build/Release-iphoneos/ObjectMapper.build/Objects-normal/arm64/ObjectMapper_const_extract_protocols.json -enable-bare-slash-regex -empty-abi-descriptor -validate-clang-modules-once -clang-build-session-file /Users/runner/work/_temp/build/DerivedData/ModuleCache.noindex/Session.modulevalidation -Xcc -working-directory -Xcc /Users/runner/work/Potatso/Potatso/Pods -resource-dir /Applications/Xcode_15.4.app/Contents/Developer/Toolchains/XcodeDefault.xctoolchain/usr/lib/swift -Xcc -ivfsstatcache -Xcc /Users/runner/work/_temp/build/DerivedData/SDKStatCaches.noindex/iphoneos17.5-21F77-f0fa7969d082b13145125136a829df3a.sdkstatcache -Xcc -I/Users/runner/work/_temp/build/DerivedData/Build/Intermediates.noindex/ArchiveIntermediates/Potatso/IntermediateBuildFilesPath/Pods.build/Release-iphoneos/ObjectMapper.build/swift-overrides.hmap -Xcc -iquote -Xcc /Users/runner/work/_temp/build/DerivedData/Build/Intermediates.noindex/ArchiveIntermediates/Potatso/IntermediateBuildFilesPath/Pods.build/Release-iphoneos/ObjectMapper.build/ObjectMapper-generated-files.hmap -Xcc -I/Users/runner/work/_temp/build/DerivedData/Build/Intermediates.noindex/ArchiveIntermediates/Potatso/IntermediateBuildFilesPath/Pods.build/Release-iphoneos/ObjectMapper.build/ObjectMapper-own-target-headers.hmap -Xcc -I/Users/runner/work/_temp/build/DerivedData/Build/Intermediates.noindex/ArchiveIntermediates/Potatso/IntermediateBuildFilesPath/Pods.build/Release-iphoneos/ObjectMapper.build/ObjectMapper-all-non-framework-target-headers.hmap -Xcc -ivfsoverlay -Xcc /Users/runner/work/_temp/build/DerivedData/Build/Intermediates.noindex/ArchiveIntermediates/Potatso/IntermediateBuildFilesPath/Pods.build/Release-iphoneos/ObjectMapper.build/all-product-headers.yaml -Xcc -iquote -Xcc /Users/runner/work/_temp/build/DerivedData/Build/Intermediates.noindex/ArchiveIntermediates/Potatso/IntermediateBuildFilesPath/Pods.build/Release-iphoneos/ObjectMapper.build/ObjectMapper-project-headers.hmap -Xcc -I/Users/runner/work/_temp/build/DerivedData/Build/Intermediates.noindex/ArchiveIntermediates/Potatso/BuildProductsPath/Release-iphoneos/ObjectMapper/include -Xcc -I/Users/runner/work/_temp/build/DerivedData/Build/Intermediates.noindex/ArchiveIntermediates/Potatso/IntermediateBuildFilesPath/Pods.build/Release-iphoneos/ObjectMapper.build/DerivedSources-normal/arm64 -Xcc -I/Users/runner/work/_temp/build/DerivedData/Build/Intermediates.noindex/ArchiveIntermediates/Potatso/IntermediateBuildFilesPath/Pods.build/Release-iphoneos/ObjectMapper.build/DerivedSources/arm64 -Xcc -I/Users/runner/work/_temp/build/DerivedData/Build/Intermediates.noindex/ArchiveIntermediates/Potatso/IntermediateBuildFilesPath/Pods.build/Release-iphoneos/ObjectMapper.build/DerivedSources -Xcc -DPOD_CONFIGURATION_RELEASE\=1 -Xcc -DCOCOAPODS\=1 -Xcc -ivfsoverlay -Xcc /Users/runner/work/_temp/build/DerivedData/Build/Intermediates.noindex/ArchiveIntermediates/Potatso/IntermediateBuildFilesPath/Pods.build/Release-iphoneos/ObjectMapper.build/unextended-module-overlay.yaml -module-name ObjectMapper -frontend-parseable-output -disable-clang-spi -target-sdk-version 17.5 -target-sdk-name iphoneos17.5 -external-plugin-path /Applications/Xcode_15.4.app/Contents/Developer/Platforms/iPhoneOS.platform/Developer/SDKs/iPhoneOS17.5.sdk/usr/lib/swift/host/plugins\#/Applications/Xcode_15.4.app/Contents/Developer/Platforms/iPhoneOS.platform/Developer/SDKs/iPhoneOS17.5.sdk/usr/bin/swift-plugin-server -external-plugin-path /Applications/Xcode_15.4.app/Contents/Developer/Platforms/iPhoneOS.platform/Developer/SDKs/iPhoneOS17.5.sdk/usr/local/lib/swift/host/plugins\#/Applications/Xcode_15.4.app/Contents/Developer/Platforms/iPhoneOS.platform/Developer/SDKs/iPhoneOS17.5.sdk/usr/bin/swift-plugin-server -external-plugin-path /Applications/Xcode_15.4.app/Contents/Developer/Platforms/iPhoneOS.platform/Developer/usr/lib/swift/host/plugins\#/Applications/Xcode_15.4.app/Contents/Developer/Platforms/iPhoneOS.platform/Developer/usr/bin/swift-plugin-server -external-plugin-path /Applications/Xcode_15.4.app/Contents/Developer/Platforms/iPhoneOS.platform/Developer/usr/local/lib/swift/host/plugins\#/Applications/Xcode_15.4.app/Contents/Developer/Platforms/iPhoneOS.platform/Developer/usr/bin/swift-plugin-server -plugin-path /Applications/Xcode_15.4.app/Contents/Developer/Toolchains/XcodeDefault.xctoolchain/usr/lib/swift/host/plugins -plugin-path /Applications/Xcode_15.4.app/Contents/Developer/Toolchains/XcodeDefault.xctoolchain/usr/local/lib/swift/host/plugins -enable-default-cmo -num-threads 3 -o /Users/runner/work/_temp/build/DerivedData/Build/Intermediates.noindex/ArchiveIntermediates/Potatso/IntermediateBuildFilesPath/Pods.build/Release-iphoneos/ObjectMapper.build/Objects-normal/arm64/CustomDateFormatTransform.o -o /Users/runner/work/_temp/build/DerivedData/Build/Intermediates.noindex/ArchiveIntermediates/Potatso/IntermediateBuildFilesPath/Pods.build/Release-iphoneos/ObjectMapper.build/Objects-normal/arm64/DataTransform.o -o /Users/runner/work/_temp/build/DerivedData/Build/Intermediates.noindex/ArchiveIntermediates/Potatso/IntermediateBuildFilesPath/Pods.build/Release-iphoneos/ObjectMapper.build/Objects-normal/arm64/DateFormatterTransform.o -o /Users/runner/work/_temp/build/DerivedData/Build/Intermediates.noindex/ArchiveIntermediates/Potatso/IntermediateBuildFilesPath/Pods.build/Release-iphoneos/ObjectMapper.build/Objects-normal/arm64/DateTransform.o -o /Users/runner/work/_temp/build/DerivedData/Build/Intermediates.noindex/ArchiveIntermediates/Potatso/IntermediateBuildFilesPath/Pods.build/Release-iphoneos/ObjectMapper.build/Objects-normal/arm64/DictionaryTransform.o -o /Users/runner/work/_temp/build/DerivedData/Build/Intermediates.noindex/ArchiveIntermediates/Potatso/IntermediateBuildFilesPath/Pods.build/Release-iphoneos/ObjectMapper.build/Objects-normal/arm64/EnumOperators.o -o /Users/runner/work/_temp/build/DerivedData/Build/Intermediates.noindex/ArchiveIntermediates/Potatso/IntermediateBuildFilesPath/Pods.build/Release-iphoneos/ObjectMapper.build/Objects-normal/arm64/EnumTransform.o -o /Users/runner/work/_temp/build/DerivedData/Build/Intermediates.noindex/ArchiveIntermediates/Potatso/IntermediateBuildFilesPath/Pods.build/Release-iphoneos/ObjectMapper.build/Objects-normal/arm64/FromJSON.o -o /Users/runner/work/_temp/build/DerivedData/Build/Intermediates.noindex/ArchiveIntermediates/Potatso/IntermediateBuildFilesPath/Pods.build/Release-iphoneos/ObjectMapper.build/Objects-normal/arm64/HexColorTransform.o -o /Users/runner/work/_temp/build/DerivedData/Build/Intermediates.noindex/ArchiveIntermediates/Potatso/IntermediateBuildFilesPath/Pods.build/Release-iphoneos/ObjectMapper.build/Objects-normal/arm64/ImmutableMappable.o -o /Users/runner/work/_temp/build/DerivedData/Build/Intermediates.noindex/ArchiveIntermediates/Potatso/IntermediateBuildFilesPath/Pods.build/Release-iphoneos/ObjectMapper.build/Objects-normal/arm64/ISO8601DateTransform.o -o /Users/runner/work/_temp/build/DerivedData/Build/Intermediates.noindex/ArchiveIntermediates/Potatso/IntermediateBuildFilesPath/Pods.build/Release-iphoneos/ObjectMapper.build/Objects-normal/arm64/Map.o -o /Users/runner/work/_temp/build/DerivedData/Build/Intermediates.noindex/ArchiveIntermediates/Potatso/IntermediateBuildFilesPath/Pods.build/Release-iphoneos/ObjectMapper.build/Objects-normal/arm64/MapError.o -o /Users/runner/work/_temp/build/DerivedData/Build/Intermediates.noindex/ArchiveIntermediates/Potatso/IntermediateBuildFilesPath/Pods.build/Release-iphoneos/ObjectMapper.build/Objects-normal/arm64/Mappable.o -o /Users/runner/work/_temp/build/DerivedData/Build/Intermediates.noindex/ArchiveIntermediates/Potatso/IntermediateBuildFilesPath/Pods.build/Release-iphoneos/ObjectMapper.build/Objects-normal/arm64/Mapper.o -o /Users/runner/work/_temp/build/DerivedData/Build/Intermediates.noindex/ArchiveIntermediates/Potatso/IntermediateBuildFilesPath/Pods.build/Release-iphoneos/ObjectMapper.build/Objects-normal/arm64/NSDecimalNumberTransform.o -o /Users/runner/work/_temp/build/DerivedData/Build/Intermediates.noindex/ArchiveIntermediates/Potatso/IntermediateBuildFilesPath/Pods.build/Release-iphoneos/ObjectMapper.build/Objects-normal/arm64/Operators.o -o /Users/runner/work/_temp/build/DerivedData/Build/Intermediates.noindex/ArchiveIntermediates/Potatso/IntermediateBuildFilesPath/Pods.build/Release-iphoneos/ObjectMapper.build/Objects-normal/arm64/ToJSON.o -o /Users/runner/work/_temp/build/DerivedData/Build/Intermediates.noindex/ArchiveIntermediates/Potatso/IntermediateBuildFilesPath/Pods.build/Release-iphoneos/ObjectMapper.build/Objects-normal/arm64/TransformOf.o -o /Users/runner/work/_temp/build/DerivedData/Build/Intermediates.noindex/ArchiveIntermediates/Potatso/IntermediateBuildFilesPath/Pods.build/Release-iphoneos/ObjectMapper.build/Objects-normal/arm64/TransformOperators.o -o /Users/runner/work/_temp/build/DerivedData/Build/Intermediates.noindex/ArchiveIntermediates/Potatso/IntermediateBuildFilesPath/Pods.build/Release-iphoneos/ObjectMapper.build/Objects-normal/arm64/TransformType.o -o /Users/runner/work/_temp/build/DerivedData/Build/Intermediates.noindex/ArchiveIntermediates/Potatso/IntermediateBuildFilesPath/Pods.build/Release-iphoneos/ObjectMapper.build/Objects-normal/arm64/URLTransform.o -index-unit-output-path /Pods.build/Release-iphoneos/ObjectMapper.build/Objects-normal/arm64/CustomDateFormatTransform.o -index-unit-output-path /Pods.build/Release-iphoneos/ObjectMapper.build/Objects-normal/arm64/DataTransform.o -index-unit-output-path /Pods.build/Release-iphoneos/ObjectMapper.build/Objects-normal/arm64/DateFormatterTransform.o -index-unit-output-path /Pods.build/Release-iphoneos/ObjectMapper.build/Objects-normal/arm64/DateTransform.o -index-unit-output-path /Pods.build/Release-iphoneos/ObjectMapper.build/Objects-normal/arm64/DictionaryTransform.o -index-unit-output-path /Pods.build/Release-iphoneos/ObjectMapper.build/Objects-normal/arm64/EnumOperators.o -index-unit-output-path /Pods.build/Release-iphoneos/ObjectMapper.build/Objects-normal/arm64/EnumTransform.o -index-unit-output-path /Pods.build/Release-iphoneos/ObjectMapper.build/Objects-normal/arm64/FromJSON.o -index-unit-output-path /Pods.build/Release-iphoneos/ObjectMapper.build/Objects-normal/arm64/HexColorTransform.o -index-unit-output-path /Pods.build/Release-iphoneos/ObjectMapper.build/Objects-normal/arm64/ImmutableMappable.o -index-unit-output-path /Pods.build/Release-iphoneos/ObjectMapper.build/Objects-normal/arm64/ISO8601DateTransform.o -index-unit-output-path /Pods.build/Release-iphoneos/ObjectMapper.build/Objects-normal/arm64/Map.o -index-unit-output-path /Pods.build/Release-iphoneos/ObjectMapper.build/Objects-normal/arm64/MapError.o -index-unit-output-path /Pods.build/Release-iphoneos/ObjectMapper.build/Objects-normal/arm64/Mappable.o -index-unit-output-path /Pods.build/Release-iphoneos/ObjectMapper.build/Objects-normal/arm64/Mapper.o -index-unit-output-path /Pods.build/Release-iphoneos/ObjectMapper.build/Objects-normal/arm64/NSDecimalNumberTransform.o -index-unit-output-path /Pods.build/Release-iphoneos/ObjectMapper.build/Objects-normal/arm64/Operators.o -index-unit-output-path /Pods.build/Release-iphoneos/ObjectMapper.build/Objects-normal/arm64/ToJSON.o -index-unit-output-path /Pods.build/Release-iphoneos/ObjectMapper.build/Objects-normal/arm64/TransformOf.o -index-unit-output-path /Pods.build/Release-iphoneos/ObjectMapper.build/Objects-normal/arm64/TransformOperators.o -index-unit-output-path /Pods.build/Release-iphoneos/ObjectMapper.build/Objects-normal/arm64/TransformType.o -index-unit-output-path /Pods.build/Release-iphoneos/ObjectMapper.build/Objects-normal/arm64/URLTransform.o

CompileSwift normal arm64 (in target 'ObjectMapper' from project 'Pods')
    cd /Users/runner/work/Potatso/Potatso/Pods
    /Applications/Xcode_15.4.app/Contents/Developer/Toolchains/XcodeDefault.xctoolchain/usr/bin/swift-frontend -c /Users/runner/work/Potatso/Potatso/Pods/ObjectMapper/Sources/CustomDateFormatTransform.swift /Users/runner/work/Potatso/Potatso/Pods/ObjectMapper/Sources/DataTransform.swift /Users/runner/work/Potatso/Potatso/Pods/ObjectMapper/Sources/DateFormatterTransform.swift /Users/runner/work/Potatso/Potatso/Pods/ObjectMapper/Sources/DateTransform.swift /Users/runner/work/Potatso/Potatso/Pods/ObjectMapper/Sources/DictionaryTransform.swift /Users/runner/work/Potatso/Potatso/Pods/ObjectMapper/Sources/EnumOperators.swift /Users/runner/work/Potatso/Potatso/Pods/ObjectMapper/Sources/EnumTransform.swift /Users/runner/work/Potatso/Potatso/Pods/ObjectMapper/Sources/FromJSON.swift /Users/runner/work/Potatso/Potatso/Pods/ObjectMapper/Sources/HexColorTransform.swift /Users/runner/work/Potatso/Potatso/Pods/ObjectMapper/Sources/ImmutableMappable.swift /Users/runner/work/Potatso/Potatso/Pods/ObjectMapper/Sources/ISO8601DateTransform.swift /Users/runner/work/Potatso/Potatso/Pods/ObjectMapper/Sources/Map.swift /Users/runner/work/Potatso/Potatso/Pods/ObjectMapper/Sources/MapError.swift /Users/runner/work/Potatso/Potatso/Pods/ObjectMapper/Sources/Mappable.swift /Users/runner/work/Potatso/Potatso/Pods/ObjectMapper/Sources/Mapper.swift /Users/runner/work/Potatso/Potatso/Pods/ObjectMapper/Sources/NSDecimalNumberTransform.swift /Users/runner/work/Potatso/Potatso/Pods/ObjectMapper/Sources/Operators.swift /Users/runner/work/Potatso/Potatso/Pods/ObjectMapper/Sources/ToJSON.swift /Users/runner/work/Potatso/Potatso/Pods/ObjectMapper/Sources/TransformOf.swift /Users/runner/work/Potatso/Potatso/Pods/ObjectMapper/Sources/TransformOperators.swift /Users/runner/work/Potatso/Potatso/Pods/ObjectMapper/Sources/TransformType.swift /Users/runner/work/Potatso/Potatso/Pods/ObjectMapper/Sources/URLTransform.swift -supplementary-output-file-map /Users/runner/work/_temp/build/DerivedData/Build/Intermediates.noindex/ArchiveIntermediates/Potatso/IntermediateBuildFilesPath/Pods.build/Release-iphoneos/ObjectMapper.build/Objects-normal/arm64/supplementaryOutputs-2 -target arm64-apple-ios12.0 -Xllvm -aarch64-use-tbi -enable-objc-interop -sdk /Applications/Xcode_15.4.app/Contents/Developer/Platforms/iPhoneOS.platform/Developer/SDKs/iPhoneOS17.5.sdk -I /Users/runner/work/_temp/build/DerivedData/Build/Intermediates.noindex/ArchiveIntermediates/Potatso/BuildProductsPath/Release-iphoneos/ObjectMapper -F /Users/runner/work/_temp/build/DerivedData/Build/Intermediates.noindex/ArchiveIntermediates/Potatso/BuildProductsPath/Release-iphoneos/ObjectMapper -no-color-diagnostics -g -import-underlying-module -module-cache-path /Users/runner/work/_temp/build/DerivedData/ModuleCache.noindex -suppress-warnings -swift-version 5 -enforce-exclusivity\=checked -O -D COCOAPODS -serialize-debugging-options -const-gather-protocols-file /Users/runner/work/_temp/build/DerivedData/Build/Intermediates.noindex/ArchiveIntermediates/Potatso/IntermediateBuildFilesPath/Pods.build/Release-iphoneos/ObjectMapper.build/Objects-normal/arm64/ObjectMapper_const_extract_protocols.json -enable-bare-slash-regex -empty-abi-descriptor -validate-clang-modules-once -clang-build-session-file /Users/runner/work/_temp/build/DerivedData/ModuleCache.noindex/Session.modulevalidation -Xcc -working-directory -Xcc /Users/runner/work/Potatso/Potatso/Pods -resource-dir /Applications/Xcode_15.4.app/Contents/Developer/Toolchains/XcodeDefault.xctoolchain/usr/lib/swift -Xcc -ivfsstatcache -Xcc /Users/runner/work/_temp/build/DerivedData/SDKStatCaches.noindex/iphoneos17.5-21F77-f0fa7969d082b13145125136a829df3a.sdkstatcache -Xcc -I/Users/runner/work/_temp/build/DerivedData/Build/Intermediates.noindex/ArchiveIntermediates/Potatso/IntermediateBuildFilesPath/Pods.build/Release-iphoneos/ObjectMapper.build/swift-overrides.hmap -Xcc -iquote -Xcc /Users/runner/work/_temp/build/DerivedData/Build/Intermediates.noindex/ArchiveIntermediates/Potatso/IntermediateBuildFilesPath/Pods.build/Release-iphoneos/ObjectMapper.build/ObjectMapper-generated-files.hmap -Xcc -I/Users/runner/work/_temp/build/DerivedData/Build/Intermediates.noindex/ArchiveIntermediates/Potatso/IntermediateBuildFilesPath/Pods.build/Release-iphoneos/ObjectMapper.build/ObjectMapper-own-target-headers.hmap -Xcc -I/Users/runner/work/_temp/build/DerivedData/Build/Intermediates.noindex/ArchiveIntermediates/Potatso/IntermediateBuildFilesPath/Pods.build/Release-iphoneos/ObjectMapper.build/ObjectMapper-all-non-framework-target-headers.hmap -Xcc -ivfsoverlay -Xcc /Users/runner/work/_temp/build/DerivedData/Build/Intermediates.noindex/ArchiveIntermediates/Potatso/IntermediateBuildFilesPath/Pods.build/Release-iphoneos/ObjectMapper.build/all-product-headers.yaml -Xcc -iquote -Xcc /Users/runner/work/_temp/build/DerivedData/Build/Intermediates.noindex/ArchiveIntermediates/Potatso/IntermediateBuildFilesPath/Pods.build/Release-iphoneos/ObjectMapper.build/ObjectMapper-project-headers.hmap -Xcc -I/Users/runner/work/_temp/build/DerivedData/Build/Intermediates.noindex/ArchiveIntermediates/Potatso/BuildProductsPath/Release-iphoneos/ObjectMapper/include -Xcc -I/Users/runner/work/_temp/build/DerivedData/Build/Intermediates.noindex/ArchiveIntermediates/Potatso/IntermediateBuildFilesPath/Pods.build/Release-iphoneos/ObjectMapper.build/DerivedSources-normal/arm64 -Xcc -I/Users/runner/work/_temp/build/DerivedData/Build/Intermediates.noindex/ArchiveIntermediates/Potatso/IntermediateBuildFilesPath/Pods.build/Release-iphoneos/ObjectMapper.build/DerivedSources/arm64 -Xcc -I/Users/runner/work/_temp/build/DerivedData/Build/Intermediates.noindex/ArchiveIntermediates/Potatso/IntermediateBuildFilesPath/Pods.build/Release-iphoneos/ObjectMapper.build/DerivedSources -Xcc -DPOD_CONFIGURATION_RELEASE\=1 -Xcc -DCOCOAPODS\=1 -Xcc -ivfsoverlay -Xcc /Users/runner/work/_temp/build/DerivedData/Build/Intermediates.noindex/ArchiveIntermediates/Potatso/IntermediateBuildFilesPath/Pods.build/Release-iphoneos/ObjectMapper.build/unextended-module-overlay.yaml -module-name ObjectMapper -frontend-parseable-output -disable-clang-spi -target-sdk-version 17.5 -target-sdk-name iphoneos17.5 -external-plugin-path /Applications/Xcode_15.4.app/Contents/Developer/Platforms/iPhoneOS.platform/Developer/SDKs/iPhoneOS17.5.sdk/usr/lib/swift/host/plugins\#/Applications/Xcode_15.4.app/Contents/Developer/Platforms/iPhoneOS.platform/Developer/SDKs/iPhoneOS17.5.sdk/usr/bin/swift-plugin-server -external-plugin-path /Applications/Xcode_15.4.app/Contents/Developer/Platforms/iPhoneOS.platform/Developer/SDKs/iPhoneOS17.5.sdk/usr/local/lib/swift/host/plugins\#/Applications/Xcode_15.4.app/Contents/Developer/Platforms/iPhoneOS.platform/Developer/SDKs/iPhoneOS17.5.sdk/usr/bin/swift-plugin-server -external-plugin-path /Applications/Xcode_15.4.app/Contents/Developer/Platforms/iPhoneOS.platform/Developer/usr/lib/swift/host/plugins\#/Applications/Xcode_15.4.app/Contents/Developer/Platforms/iPhoneOS.platform/Developer/usr/bin/swift-plugin-server -external-plugin-path /Applications/Xcode_15.4.app/Contents/Developer/Platforms/iPhoneOS.platform/Developer/usr/local/lib/swift/host/plugins\#/Applications/Xcode_15.4.app/Contents/Developer/Platforms/iPhoneOS.platform/Developer/usr/bin/swift-plugin-server -plugin-path /Applications/Xcode_15.4.app/Contents/Developer/Toolchains/XcodeDefault.xctoolchain/usr/lib/swift/host/plugins -plugin-path /Applications/Xcode_15.4.app/Contents/Developer/Toolchains/XcodeDefault.xctoolchain/usr/local/lib/swift/host/plugins -enable-default-cmo -num-threads 3 -o /Users/runner/work/_temp/build/DerivedData/Build/Intermediates.noindex/ArchiveIntermediates/Potatso/IntermediateBuildFilesPath/Pods.build/Release-iphoneos/ObjectMapper.build/Objects-normal/arm64/CustomDateFormatTransform.o -o /Users/runner/work/_temp/build/DerivedData/Build/Intermediates.noindex/ArchiveIntermediates/Potatso/IntermediateBuildFilesPath/Pods.build/Release-iphoneos/ObjectMapper.build/Objects-normal/arm64/DataTransform.o -o /Users/runner/work/_temp/build/DerivedData/Build/Intermediates.noindex/ArchiveIntermediates/Potatso/IntermediateBuildFilesPath/Pods.build/Release-iphoneos/ObjectMapper.build/Objects-normal/arm64/DateFormatterTransform.o -o /Users/runner/work/_temp/build/DerivedData/Build/Intermediates.noindex/ArchiveIntermediates/Potatso/IntermediateBuildFilesPath/Pods.build/Release-iphoneos/ObjectMapper.build/Objects-normal/arm64/DateTransform.o -o /Users/runner/work/_temp/build/DerivedData/Build/Intermediates.noindex/ArchiveIntermediates/Potatso/IntermediateBuildFilesPath/Pods.build/Release-iphoneos/ObjectMapper.build/Objects-normal/arm64/DictionaryTransform.o -o /Users/runner/work/_temp/build/DerivedData/Build/Intermediates.noindex/ArchiveIntermediates/Potatso/IntermediateBuildFilesPath/Pods.build/Release-iphoneos/ObjectMapper.build/Objects-normal/arm64/EnumOperators.o -o /Users/runner/work/_temp/build/DerivedData/Build/Intermediates.noindex/ArchiveIntermediates/Potatso/IntermediateBuildFilesPath/Pods.build/Release-iphoneos/ObjectMapper.build/Objects-normal/arm64/EnumTransform.o -o /Users/runner/work/_temp/build/DerivedData/Build/Intermediates.noindex/ArchiveIntermediates/Potatso/IntermediateBuildFilesPath/Pods.build/Release-iphoneos/ObjectMapper.build/Objects-normal/arm64/FromJSON.o -o /Users/runner/work/_temp/build/DerivedData/Build/Intermediates.noindex/ArchiveIntermediates/Potatso/IntermediateBuildFilesPath/Pods.build/Release-iphoneos/ObjectMapper.build/Objects-normal/arm64/HexColorTransform.o -o /Users/runner/work/_temp/build/DerivedData/Build/Intermediates.noindex/ArchiveIntermediates/Potatso/IntermediateBuildFilesPath/Pods.build/Release-iphoneos/ObjectMapper.build/Objects-normal/arm64/ImmutableMappable.o -o /Users/runner/work/_temp/build/DerivedData/Build/Intermediates.noindex/ArchiveIntermediates/Potatso/IntermediateBuildFilesPath/Pods.build/Release-iphoneos/ObjectMapper.build/Objects-normal/arm64/ISO8601DateTransform.o -o /Users/runner/work/_temp/build/DerivedData/Build/Intermediates.noindex/ArchiveIntermediates/Potatso/IntermediateBuildFilesPath/Pods.build/Release-iphoneos/ObjectMapper.build/Objects-normal/arm64/Map.o -o /Users/runner/work/_temp/build/DerivedData/Build/Intermediates.noindex/ArchiveIntermediates/Potatso/IntermediateBuildFilesPath/Pods.build/Release-iphoneos/ObjectMapper.build/Objects-normal/arm64/MapError.o -o /Users/runner/work/_temp/build/DerivedData/Build/Intermediates.noindex/ArchiveIntermediates/Potatso/IntermediateBuildFilesPath/Pods.build/Release-iphoneos/ObjectMapper.build/Objects-normal/arm64/Mappable.o -o /Users/runner/work/_temp/build/DerivedData/Build/Intermediates.noindex/ArchiveIntermediates/Potatso/IntermediateBuildFilesPath/Pods.build/Release-iphoneos/ObjectMapper.build/Objects-normal/arm64/Mapper.o -o /Users/runner/work/_temp/build/DerivedData/Build/Intermediates.noindex/ArchiveIntermediates/Potatso/IntermediateBuildFilesPath/Pods.build/Release-iphoneos/ObjectMapper.build/Objects-normal/arm64/NSDecimalNumberTransform.o -o /Users/runner/work/_temp/build/DerivedData/Build/Intermediates.noindex/ArchiveIntermediates/Potatso/IntermediateBuildFilesPath/Pods.build/Release-iphoneos/ObjectMapper.build/Objects-normal/arm64/Operators.o -o /Users/runner/work/_temp/build/DerivedData/Build/Intermediates.noindex/ArchiveIntermediates/Potatso/IntermediateBuildFilesPath/Pods.build/Release-iphoneos/ObjectMapper.build/Objects-normal/arm64/ToJSON.o -o /Users/runner/work/_temp/build/DerivedData/Build/Intermediates.noindex/ArchiveIntermediates/Potatso/IntermediateBuildFilesPath/Pods.build/Release-iphoneos/ObjectMapper.build/Objects-normal/arm64/TransformOf.o -o /Users/runner/work/_temp/build/DerivedData/Build/Intermediates.noindex/ArchiveIntermediates/Potatso/IntermediateBuildFilesPath/Pods.build/Release-iphoneos/ObjectMapper.build/Objects-normal/arm64/TransformOperators.o -o /Users/runner/work/_temp/build/DerivedData/Build/Intermediates.noindex/ArchiveIntermediates/Potatso/IntermediateBuildFilesPath/Pods.build/Release-iphoneos/ObjectMapper.build/Objects-normal/arm64/TransformType.o -o /Users/runner/work/_temp/build/DerivedData/Build/Intermediates.noindex/ArchiveIntermediates/Potatso/IntermediateBuildFilesPath/Pods.build/Release-iphoneos/ObjectMapper.build/Objects-normal/arm64/URLTransform.o -index-unit-output-path /Pods.build/Release-iphoneos/ObjectMapper.build/Objects-normal/arm64/CustomDateFormatTransform.o -index-unit-output-path /Pods.build/Release-iphoneos/ObjectMapper.build/Objects-normal/arm64/DataTransform.o -index-unit-output-path /Pods.build/Release-iphoneos/ObjectMapper.build/Objects-normal/arm64/DateFormatterTransform.o -index-unit-output-path /Pods.build/Release-iphoneos/ObjectMapper.build/Objects-normal/arm64/DateTransform.o -index-unit-output-path /Pods.build/Release-iphoneos/ObjectMapper.build/Objects-normal/arm64/DictionaryTransform.o -index-unit-output-path /Pods.build/Release-iphoneos/ObjectMapper.build/Objects-normal/arm64/EnumOperators.o -index-unit-output-path /Pods.build/Release-iphoneos/ObjectMapper.build/Objects-normal/arm64/EnumTransform.o -index-unit-output-path /Pods.build/Release-iphoneos/ObjectMapper.build/Objects-normal/arm64/FromJSON.o -index-unit-output-path /Pods.build/Release-iphoneos/ObjectMapper.build/Objects-normal/arm64/HexColorTransform.o -index-unit-output-path /Pods.build/Release-iphoneos/ObjectMapper.build/Objects-normal/arm64/ImmutableMappable.o -index-unit-output-path /Pods.build/Release-iphoneos/ObjectMapper.build/Objects-normal/arm64/ISO8601DateTransform.o -index-unit-output-path /Pods.build/Release-iphoneos/ObjectMapper.build/Objects-normal/arm64/Map.o -index-unit-output-path /Pods.build/Release-iphoneos/ObjectMapper.build/Objects-normal/arm64/MapError.o -index-unit-output-path /Pods.build/Release-iphoneos/ObjectMapper.build/Objects-normal/arm64/Mappable.o -index-unit-output-path /Pods.build/Release-iphoneos/ObjectMapper.build/Objects-normal/arm64/Mapper.o -index-unit-output-path /Pods.build/Release-iphoneos/ObjectMapper.build/Objects-normal/arm64/NSDecimalNumberTransform.o -index-unit-output-path /Pods.build/Release-iphoneos/ObjectMapper.build/Objects-normal/arm64/Operators.o -index-unit-output-path /Pods.build/Release-iphoneos/ObjectMapper.build/Objects-normal/arm64/ToJSON.o -index-unit-output-path /Pods.build/Release-iphoneos/ObjectMapper.build/Objects-normal/arm64/TransformOf.o -index-unit-output-path /Pods.build/Release-iphoneos/ObjectMapper.build/Objects-normal/arm64/TransformOperators.o -index-unit-output-path /Pods.build/Release-iphoneos/ObjectMapper.build/Objects-normal/arm64/TransformType.o -index-unit-output-path /Pods.build/Release-iphoneos/ObjectMapper.build/Objects-normal/arm64/URLTransform.o
/Users/runner/work/Potatso/Potatso/Pods/ObjectMapper/Sources/EnumOperators.swift:35:13: error: invalid redeclaration of '<-'
public func <- <T: RawRepresentable>(left: inout T!, right: Map) {
            ^
/Users/runner/work/Potatso/Potatso/Pods/ObjectMapper/Sources/EnumOperators.swift:25:13: note: '<-' previously declared here
public func <- <T: RawRepresentable>(left: inout T?, right: Map) {
            ^
/Users/runner/work/Potatso/Potatso/Pods/ObjectMapper/Sources/EnumOperators.swift:25:13: note: '<-' previously declared here
public func <- <T: RawRepresentable>(left: inout T?, right: Map) {
            ^
/Users/runner/work/Potatso/Potatso/Pods/ObjectMapper/Sources/EnumOperators.swift:35:13: note: implicitly unwrapped optional parameter is of same type as optional parameter
public func <- <T: RawRepresentable>(left: inout T!, right: Map) {
            ^
/Users/runner/work/Potatso/Potatso/Pods/ObjectMapper/Sources/EnumOperators.swift:62:13: error: invalid redeclaration of '<-'
public func <- <T: RawRepresentable>(left: inout [T]!, right: Map) {
            ^
/Users/runner/work/Potatso/Potatso/Pods/ObjectMapper/Sources/EnumOperators.swift:52:13: note: '<-' previously declared here
public func <- <T: RawRepresentable>(left: inout [T]?, right: Map) {
            ^
/Users/runner/work/Potatso/Potatso/Pods/ObjectMapper/Sources/EnumOperators.swift:52:13: note: '<-' previously declared here
public func <- <T: RawRepresentable>(left: inout [T]?, right: Map) {
            ^
/Users/runner/work/Potatso/Potatso/Pods/ObjectMapper/Sources/EnumOperators.swift:62:13: note: implicitly unwrapped optional parameter is of same type as optional parameter
public func <- <T: RawRepresentable>(left: inout [T]!, right: Map) {
            ^
/Users/runner/work/Potatso/Potatso/Pods/ObjectMapper/Sources/EnumOperators.swift:89:13: error: invalid redeclaration of '<-'
public func <- <T: RawRepresentable>(left: inout [String: T]!, right: Map) {
            ^
/Users/runner/work/Potatso/Potatso/Pods/ObjectMapper/Sources/EnumOperators.swift:79:13: note: '<-' previously declared here
public func <- <T: RawRepresentable>(left: inout [String: T]?, right: Map) {
            ^
/Users/runner/work/Potatso/Potatso/Pods/ObjectMapper/Sources/EnumOperators.swift:79:13: note: '<-' previously declared here
public func <- <T: RawRepresentable>(left: inout [String: T]?, right: Map) {
            ^
/Users/runner/work/Potatso/Potatso/Pods/ObjectMapper/Sources/EnumOperators.swift:89:13: note: implicitly unwrapped optional parameter is of same type as optional parameter
public func <- <T: RawRepresentable>(left: inout [String: T]!, right: Map) {
            ^
/Users/runner/work/Potatso/Potatso/Pods/ObjectMapper/Sources/FromJSON.swift:44:13: error: invalid redeclaration of 'optionalBasicType(_:object:)'
        class func optionalBasicType<FieldType>(_ field: inout FieldType!, object: FieldType?) {
                   ^
/Users/runner/work/Potatso/Potatso/Pods/ObjectMapper/Sources/FromJSON.swift:39:13: note: 'optionalBasicType(_:object:)' previously declared here
        class func optionalBasicType<FieldType>(_ field: inout FieldType?, object: FieldType?) {
                   ^
/Users/runner/work/Potatso/Potatso/Pods/ObjectMapper/Sources/FromJSON.swift:39:13: note: 'optionalBasicType(_:object:)' previously declared here
        class func optionalBasicType<FieldType>(_ field: inout FieldType?, object: FieldType?) {
                   ^
/Users/runner/work/Potatso/Potatso/Pods/ObjectMapper/Sources/FromJSON.swift:44:13: note: implicitly unwrapped optional parameter is of same type as optional parameter
        class func optionalBasicType<FieldType>(_ field: inout FieldType!, object: FieldType?) {
                   ^
/Users/runner/work/Potatso/Potatso/Pods/ObjectMapper/Sources/FromJSON.swift:68:13: error: invalid redeclaration of 'optionalObject(_:map:)'
        class func optionalObject<N: BaseMappable>(_ field: inout N!, map: Map) {
                   ^
/Users/runner/work/Potatso/Potatso/Pods/ObjectMapper/Sources/FromJSON.swift:59:13: note: 'optionalObject(_:map:)' previously declared here
        class func optionalObject<N: BaseMappable>(_ field: inout N?, map: Map) {
                   ^
/Users/runner/work/Potatso/Potatso/Pods/ObjectMapper/Sources/FromJSON.swift:59:13: note: 'optionalObject(_:map:)' previously declared here
        class func optionalObject<N: BaseMappable>(_ field: inout N?, map: Map) {
                   ^
/Users/runner/work/Potatso/Potatso/Pods/ObjectMapper/Sources/FromJSON.swift:68:13: note: implicitly unwrapped optional parameter is of same type as optional parameter
        class func optionalObject<N: BaseMappable>(_ field: inout N!, map: Map) {
                   ^
/Users/runner/work/Potatso/Potatso/Pods/ObjectMapper/Sources/FromJSON.swift:94:13: error: invalid redeclaration of 'optionalObjectArray(_:map:)'
        class func optionalObjectArray<N: BaseMappable>(_ field: inout Array<N>!, map: Map) {
                   ^
/Users/runner/work/Potatso/Potatso/Pods/ObjectMapper/Sources/FromJSON.swift:85:13: note: 'optionalObjectArray(_:map:)' previously declared here
        class func optionalObjectArray<N: BaseMappable>(_ field: inout Array<N>?, map: Map) {
                   ^
/Users/runner/work/Potatso/Potatso/Pods/ObjectMapper/Sources/FromJSON.swift:85:13: note: 'optionalObjectArray(_:map:)' previously declared here
        class func optionalObjectArray<N: BaseMappable>(_ field: inout Array<N>?, map: Map) {
                   ^
/Users/runner/work/Potatso/Potatso/Pods/ObjectMapper/Sources/FromJSON.swift:94:13: note: implicitly unwrapped optional parameter is of same type as optional parameter
        class func optionalObjectArray<N: BaseMappable>(_ field: inout Array<N>!, map: Map) {
                   ^
/Users/runner/work/Potatso/Potatso/Pods/ObjectMapper/Sources/FromJSON.swift:115:13: error: invalid redeclaration of 'optionalTwoDimensionalObjectArray(_:map:)'
        class func optionalTwoDimensionalObjectArray<N: BaseMappable>(_ field: inout Array<Array<N>>!, map: Map) {
                   ^
/Users/runner/work/Potatso/Potatso/Pods/ObjectMapper/Sources/FromJSON.swift:110:13: note: 'optionalTwoDimensionalObjectArray(_:map:)' previously declared here
        class func optionalTwoDimensionalObjectArray<N: BaseMappable>(_ field: inout Array<Array<N>>?, map: Map) {
                   ^
/Users/runner/work/Potatso/Potatso/Pods/ObjectMapper/Sources/FromJSON.swift:110:13: note: 'optionalTwoDimensionalObjectArray(_:map:)' previously declared here
        class func optionalTwoDimensionalObjectArray<N: BaseMappable>(_ field: inout Array<Array<N>>?, map: Map) {
                   ^
/Users/runner/work/Potatso/Potatso/Pods/ObjectMapper/Sources/FromJSON.swift:115:13: note: implicitly unwrapped optional parameter is of same type as optional parameter
        class func optionalTwoDimensionalObjectArray<N: BaseMappable>(_ field: inout Array<Array<N>>!, map: Map) {
                   ^
/Users/runner/work/Potatso/Potatso/Pods/ObjectMapper/Sources/FromJSON.swift:140:13: error: invalid redeclaration of 'optionalObjectDictionary(_:map:)'
        class func optionalObjectDictionary<N: BaseMappable>(_ field: inout Dictionary<String, N>!, map: Map) {
                   ^
/Users/runner/work/Potatso/Potatso/Pods/ObjectMapper/Sources/FromJSON.swift:131:13: note: 'optionalObjectDictionary(_:map:)' previously declared here
        class func optionalObjectDictionary<N: BaseMappable>(_ field: inout Dictionary<String, N>?, map: Map) {
                   ^
/Users/runner/work/Potatso/Potatso/Pods/ObjectMapper/Sources/FromJSON.swift:131:13: note: 'optionalObjectDictionary(_:map:)' previously declared here
        class func optionalObjectDictionary<N: BaseMappable>(_ field: inout Dictionary<String, N>?, map: Map) {
                   ^
/Users/runner/work/Potatso/Potatso/Pods/ObjectMapper/Sources/FromJSON.swift:140:13: note: implicitly unwrapped optional parameter is of same type as optional parameter
        class func optionalObjectDictionary<N: BaseMappable>(_ field: inout Dictionary<String, N>!, map: Map) {
                   ^
/Users/runner/work/Potatso/Potatso/Pods/ObjectMapper/Sources/FromJSON.swift:161:13: error: invalid redeclaration of 'optionalObjectDictionaryOfArrays(_:map:)'
        class func optionalObjectDictionaryOfArrays<N: BaseMappable>(_ field: inout Dictionary<String, [N]>!, map: Map) {
                   ^
/Users/runner/work/Potatso/Potatso/Pods/ObjectMapper/Sources/FromJSON.swift:156:13: note: 'optionalObjectDictionaryOfArrays(_:map:)' previously declared here
        class func optionalObjectDictionaryOfArrays<N: BaseMappable>(_ field: inout Dictionary<String, [N]>?, map: Map) {
                   ^
/Users/runner/work/Potatso/Potatso/Pods/ObjectMapper/Sources/FromJSON.swift:156:13: note: 'optionalObjectDictionaryOfArrays(_:map:)' previously declared here
        class func optionalObjectDictionaryOfArrays<N: BaseMappable>(_ field: inout Dictionary<String, [N]>?, map: Map) {
                   ^
/Users/runner/work/Potatso/Potatso/Pods/ObjectMapper/Sources/FromJSON.swift:161:13: note: implicitly unwrapped optional parameter is of same type as optional parameter
        class func optionalObjectDictionaryOfArrays<N: BaseMappable>(_ field: inout Dictionary<String, [N]>!, map: Map) {
                   ^
/Users/runner/work/Potatso/Potatso/Pods/ObjectMapper/Sources/FromJSON.swift:178:13: error: invalid redeclaration of 'optionalObjectSet(_:map:)'
        class func optionalObjectSet<N: BaseMappable>(_ field: inout Set<N>!, map: Map) {
                   ^
/Users/runner/work/Potatso/Potatso/Pods/ObjectMapper/Sources/FromJSON.swift:173:13: note: 'optionalObjectSet(_:map:)' previously declared here
        class func optionalObjectSet<N: BaseMappable>(_ field: inout Set<N>?, map: Map) {
                   ^
/Users/runner/work/Potatso/Potatso/Pods/ObjectMapper/Sources/FromJSON.swift:173:13: note: 'optionalObjectSet(_:map:)' previously declared here
        class func optionalObjectSet<N: BaseMappable>(_ field: inout Set<N>?, map: Map) {
                   ^
/Users/runner/work/Potatso/Potatso/Pods/ObjectMapper/Sources/FromJSON.swift:178:13: note: implicitly unwrapped optional parameter is of same type as optional parameter
        class func optionalObjectSet<N: BaseMappable>(_ field: inout Set<N>!, map: Map) {
                   ^
/Users/runner/work/Potatso/Potatso/Pods/ObjectMapper/Sources/HexColorTransform.swift:37:22: error: 'characters' is unavailable: Please use String directly
                                let index = rgba.characters.index(rgba.startIndex, offsetBy: 1)
                                                 ^~~~~~~~~~
Swift.String:5:16: note: 'characters' was obsoleted in Swift 5.0
    public var characters: String { get set }
               ^
/Users/runner/work/Potatso/Potatso/Pods/ObjectMapper/Sources/HexColorTransform.swift:81:16: error: 'characters' is unavailable: Please use String directly
                        switch (hex.characters.count) {
                                    ^~~~~~~~~~
Swift.String:5:16: note: 'characters' was obsoleted in Swift 5.0
    public var characters: String { get set }
               ^
/Users/runner/work/Potatso/Potatso/Pods/ObjectMapper/Sources/Operators.swift:80:13: error: invalid redeclaration of '<-'
public func <- <T>(left: inout T!, right: Map) {
            ^
/Users/runner/work/Potatso/Potatso/Pods/ObjectMapper/Sources/Operators.swift:62:13: note: '<-' previously declared here
public func <- <T>(left: inout T?, right: Map) {
            ^
/Users/runner/work/Potatso/Potatso/Pods/ObjectMapper/Sources/Operators.swift:62:13: note: '<-' previously declared here
public func <- <T>(left: inout T?, right: Map) {
            ^
/Users/runner/work/Potatso/Potatso/Pods/ObjectMapper/Sources/Operators.swift:80:13: note: implicitly unwrapped optional parameter is of same type as optional parameter
public func <- <T>(left: inout T!, right: Map) {
            ^
/Users/runner/work/Potatso/Potatso/Pods/ObjectMapper/Sources/Operators.swift:128:13: error: invalid redeclaration of '<-'
public func <- <T: BaseMappable>(left: inout T!, right: Map) {
            ^
/Users/runner/work/Potatso/Potatso/Pods/ObjectMapper/Sources/Operators.swift:110:13: note: '<-' previously declared here
public func <- <T: BaseMappable>(left: inout T?, right: Map) {
            ^
/Users/runner/work/Potatso/Potatso/Pods/ObjectMapper/Sources/Operators.swift:110:13: note: '<-' previously declared here
public func <- <T: BaseMappable>(left: inout T?, right: Map) {
            ^
/Users/runner/work/Potatso/Potatso/Pods/ObjectMapper/Sources/Operators.swift:128:13: note: implicitly unwrapped optional parameter is of same type as optional parameter
public func <- <T: BaseMappable>(left: inout T!, right: Map) {
            ^
/Users/runner/work/Potatso/Potatso/Pods/ObjectMapper/Sources/Operators.swift:177:13: error: invalid redeclaration of '<-'
public func <- <T: BaseMappable>(left: inout Dictionary<String, T>!, right: Map) {
            ^
/Users/runner/work/Potatso/Potatso/Pods/ObjectMapper/Sources/Operators.swift:159:13: note: '<-' previously declared here
public func <- <T: BaseMappable>(left: inout Dictionary<String, T>?, right: Map) {
            ^
/Users/runner/work/Potatso/Potatso/Pods/ObjectMapper/Sources/Operators.swift:159:13: note: '<-' previously declared here
public func <- <T: BaseMappable>(left: inout Dictionary<String, T>?, right: Map) {
            ^
/Users/runner/work/Potatso/Potatso/Pods/ObjectMapper/Sources/Operators.swift:177:13: note: implicitly unwrapped optional parameter is of same type as optional parameter
public func <- <T: BaseMappable>(left: inout Dictionary<String, T>!, right: Map) {
            ^
/Users/runner/work/Potatso/Potatso/Pods/ObjectMapper/Sources/Operators.swift:223:13: error: invalid redeclaration of '<-'
public func <- <T: BaseMappable>(left: inout Dictionary<String, [T]>!, right: Map) {
            ^
/Users/runner/work/Potatso/Potatso/Pods/ObjectMapper/Sources/Operators.swift:205:13: note: '<-' previously declared here
public func <- <T: BaseMappable>(left: inout Dictionary<String, [T]>?, right: Map) {
            ^
/Users/runner/work/Potatso/Potatso/Pods/ObjectMapper/Sources/Operators.swift:205:13: note: '<-' previously declared here
public func <- <T: BaseMappable>(left: inout Dictionary<String, [T]>?, right: Map) {
            ^
/Users/runner/work/Potatso/Potatso/Pods/ObjectMapper/Sources/Operators.swift:223:13: note: implicitly unwrapped optional parameter is of same type as optional parameter
public func <- <T: BaseMappable>(left: inout Dictionary<String, [T]>!, right: Map) {
            ^
/Users/runner/work/Potatso/Potatso/Pods/ObjectMapper/Sources/Operators.swift:271:13: error: invalid redeclaration of '<-'
public func <- <T: BaseMappable>(left: inout Array<T>!, right: Map) {
            ^
/Users/runner/work/Potatso/Potatso/Pods/ObjectMapper/Sources/Operators.swift:253:13: note: '<-' previously declared here
public func <- <T: BaseMappable>(left: inout Array<T>?, right: Map) {
            ^
/Users/runner/work/Potatso/Potatso/Pods/ObjectMapper/Sources/Operators.swift:253:13: note: '<-' previously declared here
public func <- <T: BaseMappable>(left: inout Array<T>?, right: Map) {
            ^
/Users/runner/work/Potatso/Potatso/Pods/ObjectMapper/Sources/Operators.swift:271:13: note: implicitly unwrapped optional parameter is of same type as optional parameter
public func <- <T: BaseMappable>(left: inout Array<T>!, right: Map) {
            ^
/Users/runner/work/Potatso/Potatso/Pods/ObjectMapper/Sources/Operators.swift:320:13: error: invalid redeclaration of '<-'
public func <- <T: BaseMappable>(left: inout Array<Array<T>>!, right: Map) {
            ^
/Users/runner/work/Potatso/Potatso/Pods/ObjectMapper/Sources/Operators.swift:302:13: note: '<-' previously declared here
public func <- <T: BaseMappable>(left:inout Array<Array<T>>?, right: Map) {
            ^
/Users/runner/work/Potatso/Potatso/Pods/ObjectMapper/Sources/Operators.swift:302:13: note: '<-' previously declared here
public func <- <T: BaseMappable>(left:inout Array<Array<T>>?, right: Map) {
            ^
/Users/runner/work/Potatso/Potatso/Pods/ObjectMapper/Sources/Operators.swift:320:13: note: implicitly unwrapped optional parameter is of same type as optional parameter
public func <- <T: BaseMappable>(left: inout Array<Array<T>>!, right: Map) {
            ^
/Users/runner/work/Potatso/Potatso/Pods/ObjectMapper/Sources/Operators.swift:369:13: error: invalid redeclaration of '<-'
public func <- <T: BaseMappable>(left: inout Set<T>!, right: Map) where T: Hashable {
            ^
/Users/runner/work/Potatso/Potatso/Pods/ObjectMapper/Sources/Operators.swift:351:13: note: '<-' previously declared here
public func <- <T: BaseMappable>(left: inout Set<T>?, right: Map) where T: Hashable, T: Hashable {
            ^
/Users/runner/work/Potatso/Potatso/Pods/ObjectMapper/Sources/Operators.swift:351:13: note: '<-' previously declared here
public func <- <T: BaseMappable>(left: inout Set<T>?, right: Map) where T: Hashable, T: Hashable {
            ^
/Users/runner/work/Potatso/Potatso/Pods/ObjectMapper/Sources/Operators.swift:369:13: note: implicitly unwrapped optional parameter is of same type as optional parameter
public func <- <T: BaseMappable>(left: inout Set<T>!, right: Map) where T: Hashable {
            ^
/Users/runner/work/Potatso/Potatso/Pods/ObjectMapper/Sources/ToJSON.swift:44:88: error: 'CharacterView' is unavailable: Please use String directly
private func setValue(_ value: Any, forKeyPathComponents components: ArraySlice<String.CharacterView.SubSequence>, dictionary: inout [String : Any]) {
                                                                                       ^~~~~~~~~~~~~
Swift.String:3:22: note: 'CharacterView' was obsoleted in Swift 5.0
    public typealias CharacterView = String
                     ^
/Users/runner/work/Potatso/Potatso/Pods/ObjectMapper/Sources/ToJSON.swift:37:105: error: 'characters' is unavailable: Please use String directly
                let keyComponents = ArraySlice(key.components(separatedBy: delimiter).filter { !$0.isEmpty }.map { $0.characters })
                                                                                                                      ^~~~~~~~~~
Swift.String:5:16: note: 'characters' was obsoleted in Swift 5.0
    public var characters: String { get set }
               ^
/Users/runner/work/Potatso/Potatso/Pods/ObjectMapper/Sources/ToJSON.swift:38:41: error: cannot convert value of type 'ArraySlice<String>' to expected argument type 'ArraySlice<String.CharacterView.SubSequence>' (aka 'ArraySlice<Substring>')
                setValue(value, forKeyPathComponents: keyComponents, dictionary: &dictionary)
                                                      ^
/Users/runner/work/Potatso/Potatso/Pods/ObjectMapper/Sources/ToJSON.swift:38:41: note: arguments to generic parameter 'Element' ('String' and 'String.CharacterView.SubSequence' (aka 'Substring')) are expected to be equal
                setValue(value, forKeyPathComponents: keyComponents, dictionary: &dictionary)
                                                      ^
/Users/runner/work/Potatso/Potatso/Pods/ObjectMapper/Sources/TransformOperators.swift:58:13: error: invalid redeclaration of '<-'
public func <- <Transform: TransformType>(left: inout Transform.Object!, right: (Map, Transform)) {
            ^
/Users/runner/work/Potatso/Potatso/Pods/ObjectMapper/Sources/TransformOperators.swift:36:13: note: '<-' previously declared here
public func <- <Transform: TransformType>(left: inout Transform.Object?, right: (Map, Transform)) {
            ^
/Users/runner/work/Potatso/Potatso/Pods/ObjectMapper/Sources/TransformOperators.swift:36:13: note: '<-' previously declared here
public func <- <Transform: TransformType>(left: inout Transform.Object?, right: (Map, Transform)) {
            ^
/Users/runner/work/Potatso/Potatso/Pods/ObjectMapper/Sources/TransformOperators.swift:58:13: note: implicitly unwrapped optional parameter is of same type as optional parameter
public func <- <Transform: TransformType>(left: inout Transform.Object!, right: (Map, Transform)) {
            ^
/Users/runner/work/Potatso/Potatso/Pods/ObjectMapper/Sources/TransformOperators.swift:115:13: error: invalid redeclaration of '<-'
public func <- <Transform: TransformType>(left: inout [Transform.Object]!, right: (Map, Transform)) {
            ^
/Users/runner/work/Potatso/Potatso/Pods/ObjectMapper/Sources/TransformOperators.swift:93:13: note: '<-' previously declared here
public func <- <Transform: TransformType>(left: inout [Transform.Object]?, right: (Map, Transform)) {
            ^
/Users/runner/work/Potatso/Potatso/Pods/ObjectMapper/Sources/TransformOperators.swift:93:13: note: '<-' previously declared here
public func <- <Transform: TransformType>(left: inout [Transform.Object]?, right: (Map, Transform)) {
            ^
/Users/runner/work/Potatso/Potatso/Pods/ObjectMapper/Sources/TransformOperators.swift:115:13: note: implicitly unwrapped optional parameter is of same type as optional parameter
public func <- <Transform: TransformType>(left: inout [Transform.Object]!, right: (Map, Transform)) {
            ^
/Users/runner/work/Potatso/Potatso/Pods/ObjectMapper/Sources/TransformOperators.swift:172:13: error: invalid redeclaration of '<-'
public func <- <Transform: TransformType>(left: inout [String: Transform.Object]!, right: (Map, Transform)) {
            ^
/Users/runner/work/Potatso/Potatso/Pods/ObjectMapper/Sources/TransformOperators.swift:150:13: note: '<-' previously declared here
public func <- <Transform: TransformType>(left: inout [String: Transform.Object]?, right: (Map, Transform)) {
            ^
/Users/runner/work/Potatso/Potatso/Pods/ObjectMapper/Sources/TransformOperators.swift:150:13: note: '<-' previously declared here
public func <- <Transform: TransformType>(left: inout [String: Transform.Object]?, right: (Map, Transform)) {
            ^
/Users/runner/work/Potatso/Potatso/Pods/ObjectMapper/Sources/TransformOperators.swift:172:13: note: implicitly unwrapped optional parameter is of same type as optional parameter
public func <- <Transform: TransformType>(left: inout [String: Transform.Object]!, right: (Map, Transform)) {
            ^
/Users/runner/work/Potatso/Potatso/Pods/ObjectMapper/Sources/TransformOperators.swift:231:13: error: invalid redeclaration of '<-'
public func <- <Transform: TransformType>(left: inout Transform.Object!, right: (Map, Transform)) where Transform.Object: BaseMappable {
            ^
/Users/runner/work/Potatso/Potatso/Pods/ObjectMapper/Sources/TransformOperators.swift:209:13: note: '<-' previously declared here
public func <- <Transform: TransformType>(left: inout Transform.Object?, right: (Map, Transform)) where Transform.Object: BaseMappable {
            ^
/Users/runner/work/Potatso/Potatso/Pods/ObjectMapper/Sources/TransformOperators.swift:209:13: note: '<-' previously declared here
public func <- <Transform: TransformType>(left: inout Transform.Object?, right: (Map, Transform)) where Transform.Object: BaseMappable {
            ^
/Users/runner/work/Potatso/Potatso/Pods/ObjectMapper/Sources/TransformOperators.swift:231:13: note: implicitly unwrapped optional parameter is of same type as optional parameter
public func <- <Transform: TransformType>(left: inout Transform.Object!, right: (Map, Transform)) where Transform.Object: BaseMappable {
            ^
/Users/runner/work/Potatso/Potatso/Pods/ObjectMapper/Sources/TransformOperators.swift:288:13: error: invalid redeclaration of '<-'
public func <- <Transform: TransformType>(left: inout Dictionary<String, Transform.Object>!, right: (Map, Transform)) where Transform.Object: BaseMappable {
            ^
/Users/runner/work/Potatso/Potatso/Pods/ObjectMapper/Sources/TransformOperators.swift:268:13: note: '<-' previously declared here
public func <- <Transform: TransformType>(left: inout Dictionary<String, Transform.Object>?, right: (Map, Transform)) where Transform.Object: BaseMappable {
            ^
/Users/runner/work/Potatso/Potatso/Pods/ObjectMapper/Sources/TransformOperators.swift:268:13: note: '<-' previously declared here
public func <- <Transform: TransformType>(left: inout Dictionary<String, Transform.Object>?, right: (Map, Transform)) where Transform.Object: BaseMappable {
            ^
/Users/runner/work/Potatso/Potatso/Pods/ObjectMapper/Sources/TransformOperators.swift:288:13: note: implicitly unwrapped optional parameter is of same type as optional parameter
public func <- <Transform: TransformType>(left: inout Dictionary<String, Transform.Object>!, right: (Map, Transform)) where Transform.Object: BaseMappable {
            ^
/Users/runner/work/Potatso/Potatso/Pods/ObjectMapper/Sources/TransformOperators.swift:369:13: error: invalid redeclaration of '<-'
public func <- <Transform: TransformType>(left: inout Dictionary<String, [Transform.Object]>!, right: (Map, Transform)) where Transform.Object: BaseMappable {
            ^
/Users/runner/work/Potatso/Potatso/Pods/ObjectMapper/Sources/TransformOperators.swift:333:13: note: '<-' previously declared here
public func <- <Transform: TransformType>(left: inout Dictionary<String, [Transform.Object]>?, right: (Map, Transform)) where Transform.Object: BaseMappable {
            ^
/Users/runner/work/Potatso/Potatso/Pods/ObjectMapper/Sources/TransformOperators.swift:333:13: note: '<-' previously declared here
public func <- <Transform: TransformType>(left: inout Dictionary<String, [Transform.Object]>?, right: (Map, Transform)) where Transform.Object: BaseMappable {
            ^
/Users/runner/work/Potatso/Potatso/Pods/ObjectMapper/Sources/TransformOperators.swift:369:13: note: implicitly unwrapped optional parameter is of same type as optional parameter
public func <- <Transform: TransformType>(left: inout Dictionary<String, [Transform.Object]>!, right: (Map, Transform)) where Transform.Object: BaseMappable {
            ^
/Users/runner/work/Potatso/Potatso/Pods/ObjectMapper/Sources/TransformOperators.swift:436:13: error: invalid redeclaration of '<-'
public func <- <Transform: TransformType>(left: inout Array<Transform.Object>!, right: (Map, Transform)) where Transform.Object: BaseMappable {
            ^
/Users/runner/work/Potatso/Potatso/Pods/ObjectMapper/Sources/TransformOperators.swift:414:13: note: '<-' previously declared here
public func <- <Transform: TransformType>(left: inout Array<Transform.Object>?, right: (Map, Transform)) where Transform.Object: BaseMappable {
            ^
/Users/runner/work/Potatso/Potatso/Pods/ObjectMapper/Sources/TransformOperators.swift:414:13: note: '<-' previously declared here
public func <- <Transform: TransformType>(left: inout Array<Transform.Object>?, right: (Map, Transform)) where Transform.Object: BaseMappable {
            ^
/Users/runner/work/Potatso/Potatso/Pods/ObjectMapper/Sources/TransformOperators.swift:436:13: note: implicitly unwrapped optional parameter is of same type as optional parameter
public func <- <Transform: TransformType>(left: inout Array<Transform.Object>!, right: (Map, Transform)) where Transform.Object: BaseMappable {
            ^
/Users/runner/work/Potatso/Potatso/Pods/ObjectMapper/Sources/TransformOperators.swift:499:13: error: invalid redeclaration of '<-'
public func <- <Transform: TransformType>(left: inout Array<Array<Transform.Object>>!, right: (Map, Transform)) where Transform.Object: BaseMappable {
            ^
/Users/runner/work/Potatso/Potatso/Pods/ObjectMapper/Sources/TransformOperators.swift:475:13: note: '<-' previously declared here
public func <- <Transform: TransformType>(left:inout Array<Array<Transform.Object>>?, right: (Map, Transform)) where Transform.Object: BaseMappable {
            ^
/Users/runner/work/Potatso/Potatso/Pods/ObjectMapper/Sources/TransformOperators.swift:475:13: note: '<-' previously declared here
public func <- <Transform: TransformType>(left:inout Array<Array<Transform.Object>>?, right: (Map, Transform)) where Transform.Object: BaseMappable {
            ^
/Users/runner/work/Potatso/Potatso/Pods/ObjectMapper/Sources/TransformOperators.swift:499:13: note: implicitly unwrapped optional parameter is of same type as optional parameter
public func <- <Transform: TransformType>(left: inout Array<Array<Transform.Object>>!, right: (Map, Transform)) where Transform.Object: BaseMappable {
            ^
/Users/runner/work/Potatso/Potatso/Pods/ObjectMapper/Sources/TransformOperators.swift:562:13: error: invalid redeclaration of '<-'
public func <- <Transform: TransformType>(left: inout Set<Transform.Object>!, right: (Map, Transform)) where Transform.Object: Hashable & BaseMappable {
            ^
/Users/runner/work/Potatso/Potatso/Pods/ObjectMapper/Sources/TransformOperators.swift:537:13: note: '<-' previously declared here
public func <- <Transform: TransformType>(left: inout Set<Transform.Object>?, right: (Map, Transform)) where Transform.Object: Hashable & BaseMappable {
            ^
/Users/runner/work/Potatso/Potatso/Pods/ObjectMapper/Sources/TransformOperators.swift:537:13: note: '<-' previously declared here
public func <- <Transform: TransformType>(left: inout Set<Transform.Object>?, right: (Map, Transform)) where Transform.Object: Hashable & BaseMappable {
            ^
/Users/runner/work/Potatso/Potatso/Pods/ObjectMapper/Sources/TransformOperators.swift:562:13: note: implicitly unwrapped optional parameter is of same type as optional parameter
public func <- <Transform: TransformType>(left: inout Set<Transform.Object>!, right: (Map, Transform)) where Transform.Object: Hashable & BaseMappable {
            ^

SwiftDriverJobDiscovery normal arm64 Compiling Localized.swift, InfoInternal.swift (in target 'PotatsoBase' from project 'Potatso')

SwiftMergeGeneratedHeaders /Users/runner/work/_temp/build/DerivedData/Build/Intermediates.noindex/ArchiveIntermediates/Potatso/IntermediateBuildFilesPath/UninstalledProducts/iphoneos/SwiftColor.framework/Headers/SwiftColor-Swift.h /Users/runner/work/_temp/build/DerivedData/Build/Intermediates.noindex/ArchiveIntermediates/Potatso/IntermediateBuildFilesPath/Pods.build/Release-iphoneos/SwiftColor.build/Objects-normal/arm64/SwiftColor-Swift.h (in target 'SwiftColor' from project 'Pods')
    cd /Users/runner/work/Potatso/Potatso/Pods
    builtin-swiftHeaderTool -arch arm64 /Users/runner/work/_temp/build/DerivedData/Build/Intermediates.noindex/ArchiveIntermediates/Potatso/IntermediateBuildFilesPath/Pods.build/Release-iphoneos/SwiftColor.build/Objects-normal/arm64/SwiftColor-Swift.h -o /Users/runner/work/_temp/build/DerivedData/Build/Intermediates.noindex/ArchiveIntermediates/Potatso/IntermediateBuildFilesPath/UninstalledProducts/iphoneos/SwiftColor.framework/Headers/SwiftColor-Swift.h

Copy /Users/runner/work/_temp/build/DerivedData/Build/Intermediates.noindex/ArchiveIntermediates/Potatso/IntermediateBuildFilesPath/UninstalledProducts/iphoneos/SwiftColor.framework/Modules/SwiftColor.swiftmodule/arm64-apple-ios.swiftmodule /Users/runner/work/_temp/build/DerivedData/Build/Intermediates.noindex/ArchiveIntermediates/Potatso/IntermediateBuildFilesPath/Pods.build/Release-iphoneos/SwiftColor.build/Objects-normal/arm64/SwiftColor.swiftmodule (in target 'SwiftColor' from project 'Pods')
    cd /Users/runner/work/Potatso/Potatso/Pods
    builtin-copy -exclude .DS_Store -exclude CVS -exclude .svn -exclude .git -exclude .hg -resolve-src-symlinks -rename /Users/runner/work/_temp/build/DerivedData/Build/Intermediates.noindex/ArchiveIntermediates/Potatso/IntermediateBuildFilesPath/Pods.build/Release-iphoneos/SwiftColor.build/Objects-normal/arm64/SwiftColor.swiftmodule /Users/runner/work/_temp/build/DerivedData/Build/Intermediates.noindex/ArchiveIntermediates/Potatso/IntermediateBuildFilesPath/UninstalledProducts/iphoneos/SwiftColor.framework/Modules/SwiftColor.swiftmodule/arm64-apple-ios.swiftmodule

Copy /Users/runner/work/_temp/build/DerivedData/Build/Intermediates.noindex/ArchiveIntermediates/Potatso/IntermediateBuildFilesPath/UninstalledProducts/iphoneos/SwiftColor.framework/Modules/SwiftColor.swiftmodule/arm64-apple-ios.swiftdoc /Users/runner/work/_temp/build/DerivedData/Build/Intermediates.noindex/ArchiveIntermediates/Potatso/IntermediateBuildFilesPath/Pods.build/Release-iphoneos/SwiftColor.build/Objects-normal/arm64/SwiftColor.swiftdoc (in target 'SwiftColor' from project 'Pods')
    cd /Users/runner/work/Potatso/Potatso/Pods
    builtin-copy -exclude .DS_Store -exclude CVS -exclude .svn -exclude .git -exclude .hg -resolve-src-symlinks -rename /Users/runner/work/_temp/build/DerivedData/Build/Intermediates.noindex/ArchiveIntermediates/Potatso/IntermediateBuildFilesPath/Pods.build/Release-iphoneos/SwiftColor.build/Objects-normal/arm64/SwiftColor.swiftdoc /Users/runner/work/_temp/build/DerivedData/Build/Intermediates.noindex/ArchiveIntermediates/Potatso/IntermediateBuildFilesPath/UninstalledProducts/iphoneos/SwiftColor.framework/Modules/SwiftColor.swiftmodule/arm64-apple-ios.swiftdoc

/Users/runner/work/Potatso/Potatso/Potatso.xcodeproj: warning: The iOS deployment target 'IPHONEOS_DEPLOYMENT_TARGET' is set to 9.0, but the range of supported deployment target versions is 12.0 to 17.5.99. (in target 'TodayWidget' from project 'Potatso')
warning: Run script build phase 'Framework Hack' will be run during every build because it does not specify any outputs. To address this warning, either add output dependencies to the script phase, or configure it to run in every build by unchecking "Based on dependency analysis" in the script phase. (in target 'TodayWidget' from project 'Potatso')
/Users/runner/work/Potatso/Potatso/Library/ShadowPath/ShadowPath.xcodeproj: warning: The iOS deployment target 'IPHONEOS_DEPLOYMENT_TARGET' is set to 9.3, but the range of supported deployment target versions is 12.0 to 17.5.99. (in target 'ShadowPath' from project 'ShadowPath')
/Users/runner/work/Potatso/Potatso/Potatso.xcodeproj: warning: The iOS deployment target 'IPHONEOS_DEPLOYMENT_TARGET' is set to 9.0, but the range of supported deployment target versions is 12.0 to 17.5.99. (in target 'PotatsoModel' from project 'Potatso')
warning: Run script build phase 'Framework Hack' will be run during every build because it does not specify any outputs. To address this warning, either add output dependencies to the script phase, or configure it to run in every build by unchecking "Based on dependency analysis" in the script phase. (in target 'PotatsoModel' from project 'Potatso')
/Users/runner/work/Potatso/Potatso/Potatso.xcodeproj: warning: The iOS deployment target 'IPHONEOS_DEPLOYMENT_TARGET' is set to 9.0, but the range of supported deployment target versions is 12.0 to 17.5.99. (in target 'PotatsoLibrary' from project 'Potatso')
/Users/runner/work/Potatso/Potatso/Potatso.xcodeproj: warning: The iOS deployment target 'IPHONEOS_DEPLOYMENT_TARGET' is set to 9.0, but the range of supported deployment target versions is 12.0 to 17.5.99. (in target 'PotatsoBase' from project 'Potatso')
/Users/runner/work/Potatso/Potatso/Potatso.xcodeproj: warning: The iOS deployment target 'IPHONEOS_DEPLOYMENT_TARGET' is set to 9.0, but the range of supported deployment target versions is 12.0 to 17.5.99. (in target 'Potatso' from project 'Potatso')
warning: Run script build phase 'Confidential' will be run during every build because it does not specify any outputs. To address this warning, either add output dependencies to the script phase, or configure it to run in every build by unchecking "Based on dependency analysis" in the script phase. (in target 'Potatso' from project 'Potatso')
warning: Run script build phase 'Custom Data' will be run during every build because it does not specify any outputs. To address this warning, either add output dependencies to the script phase, or configure it to run in every build by unchecking "Based on dependency analysis" in the script phase. (in target 'Potatso' from project 'Potatso')
/Users/runner/work/Potatso/Potatso/Potatso.xcodeproj: warning: The iOS deployment target 'IPHONEOS_DEPLOYMENT_TARGET' is set to 9.0, but the range of supported deployment target versions is 12.0 to 17.5.99. (in target 'PacketTunnel' from project 'Potatso')
warning: Run script build phase 'Framework Hack' will be run during every build because it does not specify any outputs. To address this warning, either add output dependencies to the script phase, or configure it to run in every build by unchecking "Based on dependency analysis" in the script phase. (in target 'PacketTunnel' from project 'Potatso')
/Users/runner/work/Potatso/Potatso/Potatso.xcodeproj: warning: The iOS deployment target 'IPHONEOS_DEPLOYMENT_TARGET' is set to 9.0, but the range of supported deployment target versions is 12.0 to 17.5.99. (in target 'PacketProcessor' from project 'Potatso')
warning: Run script build phase 'Create Symlinks to Header Folders' will be run during every build because it does not specify any outputs. To address this warning, either add output dependencies to the script phase, or configure it to run in every build by unchecking "Based on dependency analysis" in the script phase. (in target 'Realm' from project 'Pods')
** ARCHIVE FAILED **


The following build commands failed:
	SwiftCompile normal arm64 Compiling\ CustomDateFormatTransform.swift,\ DataTransform.swift,\ DateFormatterTransform.swift,\ DateTransform.swift,\ DictionaryTransform.swift,\ EnumOperators.swift,\ EnumTransform.swift,\ FromJSON.swift,\ HexColorTransform.swift,\ ImmutableMappable.swift,\ ISO8601DateTransform.swift,\ Map.swift,\ MapError.swift,\ Mappable.swift,\ Mapper.swift,\ NSDecimalNumberTransform.swift,\ Operators.swift,\ ToJSON.swift,\ TransformOf.swift,\ TransformOperators.swift,\ TransformType.swift,\ URLTransform.swift /Users/runner/work/Potatso/Potatso/Pods/ObjectMapper/Sources/CustomDateFormatTransform.swift /Users/runner/work/Potatso/Potatso/Pods/ObjectMapper/Sources/DataTransform.swift /Users/runner/work/Potatso/Potatso/Pods/ObjectMapper/Sources/DateFormatterTransform.swift /Users/runner/work/Potatso/Potatso/Pods/ObjectMapper/Sources/DateTransform.swift /Users/runner/work/Potatso/Potatso/Pods/ObjectMapper/Sources/DictionaryTransform.swift /Users/runner/work/Potatso/Potatso/Pods/ObjectMapper/Sources/EnumOperators.swift /Users/runner/work/Potatso/Potatso/Pods/ObjectMapper/Sources/EnumTransform.swift /Users/runner/work/Potatso/Potatso/Pods/ObjectMapper/Sources/FromJSON.swift /Users/runner/work/Potatso/Potatso/Pods/ObjectMapper/Sources/HexColorTransform.swift /Users/runner/work/Potatso/Potatso/Pods/ObjectMapper/Sources/ImmutableMappable.swift /Users/runner/work/Potatso/Potatso/Pods/ObjectMapper/Sources/ISO8601DateTransform.swift /Users/runner/work/Potatso/Potatso/Pods/ObjectMapper/Sources/Map.swift /Users/runner/work/Potatso/Potatso/Pods/ObjectMapper/Sources/MapError.swift /Users/runner/work/Potatso/Potatso/Pods/ObjectMapper/Sources/Mappable.swift /Users/runner/work/Potatso/Potatso/Pods/ObjectMapper/Sources/Mapper.swift /Users/runner/work/Potatso/Potatso/Pods/ObjectMapper/Sources/NSDecimalNumberTransform.swift /Users/runner/work/Potatso/Potatso/Pods/ObjectMapper/Sources/Operators.swift /Users/runner/work/Potatso/Potatso/Pods/ObjectMapper/Sources/ToJSON.swift /Users/runner/work/Potatso/Potatso/Pods/ObjectMapper/Sources/TransformOf.swift /Users/runner/work/Potatso/Potatso/Pods/ObjectMapper/Sources/TransformOperators.swift /Users/runner/work/Potatso/Potatso/Pods/ObjectMapper/Sources/TransformType.swift /Users/runner/work/Potatso/Potatso/Pods/ObjectMapper/Sources/URLTransform.swift (in target 'ObjectMapper' from project 'Pods')
	CompileSwift normal arm64 (in target 'ObjectMapper' from project 'Pods')
(2 failures)
